连云港两个桃子网络科技有限公司,2年,lygsp04.daili,liangliang8.wang,2022-02-19 10:03:55,
连云港惠氏课外教育培训有限公司,2年,lygsp04.daili,7,,
天津新速达信息技术有限公司,,lygsp04.daili,tjxin.li,2022-02-18 16:59:13,非连云港地区
天津便利达快递服务有限公司,,lygsp04.daili,tjxin.li,2022-02-18 17:26:22,非连云港地区
南通中集特种运输设备制造有限公司,,lygsp04.daili,深圳关联库,2021-04-27 15:12:22,非连云港地区
连云港雷战网络技术有限公司,,lygsp04.daili,4,2021-12-10 14:34:36,
江苏江铨贸易有限公司,1年,lygsp04.daili,2,2019-11-04 18:36:40,
连云港广津合商贸有限公司,2年,lygsp04.daili,4,2022-02-17 15:41:56,
海州区星秀文化广告传媒工作室,1年,lygsp04.daili,无,,
海州区新桥社区润吉汽车经营部,1年,lygsp04.daili,无,,
上海开程能源（集团）有限公司连云港分公司,1年,lygsp04.daili,9,,
兴隆鲜果园,3年,lygsp04.daili,无,,
连云港市宇润暖通科技有限公司,2年,lygsp04.daili,无,,
江苏华阳照明工程有限公司,3年,lygsp04.daili,2,2021-06-21 09:15:13,
江苏飓风医疗器械有限公司,1年,lygsp04.daili,0,2022-02-18 15:44:43,
江苏杨辉物业服务有限公司,3年,lygsp04.daili,yingchun.xia,2022-02-10 15:53:52,
连云港市卡卡体育发展有限公司,1年,lygsp04.daili,xiaoli.sun,2022-02-12 11:22:12,
连云港开发区人力资源开发有限公司,,lygsp04.daili,2,2022-01-05 09:57:38,
阳焱文化,,lygsp04.daili,无,,
连云港红玫瑰文化艺术发展有限公司,,lygsp04.daili,0,2020-12-21 13:48:44,
连云港博邦教育科技有限公司,1年,lygsp04.daili,4,,
连云港富龙达建材有限公司,1年,lygsp04.daili,7,,
南京七石物流有限公司,,lygsp04.daili,新呼活跃公库,2022-01-21 14:16:01,非连云港地区
连云港市港饮食品有限公司,3年,lygsp04.daili,7,2022-02-19 14:54:32,
连云港市若晨数码快印有限公司,4年,lygsp04.daili,7,2022-02-19 15:06:34,
连云港嘉明金服网络科技有限公司,1年,lygsp04.daili,7,2019-09-17 14:35:29,
南京德汇通信技术有限公司连云港分公司,1年,lygsp04.daili,7,,
赣榆区青口镇萃丽美容店,1年,lygsp04.daili,7,,
连云港百贸网络工程有限公司,6年,lygsp04.daili,4,2022-01-18 17:41:15,
连云港独酌商贸有限公司,1年,lygsp04.daili,无,,
连云港磐镇贸易有限公司,4年,lygsp04.daili,9,2022-01-17 17:20:16,
连云港逢源工程咨询有限公司,1年,lygsp04.daili,liangliang8.wang,2022-02-11 14:51:35,
连云港港之新电子科技有限公司,2年,lygsp04.daili,2,2021-08-17 15:52:52,
连云港青泽物流有限公司,2年,lygsp04.daili,9,2021-05-28 16:19:11,
连云港林有矿美容服务有限公司,1年,lygsp04.daili,3,2022-01-20 09:18:19,
连云港市亮吉商贸有限公司,3年,lygsp04.daili,8li.wang,2022-01-25 15:27:02,
海底捞,,lygsp04.daili,无,,
昆山七步健身服务有限公司,3年,lygsp04.daili,li.shuangshuang,2021-12-27 17:44:01,非连云港地区
连云港九秀文化艺术传媒有限公司,2年,lygsp04.daili,9,2020-10-26 10:36:03,
连云港市翔盛方通汽车销售有限公司,3年,lygsp04.daili,zhenpeng.cai,2022-01-13 10:43:58,
北京忆起来物流配送有限公司,1年,lygsp04.daili,无,,
江苏建院欧野科技有限公司,1年,lygsp04.daili,2,2021-12-07 10:01:32,非连云港地区
连云港市力德橡塑有限公司,,lygsp04.daili,无,,
连云港金宙工业科技有限公司,,lygsp04.daili,4,2021-05-25 14:41:25,
连云港市新浦区高丽苑烧烤城,1年,lygsp04.daili,无,,
连云港新念想餐饮管理有限公司,,lygsp04.daili,南呼待开发库,,
连云港诚庆网络科技有限公司,,lygsp04.daili,4,2021-01-04 14:09:47,
讯京物业管理（天津）有限公司,,lygsp04.daili,天津待开发库,,非连云港地区
连云港博杰工艺品有限公司,,lygsp04.daili,4,,
上海睿术汽车服务有限公司,,lygsp04.daili,上海待开发库,,非连云港地区
威海润彩物流有限公司,2年,lygsp04.daili,无,,
江苏省和泰电子科技有限公司,,lygsp04.daili,南呼江苏体验库,2017-10-21 14:41:01,非连云港地区
医药,,lygsp04.daili,无,,
荣成市宏真装卸有限公司,1年,lygsp04.daili,北呼山东体验库,2022-02-11 11:26:17,非连云港地区
连云港华杰教育咨询,,lygsp04.daili,无,,
江苏立鼎数码科技有限公司,1年,lygsp04.daili,wenxuan.zhao,2022-01-25 14:40:57,非连云港地区
连云港美居酒店管理有限公司,,lygsp04.daili,南呼无价值客户库,2018-09-19 16:07:49,
连云港研瀚企业管理咨询有限责任公司,,lygsp04.daili,0,2021-12-24 17:28:16,
江苏美腾建筑装饰工程有限公司,2年,lygsp04.daili,2,2021-12-10 17:27:17,
连云港凯安吊装运输有限公司,,lygsp04.daili,4,,
连云港高新区花果山街道学子驿站,,lygsp04.daili,4,,
凯硕电脑（苏州）有限公司,,lygsp04.daili,yi1.fu,2022-02-17 17:09:25,
连云区艺云舞蹈艺术培训中心,,lygsp04.daili,9,,
南京一站通速运有限公司,,lygsp04.daili,无,,
连云港若菲珠宝有限公司,,lygsp04.daili,9,2021-08-23 11:08:54,
沈阳蓝兴装卸有限公司,1年,lygsp04.daili,无,,
沭阳德聚瀚邦企业管理服务有限公司,,lygsp04.daili,南呼待审核库,2020-08-10 14:36:29,非连云港地区
连云港市烽光油脂科技有限公司,,lygsp04.daili,无,,
常州盛维建设工程有限公司,1年,lygsp04.daili,南呼待开发库,,非连云港地区
盘锦松腾物流有限公司,1年,lygsp04.daili,pjzp1.daili,,非连云港地区
常州新时代新能源有限公司,,lygsp04.daili,南呼无价值客户库,2016-09-23 10:40:51,非连云港地区
南京昊思人力资源有限公司,,lygsp04.daili,反欺诈黑名单库,2021-10-28 09:03:58,非连云港地区
江苏艾浦特新能源有限公司,1年,lygsp04.daili,5,2022-02-19 15:23:44,
成都前程易讯网络科技有限公司,,lygsp04.daili,letitia.li,2022-02-12 13:42:57,非连云港地区
中国大地财产保险股份有限公司宿迁中心支公司,1年,lygsp04.daili,sqxs6.daili,2022-02-07 17:45:05,非连云港地区
江苏坤和供应链管理有限公司,,lygsp04.daili,liangliang8.wang,2022-02-10 17:31:17,非连云港地区
东海县泓皓汽车服务有限公司,1年,lygsp04.daili,2,2021-12-01 10:17:05,
连云港齿铠甲口腔诊所有限公司,,lygsp04.daili,9,2022-02-19 15:01:05,
海州区柏叶浩食品经营部,,lygsp04.daili,无,,
连云港市圆周建筑装饰工程有限公司,,lygsp04.daili,5,2019-09-10 14:35:51,
赣榆区青口镇欣足道足浴店,1年,lygsp04.daili,南呼无价值客户库,2021-03-17 09:36:14,
连云港旷世广告有限公司,,lygsp04.daili,5,2022-02-19 15:13:19,
连云港玖天文化传媒有限公司,1年,lygsp04.daili,7,2022-02-19 11:49:12,
李希服饰店,1年,lygsp04.daili,无,,
海州区金敏美容店,1年,lygsp04.daili,无,,
蓝堡健身会所瓜沥店,3年,lygsp04.daili,无,,
连云港都市晨露美容,7年,lygsp04.daili,无,,
连云港启创铝制品制造有限公司,2年,lygsp04.daili,6wei.wang,2022-02-07 10:57:56,
连云港保真连锁超市有限公司,3年,lygsp04.daili,shuaimin.xu,2022-02-10 11:33:07,
连云港沐湾推拿足疗保健服务有限公司,1年,lygsp04.daili,9,,
海州区凡帝尼装饰建材贸易商行,7年,lygsp04.daili,无,,
连云港市永昌货物运输有限公司,2年,lygsp04.daili,无,,
连云港长菱联华汽车销售服务有限公司,3年,lygsp04.daili,wang.mingming,2022-02-10 13:41:18,
礼朵拉品牌策划,4年,lygsp04.daili,无,,
连云港拓海人力资源有限公司赣榆分公司,,lygsp04.daili,0,2022-02-19 16:03:11,
海州区淮海社区朱梓铭辣庄老火锅店,1年,lygsp04.daili,7,2022-02-19 14:03:50,
海州区河滨社区茗客居酒店,1年,lygsp04.daili,南呼无价值客户库,,
新浦经济开发区蓝灰红家具厂,2年,lygsp04.daili,无,,
连云港天宝银城娱乐有限公司,1年,lygsp04.daili,无,,
连云港领航汽车维修服务有限公司,2年,lygsp04.daili,0,2021-08-25 13:52:50,
江苏奥神新材料股份有限公司,2年,lygsp04.daili,无,,
上汽大通4S店,4年,lygsp04.daili,无,,
赣榆区赣马镇春姿利美容店,1年,lygsp04.daili,无,,
赣榆区青口镇青花餐饮店,1年,lygsp04.daili,无,,
连云港市恒通商务信息咨询有限公司,1年,lygsp04.daili,无,,
连云港任记状元餐饮管理有限公司,1年,lygsp04.daili,8,2022-02-19 14:51:59,
连云港金陵神州宾馆有限公司,1年,lygsp04.daili,8,2022-02-19 15:03:44,
连云港市海州区朗文外语培训中心,5年,lygsp04.daili,youmi.wang,2022-01-18 17:44:16,
连云港安叉工程机械销售有限公司,1年,lygsp04.daili,0,2019-12-19 09:34:19,
海州区利民社区召艳食品经营部,3年,lygsp04.daili,8,,
东海县安久珠宝商行,1年,lygsp04.daili,0,2020-11-09 18:57:34,
江苏春豪国际贸易有限公司,3年,lygsp04.daili,jing6.wang,2022-02-08 11:47:46,
高新区西凤社区侯凯小吃店,1年,lygsp04.daili,无,,
海州区贾圩社区乔美荣美容院,1年,lygsp04.daili,无,,
连云港启奥体育文化有限公司,1年,lygsp04.daili,zhuojun.chen,2022-02-07 16:01:36,
新浦区延东社区新时代大酒店,1年,lygsp04.daili,无,,
海州区禧彤柠檬工坊食品店,1年,lygsp04.daili,6zi.wang,2022-02-10 17:30:43,
中国人寿保险股份有限公司连云港市分公司新浦营业部,2年,lygsp04.daili,zhuojun.chen,2022-02-16 16:52:12,
江苏索亚建筑装饰新材料有限公司,1年,lygsp04.daili,wenfeng.jiang,2022-01-25 15:51:38,
连云港雨虹篷布制品有限公司,1年,lygsp04.daili,4,2022-02-17 15:29:33,
苏州阳光壹佰健身服务有限公司,3年,lygsp04.daili,meng1.lu,2022-02-18 15:26:12,非连云港地区
连云港开创网络科技有限公司,2年,lygsp04.daili,qiaoling.su,2022-02-14 09:51:08,
北京盛安邦保安服务有限公司,1年,lygsp04.daili,joey.liu,2022-02-09 18:02:40,非连云港地区
新浦区陇海东路李敏移动业务代理点,,lygsp04.daili,无,,
海州区九九灯具五交化经营部,,lygsp04.daili,0,,
富士康,,lygsp04.daili,无,,
苏州国盛人才服务有限公司,,lygsp04.daili,piao.yu,2022-02-14 10:21:12,非连云港地区
连云港乐忠贸易有限公司,,lygsp04.daili,4,2020-11-23 16:58:06,
立讯精密工业（江苏）有限公司,,lygsp04.daili,liangliang8.wang,2022-02-12 16:16:24,非连云港地区
连云港市思竹商贸有限公司,,lygsp04.daili,无,,
海州区仁康专科门诊部,,lygsp04.daili,无,,
连云港盈耀文化传媒有限公司,1年,lygsp04.daili,4,2021-05-13 10:50:41,
江西华才人力资源有限公司,,lygsp04.daili,yuu.cheng,2022-02-19 15:30:48,非连云港地区
连云港宏硕企业管理有限公司,1年,lygsp04.daili,无,,
海州区新风服装加工厂,,lygsp04.daili,无,,
连云港康硕企业管理有限公司,1年,lygsp04.daili,4,,
连云港观澜广告有限公司,,lygsp04.daili,南呼无价值客户库,2018-01-16 09:45:14,
高新区东河社区铭塑理发店,,lygsp04.daili,4,,非连云港地区
江苏尧天服饰有限公司,,lygsp04.daili,youmi.wang,2022-02-17 19:34:11,
日通国际物流（中国）有限公司,,lygsp04.daili,queenie.zhou,2022-02-17 18:11:10,非连云港地区
海州区月见你美容店,,lygsp04.daili,无,,
连云港拓英企业管理有限公司,,lygsp04.daili,1,2022-01-05 17:39:33,
海州区海宁社区宴江南餐饮店,,lygsp04.daili,无,,
连云港市优维商贸有限公司,,lygsp04.daili,8,2019-10-12 14:32:48,
连云港齐创信息技术有限公司,,lygsp04.daili,无,,
海州区远超机械配件加工厂,,lygsp04.daili,无,,
连云港宇创电子科技有限公司,,lygsp04.daili,无,,
浙江泛洋特种装配设备有限公司,,lygsp04.daili,无,,
连云区皙兰达皮肤管理经营部,,lygsp04.daili,8,,
中颖电子股份有限公司,,lygsp04.daili,kevin.liulin,2022-01-26 14:37:32,非连云港地区
新浦区巨龙社区小黄帽汽车用品经营部,,lygsp04.daili,无,,
连云港丽减美瘦吧咨询管理有限公司,,lygsp04.daili,无,,
连云港中讯网络科技有限公司,,lygsp04.daili,0,2020-04-29 14:48:27,
海州区常乐社区泽雨餐饮店,,lygsp04.daili,5,,
连云港电信海州城东支局,,lygsp04.daili,无,,
昆山世硕精密模具有限公司,,lygsp04.daili,苏州待开发库,,非连云港地区
蜂巢能源科技股份有限公司,,lygsp04.daili,ailsq.pan,2022-02-08 08:32:34,非连云港地区
连云港市睿颖商贸有限责任公司,,lygsp04.daili,2,2021-12-02 10:25:45,
奥托立夫（江苏）汽车安全零部件有限公司,,lygsp04.daili,paul.sun,2022-02-19 10:11:02,非连云港地区
连云港闪电优选供应链有限公司,1年,lygsp04.daili,5,,
荣成市安信装卸有限公司,2年,lygsp04.daili,无,,
宿迁民益人力资源有限公司沭阳分公司,,lygsp04.daili,南呼待开发库,,非连云港地区
徐州盛文贸易有限公司,3年,lygsp04.daili,xz11.daili,2022-02-09 14:09:27,非连云港地区
连云港群宏人力资源有限公司,,lygsp04.daili,5,,
连云港畅联网络科技有限公司,6年,lygsp04.daili,0,2022-02-18 17:57:35,
海州区宁青黛美容店,1年,lygsp04.daili,无,,
中国光大银行股份有限公司南京分行,,lygsp04.daili,xu.minmin,2022-02-08 14:20:03,非连云港地区
杭州蓝庭健身服务有限公司,3年,lygsp04.daili,xiang1.liu,2022-02-09 15:31:15,非连云港地区
江苏墨色建筑装饰工程有限公司,3年,lygsp04.daili,4,2020-09-15 17:11:06,
连云港赣榆恒盛玛钢有限责任公司,2年,lygsp04.daili,7,,
江苏佰美信息科技有限公司,1年,lygsp04.daili,5,,
海州区路北社区澳菲斯工艺品经营部,1年,lygsp04.daili,南呼江苏待开发库,2022-02-19 13:50:04,
连云港市天泰广告装饰有限公司,8年,lygsp04.daili,2,2020-10-22 17:05:20,
江苏宇田医药有限公司,1年,lygsp04.daili,youmi.wang,2022-02-08 17:48:42,
连云港苏宁置业有限公司苏宁索菲特酒店,7年,lygsp04.daili,0,2021-04-29 10:20:00,
连云港国鑫食用菌成套设备有限公司,1年,lygsp04.daili,南方呼叫中心关联库,2018-07-31 09:23:10,
上海为诚汽车租赁有限公司,,lygsp04.daili,上海体验库,2022-01-05 17:50:39,非连云港地区
连云区巴渔人酒店,1年,lygsp04.daili,无,,
苏州健生源医药连锁有限公司连云港万全堂药品大卖场,1年,lygsp04.daili,zhenpeng.cai,2022-02-17 11:30:30,
江苏康济大药房连锁有限公司,2年,lygsp04.daili,4,,
江苏百应信息技术有限公司,,lygsp04.daili,lyn.lin,2022-02-15 10:38:15,非连云港地区
连云港悦之家产后健康管理有限公司,1年,lygsp04.daili,7,2022-02-19 14:21:23,
海州区香江社区漫辣餐饮店,2年,lygsp04.daili,7,2022-02-19 14:24:22,
上海协方餐饮管理有限公司,1年,lygsp04.daili,上海待开发库,,非连云港地区
连云港市朗天商贸有限公司,1年,lygsp04.daili,miao2.zhang,2022-02-17 20:38:32,
海州区公园社区任立飞电动车经营部,4年,lygsp04.daili,7,2017-06-28 17:02:15,
连云港吉通网络工程有限公司,7年,lygsp04.daili,2,2021-09-27 15:00:35,
文石商贸,8年,lygsp04.daili,无,,
连云区皖南大院餐饮店,1年,lygsp04.daili,无,,
连云港市中庆电梯工程有限公司,4年,lygsp04.daili,2,2021-05-18 09:05:09,
连云港市海州区千手形象设计中心,2年,lygsp04.daili,7,,
江苏和记餐饮有限公司,6年,lygsp04.daili,7,2022-02-19 15:15:29,
艾颜（上海）生物科技有限公司,1年,lygsp04.daili,上海体验库,2021-12-23 09:56:13,非连云港地区
连云港浪潮文化娱乐有限公司,1年,lygsp04.daili,南呼江苏体验库,2022-02-19 15:21:10,
海州区辰尔康美容店,1年,lygsp04.daili,无,,
连云港港丰电子科技有限公司,2年,lygsp04.daili,2,2021-09-22 15:43:47,
海州区川匠保健按摩服务部,2年,lygsp04.daili,无,,
福建省尚云亿家居家工程有限公司连云港分公司,1年,lygsp04.daili,1,2021-10-21 11:59:15,
连云港润迪汽车销售服务有限公司,1年,lygsp04.daili,2,,
连云港新秀箱包有限公司,1年,lygsp04.daili,7,2022-01-06 11:28:29,
江苏荣升服务外包有限公司赣榆分公司,,lygsp04.daili,0,2021-04-02 16:11:58,
连云港海州区世缘汇商贸有限公司,1年,lygsp04.daili,7,,
海州区姝玲美容店,1年,lygsp04.daili,无,,
上海美皇文化传媒有限公司,,lygsp04.daili,上海体验库,2020-07-22 16:18:27,非连云港地区
广西普化企业管理有限公司,,lygsp04.daili,lu.ding,2022-02-19 09:52:43,非连云港地区
佳能医疗系统（中国）有限公司工会委员会,,lygsp04.daili,无,,
赣榆区青口镇引佐服装经营部,,lygsp04.daili,4,,
南京前行信息科技有限公司,,lygsp04.daili,南京体验库,2022-01-18 16:53:19,非连云港地区
苏州苏立特物流科技有限公司,3年,lygsp04.daili,hengheng.wang,2022-01-17 16:24:11,非连云港地区
名硕电脑 ( 苏州 ) 有限公司,,lygsp04.daili,无,,
苏州邦才人力资源有限公司,,lygsp04.daili,li.shuangshuang,2021-12-20 17:10:29,非连云港地区
河南飞飞茂人力资源服务有限公司,,lygsp04.daili,yipin.zhao,2021-12-28 17:09:24,非连云港地区
中国医药商业协会,,lygsp04.daili,zhangjin.zhang,2022-01-24 10:23:10,非连云港地区
连云港绿洲眼镜有限公司,,lygsp04.daili,无,,
信音电子（中国）股份有限公司,,lygsp04.daili,li.june,2022-02-16 10:26:47,非连云港地区
郑州寰宇人力资源服务有限公司,,lygsp04.daili,反欺诈黑名单库,2019-07-09 10:11:16,非连云港地区
积水医疗科技(中国)有限公司工会,,lygsp04.daili,无,,
华为,,lygsp04.daili,无,,
连云港众汇环保科技有限公司,,lygsp04.daili,4,,
苏州宇培仓储有限公司,,lygsp04.daili,haifeng.zhang,2022-02-16 20:07:29,非连云港地区
东新国际货物运输代理（上海）有限公司连云港分公司,,lygsp04.daili,无,,
安徽优氏速递股份有限公司,,lygsp04.daili,lillian.wang,2022-02-10 10:48:31,非连云港地区
连云港叙罗服饰有限公司,,lygsp04.daili,7,2019-10-12 17:08:06,
连云港登煌建材销售有限公司,,lygsp04.daili,7,2019-03-27 11:53:08,
海州区敬亭建材经营部,,lygsp04.daili,无,,
苏州世硕机电有限公司,,lygsp04.daili,无,,
连云港大邓传媒有限公司,,lygsp04.daili,无,,
宿迁市御珍酒业销售有限公司,,lygsp04.daili,yingchun.xia,2022-02-07 18:04:55,非连云港地区
海州区精锐汽车修理服务站,,lygsp04.daili,无,,
沈阳市葵阳装卸有限公司,1年,lygsp04.daili,yongjun.ding,2022-02-14 10:35:42,非连云港地区
连云港大账房财务管理有限公司,,lygsp04.daili,7,2021-01-29 13:32:12,
海州区开成圆化妆品店,,lygsp04.daili,南呼无价值客户库,,
烟台盛伟重工机械有限公司,1年,lygsp04.daili,烟台待开发库,2021-12-29 15:54:33,非连云港地区
荣成市港湾明杰装卸队,1年,lygsp04.daili,北呼山东待开发库,2017-12-04 14:32:53,非连云港地区
钧硕电子科技（上海）有限公司,,lygsp04.daili,上海体验库,2020-10-23 09:50:09,非连云港地区
华冠通讯（江苏）有限公司,,lygsp04.daili,garce.xu,2022-01-05 11:40:33,非连云港地区
连云港瑞创物业管理有限公司,1年,lygsp04.daili,0,,
江苏双旭国际物流有限公司,,lygsp04.daili,5,,
世界500强企业,,lygsp04.daili,西安无价值客户库,2015-11-06 14:24:55,
盐城市汇凝管理咨询有限公司,1年,lygsp04.daili,yctt04.daili,2022-02-10 14:39:29,非连云港地区
灌云县侍庄乡兴云商务宾馆,,lygsp04.daili,无,,
三一重机有限公司,,lygsp04.daili,无,,
沈阳云端装卸有限公司,1年,lygsp04.daili,yue4.wang,2022-01-24 17:18:31,非连云港地区
中复连众风电科技有限公司,,lygsp04.daili,wang.mingming,2022-02-08 16:06:50,
江苏朗道新能源有限公司,,lygsp04.daili,jingyu.li,2022-02-17 16:29:00,非连云港地区
海州区盐河社区妮的衣柜服装店,,lygsp04.daili,无,,
连云港吉顺贸易有限公司,2年,lygsp04.daili,0,2022-02-19 15:44:41,
海州区玉带社区琪雅美容美体工作室,1年,lygsp04.daili,无,,
连云港再青春生物科技有限公司,2年,lygsp04.daili,wentao6.liu,2022-02-07 17:53:24,
连云港恒享家房地产经纪有限公司,1年,lygsp04.daili,0,,
徐州玛所贸易有限公司,3年,lygsp04.daili,xz29.daili,2022-02-15 09:45:59,非连云港地区
江苏通纳建设工程有限公司,1年,lygsp04.daili,6,2022-02-19 13:41:16,
海州区莫庆卫海产品经营部,2年,lygsp04.daili,7,,
江苏素康生物科技有限公司,1年,lygsp04.daili,0,2022-02-18 15:11:40,
罗盖特(中国)营养食品有限公司,3年,lygsp04.daili,youmi.wang,2021-07-19 17:22:06,
连云港云鹤文化传媒广告有限公司,1年,lygsp04.daili,xiaoli.sun,2022-02-14 17:22:12,
连云港晋宇房地产经纪有限公司,3年,lygsp04.daili,7,2020-09-16 09:20:39,
山东双旺企业管理服务有限公司,,lygsp04.daili,北呼待审核库,2021-08-24 13:56:32,非连云港地区
连云港久和混凝土有限公司,1年,lygsp04.daili,3,2021-03-17 16:42:50,
连云港鼎骐建材有限公司,1年,lygsp04.daili,3,2021-03-31 16:46:19,
江苏来伊份食品有限公司连云港通灌北路店,3年,lygsp04.daili,7,2019-09-10 15:56:54,
亿企赢财税咨询服务（连云港）有限公司,1年,lygsp04.daili,无,,
海州区思妍丽美容院,1年,lygsp04.daili,无,,
连云港夏夏文化娱乐传媒有限公司,1年,lygsp04.daili,7,,
江苏快点装饰工程有限公司,1年,lygsp04.daili,2,2022-02-13 19:02:58,
江苏非送网络科技有限公司,,lygsp04.daili,南呼待审核库,2021-12-21 10:24:57,非连云港地区
连云港市海州区原色艺术培训中心,8年,lygsp04.daili,0,2021-12-03 15:56:21,
连云港春暖花开贸易有限公司,1年,lygsp04.daili,0,2022-02-17 15:59:14,
连云港艾贝儿教育科技有限公司,2年,lygsp04.daili,无,,
连云港龙河盛世营销策划有限公司,1年,lygsp04.daili,0,,
连云港睿途网络科技有限公司,1年,lygsp04.daili,zhenyang.wu,2022-02-15 10:22:34,
江苏国疆企业管理咨询有限公司,3年,lygsp04.daili,zhicheng.du,2022-02-16 18:17:32,
赣榆区青口镇皓伟轩房产信息咨询服务经营部,2年,lygsp04.daili,无,,
大陆汽车电子（连云港）有限公司,,lygsp04.daili,xiaoteng.you,2022-02-09 16:30:37,
新浦区新东社区泰秘美容店,1年,lygsp04.daili,无,,
连云港市宝典劳保用品有限公司,1年,lygsp04.daili,2,,
海州区苍梧社区花季雨季美容院,3年,lygsp04.daili,无,,
海州区希芙悦美容店,1年,lygsp04.daili,无,,
连云港和梦园餐饮管理有限公司,2年,lygsp04.daili,0,,
连云区盛世铭豪娱乐休闲室,2年,lygsp04.daili,6,,
连云港市三聚兴商贸有限公司,1年,lygsp04.daili,0,2022-01-24 16:26:25,
海州区同兴社区桃源足疗店,1年,lygsp04.daili,无,,
江苏高驰新材料科技有限公司,,lygsp04.daili,6,,
连云港蓝惠装饰材料有限公司,2年,lygsp04.daili,2,2020-10-21 14:28:23,
连云港市利亚奇汽车销售服务有限公司,1年,lygsp04.daili,0,2021-08-19 17:39:10,
玫德集团临沂有限公司,,lygsp04.daili,lyhy9.daili,2022-02-18 13:58:24,非连云港地区
嘉兴市立讯信息科技有限公司,,lygsp04.daili,无,,
苏州汇聘人力资源服务有限公司,,lygsp04.daili,eason.li,2022-01-26 17:51:32,非连云港地区
立讯精密有限公司,,lygsp04.daili,新呼活跃公库,2020-08-21 14:29:18,非连云港地区
苏州尚睿服务外包有限公司,,lygsp04.daili,tiffany.zhou,2022-02-10 18:29:24,非连云港地区
连云港连农环保开发有限公司,,lygsp04.daili,无,,
江苏创诺制药有限公司,,lygsp04.daili,南呼江苏付费库,2021-05-20 17:19:30,
广州市华好日用品有限公司,1年,lygsp04.daili,mai.zhou,2022-02-12 16:37:47,非连云港地区
昆山世硕企业管理有限公司,,lygsp04.daili,苏州待开发库,,非连云港地区
连云港泉星和酒店管理有限公司,1年,lygsp04.daili,4,,
连云港雷丰水产养殖有限公司,,lygsp04.daili,4,,
苏州智宏展人力资源有限公司,,lygsp04.daili,dandan1.wang,2022-02-16 13:51:14,非连云港地区
广西昭源企业管理有限公司,,lygsp04.daili,南呼华南体验库,2022-01-24 15:54:07,非连云港地区
江西博友信息科技有限公司,,lygsp04.daili,nhjx03jj10.daili,2022-02-15 15:33:51,非连云港地区
连云港锦泰汽车销售服务有限公司,1年,lygsp04.daili,6,2022-02-19 15:57:52,非连云港地区
连云港轩腾文化传媒有限公司,,lygsp04.daili,6,,
连云港市丹福新型材料有限责任公司,,lygsp04.daili,6,2021-02-20 17:10:27,
江苏广客隆建设工程有限公司,,lygsp04.daili,jie6.gao,2022-02-15 13:36:13,
连云港汇川财税管理有限公司,,lygsp04.daili,wenfeng.jiang,2022-02-17 18:15:28,
连云港雅元电子科技有限公司,,lygsp04.daili,6,,
江苏爱施德食品有限公司,,lygsp04.daili,6,2019-09-20 14:53:11,
沪士电子股份有限公司,,lygsp04.daili,无,,
苏州市吴中区郭巷街道优幼学前儿童看护点,5年,lygsp04.daili,无,,
荣成市斥山新隆装卸队,1年,lygsp04.daili,无,,
高新区淮海社区申崇烤肉店,,lygsp04.daili,0,2020-12-30 09:21:27,非连云港地区
连云港拾光美容有限公司,,lygsp04.daili,6,2020-09-17 10:31:05,
威海祥辉物流有限公司,2年,lygsp04.daili,北呼山东待开发库,2020-12-29 11:32:50,非连云港地区
冒格（河北）物业管理有限公司,,lygsp04.daili,石家庄待开发库,,非连云港地区
连云港奕居酒店管理有限公司,,lygsp04.daili,6,2021-09-03 17:55:24,
北京琦陶物流配送有限公司,1年,lygsp04.daili,无,,
海州区淮海社区科新达建材经营部,,lygsp04.daili,无,,
中达电子(江苏)有限公司,,lygsp04.daili,无,,
连云港市吉鑫机械设备有限公司,,lygsp04.daili,5,2020-09-08 14:13:15,
中航锂电（江苏）有限公司,,lygsp04.daili,无,,
河北润恰物业管理有限公司,1年,lygsp04.daili,石家庄待开发库,,非连云港地区
临沂家家悦超市有限公司,6年,lygsp04.daili,lyhy8.daili,2022-02-12 18:08:04,非连云港地区
连云港晟韵商贸有限公司,1年,lygsp04.daili,fa.zhu,2022-02-16 11:44:48,
连云港苏铭商务信息咨询有限公司,,lygsp04.daili,4,2022-02-14 13:56:55,
成都锋锐尚网络科技有限公司,,lygsp04.daili,ying.tu,2022-02-15 19:24:00,非连云港地区
江苏鸿奥信息科技有限公司,,lygsp04.daili,huijie.cao,2022-02-16 16:30:37,
成都蓉创天下科技有限公司,,lygsp04.daili,反欺诈黑名单库,2021-10-13 17:08:58,非连云港地区
连云港睿辛航电子商务有限公司,1年,lygsp04.daili,xiaoteng.you,2022-02-18 16:01:47,
连云港晟仁商贸有限公司,,lygsp04.daili,6,2022-02-19 14:13:08,
连云港市川帛国际贸易有限公司,1年,lygsp04.daili,7,,
连云港美卡文化传媒有限公司,2年,lygsp04.daili,0,,
海州区亚兰日用品经营部,1年,lygsp04.daili,5,,
连云港儒房房地产经纪有限公司,1年,lygsp04.daili,0,2022-02-19 15:54:31,
连云港拓海人力资源有限公司,,lygsp04.daili,jieqiong.cui,2022-02-15 15:41:25,
连云港厚生餐饮服务有限公司,,lygsp04.daili,0,,
珩星电子（连云港）股份有限公司北京分公司,1年,lygsp04.daili,北京待开发库,,非连云港地区
连云港星涌文化传媒有限公司,1年,lygsp04.daili,1,2022-01-26 16:00:02,
海州区新城社区伏祥霞金大福珠宝店,1年,lygsp04.daili,7,,
北京金辉锦江物业服务有限公司连云港分公司,2年,lygsp04.daili,1,2021-07-13 17:12:00,
海州区河西社区耙二哥火锅盐河路店,1年,lygsp04.daili,无,,
连云港欧倍洁医疗设备有限公司,4年,lygsp04.daili,9,2021-03-08 17:21:38,
连云港奥宇国际贸易有限公司,1年,lygsp04.daili,hongsheng.liu,2022-02-18 10:13:40,
连云港吾爱我家房产经纪有限公司,1年,lygsp04.daili,5,,
江苏天鲜配农业发展科技有限公司,2年,lygsp04.daili,5,2020-07-21 09:49:28,
海州区筱明食品店,1年,lygsp04.daili,5,,
连云港市连云区西园社区邱勇烟酒店,1年,lygsp04.daili,无,,
海州区建国社区蜜通灌北路店,1年,lygsp04.daili,无,,
连云港奥克多贸易有限公司,4年,lygsp04.daili,无,,
中碳能源（江苏）有限公司,3年,lygsp04.daili,7,2022-01-24 16:25:24,
连云港宅小仙电子商务有限公司,4年,lygsp04.daili,zhuojun.chen,2022-02-16 16:36:31,
江苏西之润实业有限公司,2年,lygsp04.daili,5,2022-02-19 17:31:01,
连云港泓皓物联网有限公司,,lygsp04.daili,0,2021-06-25 09:10:02,
连云港云瑞登风课外培训有限公司,1年,lygsp04.daili,5,2022-02-19 14:34:04,
连云港市德邦广告有限公司,1年,lygsp04.daili,4,2017-12-06 11:08:02,
深圳万乘联合投资有限公司连云港分公司,2年,lygsp04.daili,3,2021-04-01 10:54:35,
尚有家连云港运营管理有限公司,1年,lygsp04.daili,4,2021-08-02 15:59:15,
江苏两相赢酒业有限公司,4年,lygsp04.daili,2,2021-06-15 19:20:42,
连云港高新区淮海社区荣峰家居经营部,4年,lygsp04.daili,南呼江苏待开发库,2022-02-19 17:46:01,
连云港大观园餐饮服务有限公司,3年,lygsp04.daili,3,2021-03-20 16:40:13,
岚宝科技,4年,lygsp04.daili,无,,
上海枚己汽车租赁服务有限公司,,lygsp04.daili,wang.yujuan,2022-02-19 11:04:32,非连云港地区
连云港振荣家具有限公司,4年,lygsp04.daili,5,2019-05-21 14:59:26,
海州区山河饼局小吃店,1年,lygsp04.daili,无,,
连云港市新浦区高美美容院,1年,lygsp04.daili,无,,
连云港市新密思美容瑜伽健身俱乐部,6年,lygsp04.daili,无,,
连云港志衡物业管理有限公司,1年,lygsp04.daili,无,,
连云港启创通信工程有限公司,1年,lygsp04.daili,2,2021-04-02 16:32:30,
连云港鑫火汽车销售有限公司,1年,lygsp04.daili,2,2021-01-11 11:12:49,
连云港恒科电子科技有限公司,1年,lygsp04.daili,junfei.liu,2021-12-20 10:33:04,
广州江广浙配送有限公司,,lygsp04.daili,广州待开发库,,非连云港地区
广州探索物流配送有限公司,1年,lygsp04.daili,广州待开发库,,非连云港地区
昆山华涛电子有限公司,,lygsp04.daili,无,,
海州区乐幸咖啡店,,lygsp04.daili,9,,
立讯精密工业（昆山）有限公司,,lygsp04.daili,cunjun.du,2022-02-11 15:18:04,非连云港地区
瑞仪光电(南京)有限公司,,lygsp04.daili,peng.pan,2022-02-10 13:45:00,非连云港地区
连云港市道通汽车维修有限公司,,lygsp04.daili,5,2022-02-19 17:43:55,非连云港地区
理想,,lygsp04.daili,无,,
海州区益星益星电子产品商店,,lygsp04.daili,无,,
江苏亚泰电子有限公司,,lygsp04.daili,南京体验库,2022-01-14 15:39:44,非连云港地区
海州区新海社区紫滕汗蒸美容会所,,lygsp04.daili,无,,
海南智谷信息咨询有限公司,,lygsp04.daili,南呼待审核库,2021-08-24 09:21:26,非连云港地区
京安高保（北京）保安服务有限公司,,lygsp04.daili,sicong.du,2022-02-16 08:55:28,非连云港地区
苏州薪引擎信息科技有限公司,,lygsp04.daili,无,,
赣榆区青口镇园景酒店,,lygsp04.daili,无,,
连云港创新储运设备制造有限公司,,lygsp04.daili,jie6.gao,2022-02-11 08:54:50,
连云港市易言教育咨询有限公司,,lygsp04.daili,5,,
海州区嘉瀚烧江南烤肉店,,lygsp04.daili,无,,
赣榆区青口镇少侠汽车服务店,,lygsp04.daili,无,,
希斯芮环境设备工程（连云港）有限公司,,lygsp04.daili,kai6.liu,2022-02-18 16:17:25,
安康华智恒泽电子科技有限公司,,lygsp04.daili,无,,
江苏富溢商电子商务集团有限公司,,lygsp04.daili,无,,
新浦区贾圩社区潮男服饰店,,lygsp04.daili,无,,
连云港连锐针布有限公司,,lygsp04.daili,2,2021-04-07 09:35:34,
连云港优易家装饰有限公司,,lygsp04.daili,5,2020-09-09 11:12:09,
连云港宏泽机械设备有限公司,,lygsp04.daili,5,2022-02-19 16:33:53,
连云港鼎方贸易有限公司,,lygsp04.daili,5,2019-10-16 15:10:43,
海州区誉华建材经营部,,lygsp04.daili,无,,
连云港市海州区洪门惠民医院,,lygsp04.daili,南呼待审核库,2022-02-19 16:03:57,
江苏大力士机械制造有限公司,,lygsp04.daili,2,2022-01-24 16:37:13,
连云港市海州区良晴餐饮店,,lygsp04.daili,5,,非连云港地区
连云港市连云区博爱康复中心,,lygsp04.daili,5,2022-02-19 16:08:49,
连云港香溢物业管理有限公司,,lygsp04.daili,5,,
苏州优聘人力资源有限公司,,lygsp04.daili,无,,
东方国际集装箱（连云港）有限公司,,lygsp04.daili,0,2021-12-17 15:15:48,
山东鹏展物业管理有限公司,1年,lygsp04.daili,济南待开发库,2018-06-04 09:20:51,非连云港地区
江苏豪兵人力资源管理有限公司,,lygsp04.daili,bao.wang,2022-02-11 16:39:43,
苏州今日达物流科技有限公司,,lygsp04.daili,cunjun.du,2022-01-21 13:44:41,非连云港地区
中国大地财产保险股份有限公司徐州中心支公司,1年,lygsp04.daili,xz11.daili,2022-02-14 16:48:10,非连云港地区
熙慕时尚商贸（苏州）有限公司,,lygsp04.daili,新呼活跃公库,2022-02-10 16:02:39,非连云港地区
维赛（江苏）复合材料科技有限公司,,lygsp04.daili,zhi.guo,2022-01-20 17:19:00,
络克健身会所,3年,lygsp04.daili,无,,
太仓中集集装箱制造有限公司,,lygsp04.daili,hang.xiong,2022-02-15 11:14:32,非连云港地区
连云港康华汽车销售服务有限公司,2年,lygsp05.daili,反欺诈黑名单库,2021-11-22 16:21:21,
连云港市倍轻松教育科技有限公司,1年,lygsp05.daili,7,2022-02-19 13:24:17,
美团配送合作商,,lygsp05.daili,无,,
赣榆区青口镇金润泽农资经营部,3年,lygsp05.daili,7,2022-02-19 13:31:34,
连云港利墨商贸有限公司,5年,lygsp05.daili,2,2022-01-18 10:17:53,
连云港馨嘉意餐饮管理有限公司,1年,lygsp05.daili,7,2022-02-19 13:44:13,
连云港傲菲文化传播有限公司,2年,lygsp05.daili,4,2022-02-17 14:49:21,
连云港盛朋信息技术有限公司,4年,lygsp05.daili,hang.yan,2022-02-12 10:07:34,
连云港市安百利环保机械有限公司,1年,lygsp05.daili,4,2020-01-15 00:33:30,
连云港市毛孩餐饮管理有限公司,6年,lygsp05.daili,0,2022-02-19 15:59:13,
华图设计院有限公司,1年,lygsp05.daili,南呼江苏待开发库,2022-02-19 13:55:49,
连云港唐秀文化传播有限公司,1年,lygsp05.daili,4,2022-02-17 14:52:37,
连云港振飞物流有限公司,,lygsp05.daili,2,2021-08-26 09:14:04,
无锡市名匠装饰设计有限公司连云港分公司,8年,lygsp05.daili,无,,
连云港凡春贸易有限公司,1年,lygsp05.daili,7,2020-10-22 15:52:52,
江苏皇瑞建设工程有限公司,1年,lygsp05.daili,无,,
海州区海味帮餐饮店,1年,lygsp05.daili,7,,
江苏鼎尊物业服务有限公司,3年,lygsp05.daili,0,2021-04-27 16:42:34,
连云港市连云区超凡教育培训中心,1年,lygsp05.daili,7,2022-02-15 15:48:09,
连云港盛资汽车销售服务有限公司,2年,lygsp05.daili,3,2021-05-12 10:42:22,
连云港日腾暖通工程有限公司,2年,lygsp05.daili,9,2021-03-11 14:42:29,
光大水务（连云港）有限公司,,lygsp05.daili,8li.wang,2022-02-08 09:04:06,
海州区苍梧社区茉兰美容院,1年,lygsp05.daili,无,,
连云港市华胜汽车修理服务有限公司,3年,lygsp05.daili,7,2021-04-06 10:49:55,
连云区花花田美术用品经营部,1年,lygsp05.daili,7,2021-05-20 13:47:40,
连云港经纬复合新材料有限公司,1年,lygsp05.daili,jieqiong.cui,2022-02-18 17:39:58,
连云港恒源大药房连锁有限公司,1年,lygsp05.daili,7,,
连云区美丽园美容会所,2年,lygsp05.daili,无,,
连云港尚膳餐饮管理有限公司,1年,lygsp05.daili,0,2020-12-25 14:55:37,
中国人寿保险股份有限公司赣榆支公司,1年,lygsp05.daili,wangchen.lv,2022-02-15 17:51:28,
连云港川道官餐饮有限公司,1年,lygsp05.daili,5,,
连云区海顺汽车修理厂,1年,lygsp05.daili,无,,
宏明灯饰,4年,lygsp05.daili,无,,
新浦区公园社区宝贝家族儿童摄影店,1年,lygsp05.daili,无,,
上海全振物流服务有限公司,,lygsp05.daili,jeffrey.zhang,2022-02-16 09:41:26,非连云港地区
连云港房乐乐不动产经纪有限公司,1年,lygsp05.daili,南呼江苏体验库,2021-05-12 16:33:38,
连云港市中港汽车销售服务有限公司,1年,lygsp05.daili,wenxuan.gong,2022-02-17 16:05:43,
连云港银城国际酒店管理有限公司,2年,lygsp05.daili,2,2021-11-19 14:36:52,
连云港乾有汽车销售有限公司,1年,lygsp05.daili,0,2021-03-19 12:00:58,
连云港教育局,,lygsp05.daili,无,,
北京郎沙物流配送有限公司,1年,lygsp05.daili,无,,
立讯精密科技有限公司,,lygsp05.daili,苏州待审核公共库,,非连云港地区
连云港逸森木制品加工有限公司,,lygsp05.daili,4,,
北京京铁卫士保安服务有限公司,,lygsp05.daili,leon1.liu,2022-02-09 17:08:21,非连云港地区
泛达电子（苏州）有限公司,,lygsp05.daili,fengzhen.zhu,2022-02-08 16:02:04,非连云港地区
苏州揽途企业管理有限公司,,lygsp05.daili,hanne.han,2022-02-17 16:36:02,非连云港地区
佳能电子有限公司,,lygsp05.daili,无,,
海州区利民社区指妍美甲店,,lygsp05.daili,无,,
连云港赣榆润民农资有限公司连锁总站,,lygsp05.daili,4,,
海州区洪门社区亿淼家用电器维修部,,lygsp05.daili,无,,
江苏康健餐饮管理有限公司,3年,lygsp05.daili,无,,
中国烟草总公司,,lygsp05.daili,无,,
荣成市盛荣装卸有限公司,,lygsp05.daili,北呼山东待开发库,,非连云港地区
江苏海科生物工程有限公司,,lygsp05.daili,4,2020-07-08 11:15:25,
沈阳博涵装卸有限公司,1年,lygsp05.daili,沈阳待开发库,,非连云港地区
江苏星途卫星通信科技有限公司,,lygsp05.daili,无,,
连云港金管家房产经纪有限公司,,lygsp05.daili,4,,
连云港研妆贸易有限公司,,lygsp05.daili,无,,
连云港赣榆中泰房地产开发有限公司,,lygsp05.daili,2,2020-11-27 16:29:26,
句容经济开发区贤仁人力资源有限公司大冶分公司,,lygsp05.daili,liu.bingbing,2022-02-18 19:35:49,非连云港地区
精元电脑（江苏）有限公司,,lygsp05.daili,shuihua.hu,2022-01-24 09:11:57,非连云港地区
海州区浦河社区段雅彬卫浴经营部,,lygsp05.daili,4,,
连云港抒文贸易有限公司,,lygsp05.daili,无,,
连云港市连战酒店管理有限公司,,lygsp05.daili,4,2020-09-24 16:48:36,
江苏邦友建筑装饰工程有限公司,,lygsp05.daili,2,2022-02-16 15:44:50,
苏州万家惠新能源汽车销售有限公司,,lygsp05.daili,苏州待开发库,2020-02-21 17:43:29,非连云港地区
连云港聚景酒店管理有限公司,,lygsp05.daili,4,2021-09-29 09:21:44,
苏州鑫奥物流有限公司,,lygsp05.daili,无,,
天津树峰运达现代物流有限公司,1年,lygsp05.daili,天津待开发库,2021-10-08 14:37:33,非连云港地区
江苏港开房地产开发有限公司,1年,lygsp05.daili,4,2021-10-12 10:02:37,
英诺赛科（苏州）半导体有限公司,,lygsp05.daili,yoyo.liang,2022-02-08 10:41:42,非连云港地区
连云港优旺家居服务有限公司,,lygsp05.daili,1,2021-06-17 09:38:21,
奇瑞商用车（安徽）有限公司,,lygsp05.daili,wuhu25.daili,2022-02-15 16:19:38,非连云港地区
连云港辉旭汽车维修服务有限公司,,lygsp05.daili,5,,
佳能（苏州）有限公司,,lygsp05.daili,苏州待审核公共库,2021-12-09 15:32:31,非连云港地区
河北宗泉物业服务有限公司,,lygsp05.daili,cong1.zhang,2022-02-14 15:41:37,非连云港地区
沭阳福当头黄金珠宝有限公司,1年,lygsp05.daili,南呼江苏待开发库,,非连云港地区
常州胜代机械有限公司,,lygsp05.daili,hao6.li,2022-01-21 16:01:44,非连云港地区
连云港搜搭家居贸易有限公司,,lygsp05.daili,5,2019-09-16 16:34:40,
南通华睿教育咨询有限公司,6年,lygsp05.daili,ntfd6.daili,2022-01-25 11:01:51,非连云港地区
江苏优职汇邦人力资源有限公司,,lygsp05.daili,无,,
连云港新飞雁毛毯有限责任公司,,lygsp05.daili,无,,
连云港新世洗浴休闲有限公司,2年,lygsp06.daili,7,2022-02-19 11:56:58,
连云港随顺装饰工程有限公司,1年,lygsp06.daili,7,2022-02-19 13:29:08,
海州区苍梧社区碧斯美容院,1年,lygsp06.daili,无,,
青岛快乐生活（美团外卖）,,lygsp06.daili,无,,
连云港华耀国际贸易有限公司,1年,lygsp06.daili,无,,
连云港俏妞妈食品有限公司,1年,lygsp06.daili,4,,
海州区万润社区好兄弟足疗店,3年,lygsp06.daili,无,,
连云港市红文科技有限公司,6年,lygsp06.daili,9,,
连云港市海州区易知易行教育培训中心,1年,lygsp06.daili,7,,
江苏苏云医疗器材有限公司,3年,lygsp06.daili,yingchun.xia,2022-01-18 09:07:12,
临沂玫德庚辰金属材料有限公司,,lygsp06.daili,北呼山东待开发库,2021-08-27 10:35:11,非连云港地区
连云港宝竹商务酒店有限公司,1年,lygsp06.daili,南呼江苏待开发库,2022-02-19 13:59:08,
连云区甜猫蛋糕店,3年,lygsp06.daili,无,,
连云港浩华萌宠餐饮有限公司,1年,lygsp06.daili,7,,
江苏东浦精细陶瓷科技股份有限公司,2年,lygsp06.daili,kai6.liu,2022-02-18 13:58:23,
连云港鸿特文化传媒有限公司,1年,lygsp06.daili,4,2022-02-17 14:43:16,
山东速速达物流运输有限公司,,lygsp06.daili,candice.guo,2022-02-15 15:15:10,非连云港地区
江苏全方装饰工程有限公司,2年,lygsp06.daili,yingchun.xia,2022-02-11 10:18:49,
连云港涵玖壹信息咨询有限公司,1年,lygsp06.daili,7,2020-07-24 15:07:35,
连云港万众企业管理有限公司,1年,lygsp06.daili,0,2021-12-23 14:18:09,
连云港艾业无纺布制品有限公司,4年,lygsp06.daili,kaiying.huang,2021-12-16 17:31:37,
连云港若森家具有限公司,1年,lygsp06.daili,7,,
华夏银行股份有限公司连云港分行,,lygsp06.daili,shuaimin.xu,2022-02-11 11:51:59,
海州区邵泽友餐饮店,1年,lygsp06.daili,无,,
苏州旭泰新能源科技有限公司,1年,lygsp06.daili,无,,
连云港尚硕玩具有限公司,1年,lygsp06.daili,7,,
连云区倩派足浴养生店,1年,lygsp06.daili,无,,
连云港市景炫广告装饰有限公司,2年,lygsp06.daili,7,2022-02-19 15:17:13,
连云港市月富网络科技有限公司,1年,lygsp06.daili,0,2021-12-20 17:05:36,
连云港泽沐迦健康养生服务有限公司,3年,lygsp06.daili,7,2021-06-19 06:56:20,
上海沪平网络科技有限公司,,lygsp06.daili,无,,
江苏海立威物业服务有限公司,1年,lygsp06.daili,4,2021-07-30 14:11:00,
上海星夕汽车租赁服务有限公司,,lygsp06.daili,wang.yujuan,2022-02-12 18:27:46,非连云港地区
新浦区艺北社区凌志之峰食品店,1年,lygsp06.daili,南呼江苏待开发库,2017-09-29 17:47:08,
连云港威能电工设备有限公司,4年,lygsp06.daili,南呼江苏待开发库,2020-09-24 15:15:07,
海州区贾圩社区方相国餐饮店,1年,lygsp06.daili,无,,
连云港月牙水筑酒店管理有限公司,1年,lygsp06.daili,0,2020-06-16 17:25:33,
海州区炙本味餐饮店,1年,lygsp06.daili,无,,
连云港前途企业管理咨询有限公司海州区分公司,,lygsp06.daili,0,2020-10-24 09:10:06,
连云区康洁口腔门诊部,,lygsp06.daili,总部待审核公共库,,
北京鸿福物流有限公司,,lygsp06.daili,反欺诈黑名单库,2021-10-19 17:31:31,非连云港地区
中国药科大学制药有限公司,,lygsp06.daili,无,,
广西标典人力资源有限公司,,lygsp06.daili,南呼华南体验库,2022-02-17 17:42:26,非连云港地区
连云港鼎越物流有限公司,,lygsp06.daili,4,,
苏州杰尔佳服务外包有限公司,,lygsp06.daili,shuai.cheng,2022-02-19 14:00:07,非连云港地区
连云港奥石计算机培训有限公司,,lygsp06.daili,4,2020-12-29 14:10:09,
连云港金信利不锈钢有限公司,3年,lygsp06.daili,无,,
荣耀终端有限公司,,lygsp06.daili,rose.zhang,2022-02-17 14:14:04,非连云港地区
毅嘉电子（苏州）有限公司,,lygsp06.daili,garce.xu,2022-02-10 16:20:02,非连云港地区
连云港市中达包装制品有限公司,,lygsp06.daili,4,2021-01-06 17:28:30,
重庆迅易人力资源管理有限公司,,lygsp06.daili,xuan.zhou,2022-02-16 15:20:52,非连云港地区
福州万兴隆船务有限公司,,lygsp06.daili,福州待开发库,2019-11-15 15:03:06,非连云港地区
立讯精密工业（苏州）有限公司,,lygsp06.daili,qiong.liao,2022-02-18 17:18:31,非连云港地区
荣成市斥山威港装卸服务部,1年,lygsp06.daili,北呼无价值客户库,2020-09-07 18:31:15,非连云港地区
苏州美瑞达电子科技有限公司,,lygsp06.daili,苏州体验库,2021-02-27 10:21:42,非连云港地区
日腾电脑配件（上海）有限公司,,lygsp06.daili,lbin.liu,2022-02-11 19:21:56,非连云港地区
立讯精密工业股份有限公司,,lygsp06.daili,lily.du,2022-02-15 11:16:57,非连云港地区
海州区通灌社区卫生服务站,,lygsp06.daili,南呼待审核库,2019-04-04 11:33:11,非连云港地区
拜耳医药保健有限公司,,lygsp06.daili,william.liao,2022-02-16 17:50:23,非连云港地区
和硕联合科技股份有限公司,,lygsp06.daili,xiaona1.wang,2022-01-13 11:02:56,非连云港地区
连云港丰安网络科技有限公司,,lygsp06.daili,jiachen.zhu,2022-02-12 14:00:53,
海州区海宁社区瑞雪餐饮店,,lygsp06.daili,无,,
江苏卓恒工程咨询管理有限公司,,lygsp06.daili,无,,
国巨电子（中国）有限公司苏州新区分公司,,lygsp06.daili,苏州关联库,2017-06-05 16:23:16,非连云港地区
江苏茂坤建设工程有限公司,,lygsp06.daili,miao2.zhang,2022-02-17 19:57:56,
芜湖鲁豫企业管理有限公司苏州分公司,,lygsp06.daili,无,,
亿和精密工业控股有限公司,,lygsp06.daili,深圳关联库,2019-02-18 14:43:44,非连云港地区
连云港凯宾斯物业管理有限公司,,lygsp06.daili,4,2019-03-16 10:53:11,
昆山联滔电子有限公司,,lygsp06.daili,无,,
上海美洛伊贸易有限公司,,lygsp06.daili,jennychen.chen,2022-02-17 17:51:15,非连云港地区
海州区伊兰蓓美容院,2年,lygsp06.daili,无,,
河北丰卫物业服务有限公司,,lygsp06.daili,无,,
中芯国际控股有限公司,,lygsp06.daili,上海关联库,,非连云港地区
吴兴立讯电子商行,,lygsp06.daili,无,,
重庆双硕物流有限公司,1年,lygsp06.daili,重庆待开发库,,非连云港地区
苏州三光科技股份有限公司,,lygsp06.daili,tiffany.zhou,2022-01-20 09:53:03,非连云港地区
连云港茂熹网络科技有限公司,,lygsp06.daili,kai6.liu,2022-02-19 18:32:18,
三一重工股份有限公司,,lygsp06.daili,lionli.li,2022-01-17 14:36:03,非连云港地区
连云港金牌汽车服务有限公司,,lygsp06.daili,5,2020-07-02 16:11:12,
连云港市亮洁物业管理有限公司,1年,lygsp06.daili,5,2022-02-19 14:41:49,
南京群志光电有限公司,,lygsp06.daili,peng.pan,2022-02-07 09:22:41,非连云港地区
日照泓皓供应链管理有限公司,1年,lygsp06.daili,yao1.wu,2022-02-12 16:00:41,非连云港地区
连云港市华隆电器科技有限公司,1年,lygsp07.daili,无,,
海州区向阳社区相恒睿形象设计工作室,1年,lygsp07.daili,无,,
徐州七尚网络科技有限公司,,lygsp07.daili,xz8.daili,2022-02-16 09:11:19,非连云港地区
北京三快到家科技有限公司,,lygsp07.daili,yuanyuan.qi,2022-02-10 15:36:00,非连云港地区
连云港欧奕文化传媒有限公司,1年,lygsp07.daili,zhenpeng.cai,2022-02-15 10:29:31,
连云港市川三峡餐饮服务有限公司科苑路分公司,1年,lygsp07.daili,7,2022-02-19 13:46:15,
连云港悟天房地产营销代理有限公司,1年,lygsp07.daili,4,2022-02-19 17:56:12,
连云港鼎顺人力资源有限公司海州分公司,,lygsp07.daili,0,2020-09-09 20:25:03,
江苏润融企业管理咨询服务有限公司连云港分公司,1年,lygsp07.daili,2,2021-07-02 15:36:24,
开发区陈婷橱柜店,1年,lygsp07.daili,7,,
连云港泰凰域文化传媒有限公司,2年,lygsp07.daili,0,2022-02-19 16:01:07,
连云港百仑生物反应器科技有限公司,2年,lygsp07.daili,南呼江苏待开发库,2022-02-19 14:01:34,
江苏永连餐饮管理有限公司,2年,lygsp07.daili,4,2022-01-19 14:46:06,
连云港科西嘉贸易有限公司,1年,lygsp07.daili,0,2022-02-19 16:40:14,
江苏纯智教育科技有限公司,1年,lygsp07.daili,南呼待审核库,2021-12-07 15:35:20,
连云区浩月美容护肤中心,1年,lygsp07.daili,4,,
连云港德天地产营销有限公司,1年,lygsp07.daili,0,2022-02-17 16:31:39,
连云港华务贸易有限公司,4年,lygsp07.daili,2,2020-06-02 11:47:39,
德邦快递,,lygsp07.daili,无,,
中企华建友工程管理有限公司连云港市分公司,1年,lygsp07.daili,3,2021-12-29 15:15:48,
连云港嘉乐迪娱乐有限公司,7年,lygsp07.daili,0,2020-07-21 11:43:35,
江苏坤泽新材料发展有限公司,1年,lygsp07.daili,7,2020-12-02 11:39:34,
海州区露奕阳餐饮店,1年,lygsp07.daili,南呼待审核库,,非连云港地区
连云港老海边餐饮有限公司,1年,lygsp07.daili,无,,
海州区安朵儿安之酸养发馆,1年,lygsp07.daili,无,,
海州区梦天建材商行,1年,lygsp07.daili,4,2021-03-12 14:15:22,
江苏平安电梯有限公司,1年,lygsp07.daili,huangkai.xue,2022-02-17 14:15:57,
江苏云卡商务信息咨询有限公司,,lygsp07.daili,南呼江苏体验库,2022-01-05 11:39:38,
连云港皓盛人力资源有限公司,,lygsp07.daili,7,2022-02-19 15:18:54,
海州区万润社区严厨老坛酸菜鱼餐饮店,2年,lygsp07.daili,无,,
江苏慧智新材料科技有限公司,,lygsp07.daili,yi6.ding,2022-02-18 15:45:36,
连云港旭泰网络科技有限公司海州分公司,,lygsp07.daili,0,2021-11-30 17:52:31,
江苏海雄商务信息咨询有限公司,3年,lygsp07.daili,4,2022-01-20 16:43:55,
连云港浙润酒店管理有限公司,5年,lygsp07.daili,2,2021-03-25 15:29:09,
连云港市择善教育咨询有限公司,2年,lygsp07.daili,wang.mingming,2022-02-12 09:51:04,
连云港味之素冷冻食品有限公司,,lygsp07.daili,8li.wang,2022-02-15 14:39:54,
海州区张占明奶茶加盟店,1年,lygsp07.daili,无,,
连云港融信房地产营销有限公司,1年,lygsp07.daili,0,2021-01-15 19:12:09,
中国大地财产保险股份有限公司连云港中心支公司,1年,lygsp07.daili,南呼江苏体验库,2021-07-28 10:07:17,
河南猛盾物业管理有限公司,,lygsp07.daili,郑州待开发库,2022-02-19 11:35:41,非连云港地区
华硕科技（苏州）有限公司,,lygsp07.daili,shuihua.hu,2021-12-01 10:24:49,非连云港地区
连云港财富通财务信息咨询有限公司,,lygsp07.daili,jianghui.gong,2022-02-18 18:01:41,
苏州华芯微电子股份有限公司,,lygsp07.daili,abel.li,2022-02-11 17:21:57,非连云港地区
连云港宏居装饰工程有限公司,,lygsp07.daili,2,2022-02-16 14:43:16,
连云港茗沁茶业有限公司,,lygsp07.daili,1,2021-03-26 09:48:01,
连云港新名车世家汽车服务有限公司,,lygsp07.daili,4,2021-03-25 15:56:52,
广州重安物流配送有限公司,1年,lygsp07.daili,广州待开发库,,非连云港地区
汇聘,,lygsp07.daili,无,,
连云区半盘菜餐馆,,lygsp07.daili,无,,
强生（中国）有限公司,,lygsp07.daili,gaoqian.gao,2022-02-09 19:43:45,非连云港地区
连云港一拾百健康管理咨询有限公司,,lygsp07.daili,kaiying.huang,2021-12-22 18:22:39,
海州区阿标美发店,,lygsp07.daili,无,,
华蚨（江苏）环境检测咨询服务有限公司,,lygsp07.daili,4,2022-01-19 18:24:31,
阿斯利康药业（中国）有限公司,,lygsp07.daili,hao6.li,2022-02-09 10:04:51,非连云港地区
海州区归巢音乐餐吧,,lygsp07.daili,无,,
蜂巢能源科技有限公司,,lygsp07.daili,南呼待审核库,2021-12-06 11:06:13,
海州区忠清道餐饮店,,lygsp07.daili,无,,
连云港奥众汽车维修服务有限公司,,lygsp07.daili,4,2022-01-13 15:30:43,
国巨电子（中国）有限公司,,lygsp07.daili,garce.xu,2022-02-19 10:22:27,非连云港地区
连云港鹏词狄涤邢薰司,,lygsp07.daili,0,,
海州区金艺福首饰店,,lygsp07.daili,4,2021-12-20 11:52:28,
苏州英皇工业设备有限公司,,lygsp07.daili,yali.li,2022-02-14 17:53:07,非连云港地区
连云港高新区淮海社区时尚先生服饰店,,lygsp07.daili,无,,
连云港市讯影商贸有限公司,,lygsp07.daili,4,,
连云港爱伦酒店管理有限责任公司,,lygsp07.daili,南呼江苏体验库,2021-12-30 14:27:19,
连云港图城广告有限公司,,lygsp07.daili,无,,
信音电子（中国）股份有限公司泰州分公司,,lygsp07.daili,无,,
驻马店市博海电子有限公司,,lygsp07.daili,无,,
杭州云象智慧物流有限公司,,lygsp07.daili,新呼活跃公库,2021-10-13 15:14:13,非连云港地区
丽智电子（南通）有限公司,,lygsp07.daili,fancheng.meng,2022-02-12 14:47:10,非连云港地区
浙江柏姿品牌管理有限公司,,lygsp07.daili,无,,
合肥万信商贸有限公司,4年,lygsp07.daili,carl1.liu,2022-02-16 10:34:06,非连云港地区
上海航禄网络科技有限公司,,lygsp07.daili,shuang.tian,2022-02-11 16:46:45,非连云港地区
世硕电子（昆山）有限公司,,lygsp07.daili,无,,
江苏维德新材料有限公司,,lygsp07.daili,wenfeng.jiang,2022-02-10 19:54:21,
中复神鹰碳纤维股份有限公司,2年,lygsp07.daili,dong.xu,2022-02-18 15:31:31,
海州区延东社区壹点餐饮店,,lygsp07.daili,南呼无价值客户库,,
苏州和枫源电子有限公司,,lygsp07.daili,苏州体验库,2022-02-14 17:33:25,非连云港地区
连云港同路人营销策划有限公司,1年,lygsp07.daili,5,,
连云港云网智能科技有限公司,,lygsp07.daili,5,2022-02-19 14:22:16,
连云港圣之奥家具销售有限公司,,lygsp07.daili,5,2022-02-19 18:00:47,
连云港新圆通速递有限公司,,lygsp07.daili,南呼江苏待开发库,2016-09-08 11:33:07,
连云港久巨文化传播有限公司,1年,lygsp08.daili,4,2022-02-09 19:51:12,
南京喜马拉雅健身有限公司第二分公司,3年,lygsp08.daili,无,,
赣榆区青口镇文晴美容店,1年,lygsp08.daili,无,,
南京太上餐饮管理有限公司,1年,lygsp08.daili,南京待开发库,,非连云港地区
江苏华杰教育科技集团股份有限公司,1年,lygsp08.daili,xz11.daili,2022-02-14 15:01:55,非连云港地区
连云港路易行汽车租赁有限公司,1年,lygsp08.daili,3,2022-01-20 09:20:59,非连云港地区
江苏三合建设工程有限公司,2年,lygsp08.daili,jingyu.li,2022-01-06 16:37:57,
连云港中晟汽车贸易有限公司,6年,lygsp08.daili,0,2022-02-18 15:34:01,非连云港地区
海州区东苑社区卡萌莱丽美容店,3年,lygsp08.daili,无,,
连云港九庭龙鼎装饰工程有限公司,1年,lygsp08.daili,xingpei.wang,2022-02-11 17:12:09,
江苏新能新材料有限公司,1年,lygsp08.daili,7,,
连云港鼎骏人力资源有限公司,,lygsp08.daili,2,2021-05-14 13:50:49,
江苏旭力体育发展有限公司,1年,lygsp08.daili,you.fu,2022-02-17 15:38:49,非连云港地区
连云港龙塔研磨材料有限公司,2年,lygsp08.daili,0,2021-09-09 16:58:50,
连云港市仲氏餐饮服务有限公司,1年,lygsp08.daili,7,2022-02-19 14:15:00,
连云港房管家房地产营销策划有限公司,1年,lygsp08.daili,jingyu.li,2022-02-16 15:45:55,
连云港文驰房产经纪有限公司,1年,lygsp08.daili,7,,
连云港市东方爱婴早教中心,7年,lygsp08.daili,1,2021-12-06 17:03:56,
海州区淮海社区李兵耶烤鱼餐饮店,2年,lygsp08.daili,南呼无价值客户库,,
连云港思迈达机电工程有限公司,3年,lygsp08.daili,7,2022-02-19 14:33:51,
连云港市正方建设监理有限公司,3年,lygsp08.daili,7,2021-05-20 14:26:31,
连云港德盛生物科技有限公司,2年,lygsp08.daili,0,,
连云港铎文商贸有限公司,3年,lygsp08.daili,无,,
海州区花榕稻烤鱼店,1年,lygsp08.daili,7,,
连云港市博瑞餐饮管理有限公司,1年,lygsp08.daili,3,2021-09-23 11:52:43,
海州区辣喜餐饮店,1年,lygsp08.daili,无,,
连云港中信华集汽车销售服务有限公司,5年,lygsp08.daili,2,2021-12-01 10:03:30,
连云港玛尚商贸有限公司,1年,lygsp08.daili,7,,
连云区卡诺亚全屋定制建筑材料经营部,2年,lygsp08.daili,无,,
海州区玉带社区沐妍雨薇美容院,1年,lygsp08.daili,无,,
连云港企商云数据服务有限公司,1年,lygsp08.daili,0,,
连云港雅尔美医疗器械有限公司,1年,lygsp08.daili,2,2021-01-13 14:44:21,
连云港郁州骨科医院有限公司,1年,lygsp08.daili,无,,
连云港大阳机械有限公司,3年,lygsp08.daili,2,2021-12-20 16:29:11,
连云港市港城嘉宴企业管理有限公司,1年,lygsp08.daili,南呼江苏待开发库,2020-09-11 17:46:33,
东海县莹来珠宝有限公司,,lygsp08.daili,0,2021-05-24 16:12:49,
连云港市吉田汽车销售有限公司,5年,lygsp08.daili,无,,
顺丰速运,,lygsp08.daili,无,,
江苏迎宾物业管理有限公司,5年,lygsp08.daili,南呼江苏体验库,2022-01-17 17:46:39,
荣成市海嘉水产食品有限公司,1年,lygsp08.daili,无,,
山西龙城伟创人力资源有限公司,,lygsp08.daili,jinhu.yan,2022-02-10 10:54:17,非连云港地区
苏州鸿悦人力资源有限公司,,lygsp08.daili,苏州待开发库,,非连云港地区
苏州博安物流有限公司,,lygsp08.daili,苏州待审核公共库,2019-12-30 13:34:50,非连云港地区
连云港宝通汽车销售服务有限公司,,lygsp08.daili,2,2021-12-13 14:28:52,
连云港鸿森教育科技有限公司,1年,lygsp08.daili,南呼待开发库,,
江苏城铭工程项目管理有限公司连云港分公司,,lygsp08.daili,南呼待开发库,,
连云港市业之峰装饰有限公司,1年,lygsp08.daili,bangbang.wang,2022-01-12 15:42:27,
苏州途骄企业管理有限公司,,lygsp08.daili,苏州待开发库,,非连云港地区
连云港市晓雯教育咨询有限公司,,lygsp08.daili,4,2020-09-14 14:48:27,
苏州鲸成电子商务有限公司,,lygsp08.daili,苏州体验库,2021-11-19 14:17:21,
江苏国权工程质量检测有限公司,,lygsp08.daili,2,2021-12-21 15:20:48,
洽兴包装工业（中国）有限公司,,lygsp08.daili,cunjun.du,2022-02-09 15:46:34,非连云港地区
连云区亚龙湾宾馆,,lygsp08.daili,无,,
国企,,lygsp08.daili,无,,
连云港市胜翔汽车服务有限公司,,lygsp08.daili,zhipeng2.liu,2022-02-14 09:59:50,
连云港鑫立今商贸有限公司,,lygsp08.daili,无,,
江苏锦会实业发展有限公司,,lygsp08.daili,4,,非连云港地区
连云港山海部落休闲服务有限公司,,lygsp08.daili,4,2019-07-16 16:05:23,
连云港市新浦区浦西社区平叶超市,,lygsp08.daili,4,,
连云港和美品居家居贸易有限公司,2年,lygsp08.daili,4,2020-09-23 11:21:48,
河北鸿翁物业管理有限公司,,lygsp08.daili,xiaoshuai.li,2022-02-15 15:03:33,非连云港地区
名硕电脑（苏州）有限公司,,lygsp08.daili,abel.li,2022-02-17 17:04:43,非连云港地区
山东文旺企业管理服务有限公司,1年,lygsp08.daili,济南待开发库,2021-10-20 09:59:53,非连云港地区
海州区学时书店,,lygsp08.daili,无,,
连云港温仔汽车服务有限公司,,lygsp08.daili,4,,
江西久诚人力资源有限公司,,lygsp08.daili,chunrui.feng,2022-02-10 15:16:28,非连云港地区
烟台世诺重工机械有限公司,1年,lygsp08.daili,烟台待开发库,2022-02-11 15:30:28,非连云港地区
高新区花果山街道薇薇蛋糕店,,lygsp08.daili,无,,
罗技科技（苏州）有限公司,,lygsp08.daili,shan.li,2022-02-09 18:05:19,非连云港地区
苏州盛邦服务外包有限公司,,lygsp08.daili,liuqing.zhang,2022-02-18 15:51:23,非连云港地区
连云港市万豪设计有限公司,,lygsp08.daili,weijie.bao,2022-02-15 10:02:19,
江苏丰诺信息科技有限公司,,lygsp08.daili,5,,
连云港弘诚睿电子商务有限公司,,lygsp08.daili,南呼江苏体验库,2022-02-19 14:36:16,
河北云誉物业管理有限公司,,lygsp08.daili,无,,
连云港聚祥国际物流有限公司,,lygsp08.daili,5,2020-06-15 15:37:30,
连云港铄灵汽车服务有限公司,,lygsp08.daili,5,,
安徽创源物业管理有限公司连云港分公司,6年,lygsp08.daili,南呼江苏体验库,2021-05-28 14:27:15,
南通慧智信息技术有限公司,1年,lygsp08.daili,nhjs01nt16.daili,2022-02-12 14:08:05,非连云港地区
山东货安物流运输有限公司,,lygsp08.daili,北呼山东待开发库,2021-11-15 15:56:50,非连云港地区
连云港致尚装饰工程有限公司,1年,lygsp08.daili,南呼江苏付费库,2022-02-19 14:15:19,
连云港泓昊复合材料有限公司,1年,lygsp08.daili,youmi.wang,2022-01-24 11:21:08,
连云港艾塔艾电子科技有限公司,2年,lygsp08.daili,5,2022-02-19 15:28:45,
艾尚美美容科技（连云港）有限公司,1年,lygsp09.daili,7,,
新沂市酷酷文化传媒有限公司,1年,lygsp09.daili,南呼待开发库,,非连云港地区
青岛快乐生活配送服务有限公司,,lygsp09.daili,peilin.jiao,2022-02-18 14:42:29,非连云港地区
连云港一诺生物科技有限公司,1年,lygsp09.daili,7,2022-02-19 13:38:51,
连云港华领鲸英项目管理有限责任公司,1年,lygsp09.daili,wenfeng.jiang,2022-02-16 11:33:52,
江苏红动服饰有限公司,1年,lygsp09.daili,无,,
连云港久长物流有限公司,1年,lygsp09.daili,7,2022-02-19 13:49:08,
连云港鸿坤食品销售有限公司,3年,lygsp09.daili,2,2020-09-14 10:17:05,
连云港鹰游纺机集团有限公司,3年,lygsp09.daili,jingyu.li,2022-02-07 13:38:46,
连云港优贝托育有限责任公司,1年,lygsp09.daili,4,2022-02-18 11:08:16,
江苏瑞宇装饰工程有限公司,1年,lygsp09.daili,7,,
海州区新孔社区别提多美食品店,1年,lygsp09.daili,zhujie.ye,2022-02-19 11:34:02,
连云港东欣元电子商务有限公司,1年,lygsp09.daili,0,2022-02-19 16:05:38,
番禺珠江钢管（连云港）有限公司,6年,lygsp09.daili,xiaoduo.meng,2022-01-20 16:51:52,
海州区浩元台球俱乐部,1年,lygsp09.daili,无,,
连云港同达科技有限公司,2年,lygsp09.daili,0,2022-02-19 17:39:49,
海州区爱彼尔娱乐部,1年,lygsp09.daili,无,,
连云港世华房地产经纪有限公司,1年,lygsp09.daili,2,2021-08-14 11:22:26,
连云港春旭滚塑科技有限公司,2年,lygsp09.daili,0,2022-02-19 17:55:56,
上海浦东发展银行股份有限公司连云港分行,1年,lygsp09.daili,hang.yan,2022-02-09 22:04:45,
连云港中复连众复合材料集团有限公司,,lygsp09.daili,jingyu.li,2022-02-10 19:59:56,
连云港凤蝶文化传媒有限公司,1年,lygsp09.daili,0,2021-03-19 16:22:16,
连云港及物鸟皮具有限公司,1年,lygsp09.daili,4,2022-02-19 14:50:01,
连云港崛创贸易有限公司,4年,lygsp09.daili,3,2021-06-02 18:23:49,
连云港新福达汽车销售服务有限公司,1年,lygsp09.daili,4,,
连云港都可餐饮管理有限公司,8年,lygsp09.daili,无,,
连云港市金恒塑料包装有限公司,1年,lygsp09.daili,7,2021-01-20 11:28:15,
连云港众牛网络科技有限公司,1年,lygsp09.daili,2,,
江苏海州湾酒业集团股份有限公司,3年,lygsp09.daili,2,2021-08-19 09:59:49,
经济技术开发区崔井伟汽车配件经营部,3年,lygsp09.daili,4,,
连云港大乐玩桌游有限公司,1年,lygsp09.daili,4,,
连云港市成市客厅餐饮娱乐有限公司,3年,lygsp09.daili,4,,
连云港市连云区福奈特洗衣店,1年,lygsp09.daili,4,,
新聚源网约车服务（淮安）有限公司连云港分公司,1年,lygsp09.daili,4,,
连云港市宏远净水设备有限公司,1年,lygsp09.daili,zhenyang.wu,2022-02-11 11:32:12,
连云港市喜千源商贸有限公司,1年,lygsp09.daili,3,2021-04-01 11:45:42,
连云港元丰机械制造有限公司,2年,lygsp09.daili,0,2021-07-13 13:53:51,
连云港市精益眼镜有限公司,1年,lygsp09.daili,4,,
连云港海瑞电子科技有限公司,1年,lygsp09.daili,4,,
北京卓诺环通商贸有限公司,,lygsp09.daili,无,,
北京琴鑫供应链管理有限公司,1年,lygsp09.daili,无,,
三星电子有限公司,,lygsp09.daili,苏州无价值客户库,2015-07-27 13:40:06,非连云港地区
新浦区建国社区聚缘餐饮店,,lygsp09.daili,无,,
广西瑞民人力资源有限公司南宁分公司,,lygsp09.daili,南呼华南体验库,2022-02-12 15:57:27,非连云港地区
连云港半隐文化发展有限公司,,lygsp09.daili,4,2020-09-18 14:59:14,
威海益畅物流有限公司,,lygsp09.daili,北呼待开发库,,非连云港地区
连云港德奥电子智能科技有限公司,,lygsp09.daili,4,,
浙江广贤人力资源管理有限公司武汉分公司,,lygsp09.daili,武汉待开发库,,非连云港地区
南京企欣帮供应链管理有限公司,,lygsp09.daili,sunny1.wu,2022-01-18 15:42:51,非连云港地区
赣榆区柘汪镇海之上水产品经营部,,lygsp09.daili,无,,
海州区章法文具用品经营部,,lygsp09.daili,无,,
贵阳黔巨人人力资源有限公司,,lygsp09.daili,yuxing.jia,2022-01-14 14:28:28,非连云港地区
连云港柠檬不萌服饰商贸有限公司,,lygsp09.daili,无,,
峻凌电子（苏州）有限公司,,lygsp09.daili,yang.tingting,2022-02-18 14:32:31,非连云港地区
江西思才人力资源服务有限公司衡阳分公司,,lygsp09.daili,nhhn07hy09.daili,2022-02-09 09:42:57,非连云港地区
高新区淮海社区和和家包子铺,,lygsp09.daili,4,2019-08-05 17:29:44,非连云港地区
达丰电子有限公司,,lygsp09.daili,上海待审核公共库,,非连云港地区
华硕电脑股份有限公司,,lygsp09.daili,总部无效客户库,2010-03-22 07:20:18,非连云港地区
广州辛航物流配送有限公司,1年,lygsp09.daili,广州待开发库,,非连云港地区
江苏海宏智能科技有限公司,,lygsp09.daili,无,,
上海昌硕科技有限公司,,lygsp09.daili,无,,
苏州洲泰企业管理有限公司,,lygsp09.daili,dandan1.wang,2022-02-16 14:35:21,非连云港地区
三星电子科技有限公司,,lygsp09.daili,无,,
海州区新城社区醉龙吟餐饮店,,lygsp09.daili,无,,
江苏省支和肥业有限公司,,lygsp09.daili,wenxuan.gong,2022-02-17 16:04:48,
苏州康硕电子科技有限公司,,lygsp09.daili,总部无效客户库,2018-07-02 17:02:38,非连云港地区
中航锂电科技有限公司,,lygsp09.daili,li.geng,2022-02-12 10:51:23,非连云港地区
赣榆区青口镇卓诚建材经营部,,lygsp09.daili,无,,
海州开发区擎天建材商行,,lygsp09.daili,4,2019-06-05 16:56:08,
杭州英超人力资源有限公司,,lygsp09.daili,无,,
连云港立志企业管理有限公司,,lygsp09.daili,0,,
连云港勤之学托管有限公司,,lygsp09.daili,南呼江苏待开发库,2020-11-06 13:45:09,
黑娃（临沂）电子科技有限公司,,lygsp09.daili,北呼待开发库,,非连云港地区
连云港鼎逸企业管理咨询有限公司海州分公司,,lygsp09.daili,0,2021-04-06 13:49:41,
苏州同维电子有限公司,,lygsp09.daili,li.shuangshuang,2021-10-15 16:29:23,非连云港地区
河北恒仓卫士物业服务有限公司,1年,lygsp09.daili,jiatao01.jia,2021-12-10 18:34:18,非连云港地区
聊城弘运达物流运输有限公司,1年,lygsp09.daili,sdlc7.daili,,非连云港地区
和舰芯片制造（苏州）股份有限公司,,lygsp09.daili,carol2.zhao,2022-02-14 09:56:29,非连云港地区
连云港鸿远信息科技有限公司,1年,lygsp09.daili,2,2021-12-27 11:55:59,
中复碳芯电缆科技有限公司,,lygsp09.daili,youmi.wang,2022-02-15 17:35:03,
连云港百鲜屋食品有限公司,,lygsp09.daili,zhi.guo,2022-02-17 10:05:35,
青岛宏图人力资源服务有限公司,,lygsp09.daili,青岛体验库,2022-01-20 11:16:38,非连云港地区
