岗位,薪资,城市
Python开发工程师,1.5-2.5万/月,北京-西城区
Python研发工程师,1.5-2万/月,北京-海淀区
Python开发工程师,0.6-1.1万/月,北京-海淀区
开发工程师-Python方向(001429),1-1.5万/月,北京-顺义区
Python开发工程师,1-1.5万/月,北京-朝阳区
服务端开发工程师-Python,1.5-2.5万/月,北京
python web工程师,1-2万/月,北京-海淀区
初级python开发工程师,1.2-2万/月,北京-海淀区
Python开发工程师,1.5-2万/月,北京-海淀区
可信智能软件研究工程师,1.2-2.4万/月,北京-海淀区
后端开发工程师,1.5-2万/月,北京
pyhon实习生,3-5千/月,北京-朝阳区
RPA工程师实习生,4-6千/月,北京-海淀区
软件开发工程师,0.8-1万/月,北京-海淀区
期权投资-程序化开发,0.7-1.2万/月,北京
Python开发工程师,0.8-1.5万/月,北京-西城区
Python开发工程师,0.9-1.8万/月,北京-海淀区
Python开发工程师,0.8-1.5万/月,北京-昌平区
Python开发工程师,1.5-2万/月,北京-大兴区
Python开发工程师,1.4-1.5万/月,北京
Senior Python Engineer（remote）,1.5-2.5万/月,上海
Python开发工程师,0.9-1.8万/月,北京-海淀区
Python开发工程师,0.8-1万/月,北京-海淀区
python中高级开发工程师,1.8-2.8万/月,北京-朝阳区
软件研发工程师Python（外派）,1-1.5万/月,北京-海淀区
Python后端开发（北京）,1-1.5万/月,北京-朝阳区
Python算法开发工程师,0.8-1.5万/月,北京-朝阳区
后端工程师（Python /数据挖掘）,1.8-2.8万/月,北京-海淀区
Python高级开发工程师,2.5-3万/月,北京
Python后端开发,0.9-1.5万/月,北京-朝阳区
Python开发工程师,1-1.5万/月,北京-海淀区
Python Developer,2-2.5万/月,北京-朝阳区
Python软件工程师,1.5-2.5万/月,北京-朝阳区
Python开发工程师(图像算法/系统研发/数据分析),1.5-3万/月,北京-朝阳区
python开发工程师（安全）,2.5-3万/月,北京
Python开发工程师,1-1.5万/月,北京-海淀区
Python开发工程师,1-1.5万/月,北京
Python开发工程师,1.2-1.5万/月,北京-朝阳区
Python开发工程师,0.8-1.5万/月,上海
Python工程师,1-1.8万/月,北京-石景山区
Python开发工程师,1.2-1.7万/月,北京-朝阳区
python开发工程师-北京,1-1.5万/月,北京-海淀区
python研发工程师,1.5-2.2万/月,北京-朝阳区
Python开发工程师,0.6-1.2万/月,北京-丰台区
python研发工程师,1.8-3.5万/月,北京-朝阳区
Python软件开发工程师,1.8-3万/月,北京-朝阳区
后端研发工程师(python/go),0.7-1.4万/月,北京-海淀区
Python开发工程师,1.5-2万/月,北京-西城区
python爬虫工程师,1.5-2万/月,北京-海淀区
Python工程师,1-2万/月,北京-朝阳区
Python开发工程师,1-1.5万/月,北京-海淀区
Python开发工程师,1.5-2万/月,北京-海淀区
Python开发工程师,1.7-2.5万/月,北京-海淀区
Python开发工程师,1-1.5万/月,北京
Python开发工程师,1-2万/月,北京
Python开发工程师,1-2万/月,北京-海淀区
Python开发工程师,1.2-1.6万/月,北京-海淀区
Python开发工程师,1.5-2万/月,北京
Python开发工程师,1.5-2.2万/月,北京-海淀区
Python开发工程师,1.5-2万/月,北京-西城区
Python开发工程师,1-1.8万/月,北京-海淀区
人工智能python工程师,15-20万/年,北京-东城区
驻场python开发工程师,1.2-1.4万/月,北京-顺义区
Python开发工程师,1.5-2万/月,北京-朝阳区
Python开发工程师,1-1.5万/月,北京-海淀区
Python开发工程师,0.8-1.2万/月,北京-朝阳区
Python开发工程师,1-1.5万/月,北京-东城区
Python开发工程师,1.5-2.5万/月,北京
Python开发工程师,4-5万/月,北京-朝阳区
高级Python  /  爬虫开发工程师,2-2.5万/月,上海
Python高级开发工程师,1-2万/月,北京-朝阳区
Python高级开发工程师,2-2.5万/月,北京-海淀区
Python高级开发工程师,1-1.5万/月,北京-朝阳区
Python开发工程师,1.5-2.5万/月,北京-昌平区
Python高级开发工程师,3-4万/月,北京-昌平区
Python高级开发工程师,2-4万/月,北京-朝阳区
Python开发工程师,1-1.5万/月,北京
Python架构师,2-2.5万/月,北京-石景山区
Python开发工程师,1.5-2万/月,北京-朝阳区
软件开发工程师（Python）,1.5-3万/月,上海
Python高级开发工程师,1.2-2.4万/月,北京
Python开发工程师,1.5-2.5万/月,北京
python研发工程师,1.2-1.8万/月,北京-朝阳区
Python软件工程师,2-2.5万/月,北京-西城区
Python开发工程师,1-1.7万/月,西安
软件开发/自动化开发/Net开发-Uipath,1.5-2万/月,北京-海淀区
中高级服务端开发工程师（IT方向）,1.5-3万/月,北京-海淀区
无线工具软件研发工程师,2-3.5万/月,北京
后端开发工程师,15-30万/年,北京-朝阳区
WEB服务端研发工程师,1.5-2.5万/月,北京-海淀区
RPA实施开发工程师,0.7-1.2万/月,北京-朝阳区
Web后端（Django方向）开发工程师,1.2-2万/月,北京-石景山区
系统开发工程师,1-2万/月,北京-西城区
28937-高级技术美术-北京（pipeline方向）,3-6万/月,北京-海淀区
软件开发工程师,1.5-2.5万/月,北京
服务端研发工程师,1-2万/月,北京-朝阳区
RPA开发工程师（业务支援）(J32470),1.7-2.7万/月,北京-大兴区
爬虫开发工程师,1.2-2万/月,北京-海淀区
pathon开发工程师,1.1-2万/月,北京-丰台区
中级后端开发工程师,1.5-3万/月,北京-丰台区
爬虫工程师,2-4万/月,北京-朝阳区
RPA工程师(J10511),1.2-2.4万/月,北京-海淀区
IoT WebAssembly Deputy Principal Engineer,2-2.5万/月,北京
Full Chip Timing Engineer,2-4万/月,北京
后端工程师(区块链)朝九晚六,4-5万/月,北京-朝阳区
图像算法工程师,4-5万/月,深圳
数据挖掘工程师,1.5-2.5万/月,北京-朝阳区
Data Engineer 数据开发工程师,30-40万/年,上海
音频软件工程师,1.2-1.8万/月,北京
量化开发工程师（python）,5-7万/月,北京-海淀区
Python后端开发实习生,180元/天,北京-海淀区
Python开发实习生,200元/天,北京-门头沟区
Python开发工程师,1.5-2千/月,北京
Python开发工程师,1-1.5万/月,北京-朝阳区
Python开发工程师,1-1.5万/月,北京-大兴区
Python开发工程师,1-1.5万/月,北京-大兴区
Python开发工程师,1-1.5万/月,北京-通州区
Python开发工程师,1-1.5万/月,北京-石景山区
Python开发工程师,1-1.5万/月,北京-海淀区
Python开发工程师,1-1.5万/月,北京-朝阳区
Python开发工程师,1-1.5万/月,北京-东城区
Python开发工程师,1-1.5万/月,北京-海淀区
Python开发工程师,1-1.5万/月,北京-昌平区
Python开发工程师,1-1.5万/月,北京-海淀区
Python开发工程师,1-1.5万/月,衡水
Python开发工程师,1-1.5万/月,承德
Python开发工程师,1-1.5万/月,张家口
Python开发工程师,1-1.5万/月,廊坊
Python开发工程师,1-1.5万/月,天津
Python开发工程师,1-1.5万/月,廊坊
Python开发工程师,1-1.5万/月,沧州
Python开发工程师,1-1.5万/月,保定
Python开发工程师,1-1.5万/月,邯郸
Python开发工程师,1-1.5万/月,唐山
Python开发工程师,1-1.5万/月,石家庄
Python开发工程师（北京）,1-1.5万/月,北京-朝阳区
Python高级开发工程师（北京）,1.5-2万/月,北京-朝阳区
高级python工程师,1.5-2万/月,北京-朝阳区
中级Python工程师,1-1.2万/月,北京-朝阳区
高级后端开发工程师（python）,1.4-2.8万/月,北京-海淀区
后端开发工程师 （Python/数据分析和可视化）,1.2-2.4万/月,北京-海淀区
Python开发工程师,1-1.5万/月,北京-海淀区
Python开发工程师,1-1.5万/月,北京-海淀区
python工程师,0.6-1万/月,北京-朝阳区
Java/Python研发工程师,1.2-1.8万/月,北京-西城区
python开发工程师（RPA实施工程师）,0.6-1万/月,北京-丰台区
Python web研发工程师,1.5-2.5万/月,北京-朝阳区
python算法工程师（气象）,1-1.5万/月,北京-海淀区
Python开发工程师(J12915),1.2-1.8万/月,北京-海淀区
岗位,薪资,城市
Python开发工程师,1.5-2.5万/月,北京-西城区
Python研发工程师,1.5-2万/月,北京-海淀区
Python开发工程师,0.6-1.1万/月,北京-海淀区
开发工程师-Python方向(001429),1-1.5万/月,北京-顺义区
Python开发工程师,1-1.5万/月,北京-朝阳区
服务端开发工程师-Python,1.5-2.5万/月,北京
python web工程师,1-2万/月,北京-海淀区
初级python开发工程师,1.2-2万/月,北京-海淀区
Python开发工程师,1.5-2万/月,北京-海淀区
可信智能软件研究工程师,1.2-2.4万/月,北京-海淀区
后端开发工程师,1.5-2万/月,北京
pyhon实习生,3-5千/月,北京-朝阳区
RPA工程师实习生,4-6千/月,北京-海淀区
软件开发工程师,0.8-1万/月,北京-海淀区
期权投资-程序化开发,0.7-1.2万/月,北京
Python开发工程师,0.8-1.5万/月,北京-西城区
Python开发工程师,0.9-1.8万/月,北京-海淀区
Python开发工程师,0.8-1.5万/月,北京-昌平区
Python开发工程师,1.5-2万/月,北京-大兴区
Python开发工程师,1.4-1.5万/月,北京
Senior Python Engineer（remote）,1.5-2.5万/月,上海
Python开发工程师,0.9-1.8万/月,北京-海淀区
Python开发工程师,0.8-1万/月,北京-海淀区
python中高级开发工程师,1.8-2.8万/月,北京-朝阳区
软件研发工程师Python（外派）,1-1.5万/月,北京-海淀区
Python后端开发（北京）,1-1.5万/月,北京-朝阳区
Python算法开发工程师,0.8-1.5万/月,北京-朝阳区
后端工程师（Python /数据挖掘）,1.8-2.8万/月,北京-海淀区
Python高级开发工程师,2.5-3万/月,北京
Python后端开发,0.9-1.5万/月,北京-朝阳区
Python开发工程师,1-1.5万/月,北京-海淀区
Python Developer,2-2.5万/月,北京-朝阳区
Python软件工程师,1.5-2.5万/月,北京-朝阳区
Python开发工程师(图像算法/系统研发/数据分析),1.5-3万/月,北京-朝阳区
python开发工程师（安全）,2.5-3万/月,北京
Python开发工程师,1-1.5万/月,北京-海淀区
Python开发工程师,1-1.5万/月,北京
Python开发工程师,1.2-1.5万/月,北京-朝阳区
Python开发工程师,0.8-1.5万/月,上海
Python工程师,1-1.8万/月,北京-石景山区
Python开发工程师,1.2-1.7万/月,北京-朝阳区
python开发工程师-北京,1-1.5万/月,北京-海淀区
python研发工程师,1.5-2.2万/月,北京-朝阳区
Python开发工程师,0.6-1.2万/月,北京-丰台区
python研发工程师,1.8-3.5万/月,北京-朝阳区
Python软件开发工程师,1.8-3万/月,北京-朝阳区
后端研发工程师(python/go),0.7-1.4万/月,北京-海淀区
Python开发工程师,1.5-2万/月,北京-西城区
python爬虫工程师,1.5-2万/月,北京-海淀区
Python工程师,1-2万/月,北京-朝阳区
Python开发工程师,1-1.5万/月,北京-海淀区
Python开发工程师,1.5-2万/月,北京-海淀区
Python开发工程师,1.7-2.5万/月,北京-海淀区
Python开发工程师,1-1.5万/月,北京
Python开发工程师,1-2万/月,北京
Python开发工程师,1-2万/月,北京-海淀区
Python开发工程师,1.2-1.6万/月,北京-海淀区
Python开发工程师,1.5-2万/月,北京
Python开发工程师,1.5-2.2万/月,北京-海淀区
Python开发工程师,1.5-2万/月,北京-西城区
Python开发工程师,1-1.8万/月,北京-海淀区
人工智能python工程师,15-20万/年,北京-东城区
驻场python开发工程师,1.2-1.4万/月,北京-顺义区
Python开发工程师,1.5-2万/月,北京-朝阳区
Python开发工程师,1-1.5万/月,北京-海淀区
Python开发工程师,0.8-1.2万/月,北京-朝阳区
Python开发工程师,1-1.5万/月,北京-东城区
Python开发工程师,1.5-2.5万/月,北京
Python开发工程师,4-5万/月,北京-朝阳区
高级Python  /  爬虫开发工程师,2-2.5万/月,上海
Python高级开发工程师,1-2万/月,北京-朝阳区
Python高级开发工程师,2-2.5万/月,北京-海淀区
Python高级开发工程师,1-1.5万/月,北京-朝阳区
Python开发工程师,1.5-2.5万/月,北京-昌平区
Python高级开发工程师,3-4万/月,北京-昌平区
Python高级开发工程师,2-4万/月,北京-朝阳区
Python开发工程师,1-1.5万/月,北京
Python架构师,2-2.5万/月,北京-石景山区
Python开发工程师,1.5-2万/月,北京-朝阳区
软件开发工程师（Python）,1.5-3万/月,上海
Python高级开发工程师,1.2-2.4万/月,北京
Python开发工程师,1.5-2.5万/月,北京
python研发工程师,1.2-1.8万/月,北京-朝阳区
Python软件工程师,2-2.5万/月,北京-西城区
Python开发工程师,1-1.7万/月,西安
软件开发/自动化开发/Net开发-Uipath,1.5-2万/月,北京-海淀区
中高级服务端开发工程师（IT方向）,1.5-3万/月,北京-海淀区
无线工具软件研发工程师,2-3.5万/月,北京
后端开发工程师,15-30万/年,北京-朝阳区
WEB服务端研发工程师,1.5-2.5万/月,北京-海淀区
RPA实施开发工程师,0.7-1.2万/月,北京-朝阳区
Web后端（Django方向）开发工程师,1.2-2万/月,北京-石景山区
系统开发工程师,1-2万/月,北京-西城区
28937-高级技术美术-北京（pipeline方向）,3-6万/月,北京-海淀区
软件开发工程师,1.5-2.5万/月,北京
服务端研发工程师,1-2万/月,北京-朝阳区
RPA开发工程师（业务支援）(J32470),1.7-2.7万/月,北京-大兴区
爬虫开发工程师,1.2-2万/月,北京-海淀区
pathon开发工程师,1.1-2万/月,北京-丰台区
中级后端开发工程师,1.5-3万/月,北京-丰台区
爬虫工程师,2-4万/月,北京-朝阳区
RPA工程师(J10511),1.2-2.4万/月,北京-海淀区
IoT WebAssembly Deputy Principal Engineer,2-2.5万/月,北京
Full Chip Timing Engineer,2-4万/月,北京
后端工程师(区块链)朝九晚六,4-5万/月,北京-朝阳区
图像算法工程师,4-5万/月,深圳
数据挖掘工程师,1.5-2.5万/月,北京-朝阳区
Data Engineer 数据开发工程师,30-40万/年,上海
音频软件工程师,1.2-1.8万/月,北京
量化开发工程师（python）,5-7万/月,北京-海淀区
Python后端开发实习生,180元/天,北京-海淀区
Python开发实习生,200元/天,北京-门头沟区
Python开发工程师,1.5-2千/月,北京
Python开发工程师,1-1.5万/月,北京-朝阳区
Python开发工程师,1-1.5万/月,北京-大兴区
Python开发工程师,1-1.5万/月,北京-大兴区
Python开发工程师,1-1.5万/月,北京-通州区
Python开发工程师,1-1.5万/月,北京-石景山区
Python开发工程师,1-1.5万/月,北京-海淀区
Python开发工程师,1-1.5万/月,北京-朝阳区
Python开发工程师,1-1.5万/月,北京-东城区
Python开发工程师,1-1.5万/月,北京-海淀区
Python开发工程师,1-1.5万/月,北京-昌平区
Python开发工程师,1-1.5万/月,北京-海淀区
Python开发工程师,1-1.5万/月,衡水
Python开发工程师,1-1.5万/月,承德
Python开发工程师,1-1.5万/月,张家口
Python开发工程师,1-1.5万/月,廊坊
Python开发工程师,1-1.5万/月,天津
Python开发工程师,1-1.5万/月,廊坊
Python开发工程师,1-1.5万/月,沧州
Python开发工程师,1-1.5万/月,保定
Python开发工程师,1-1.5万/月,邯郸
Python开发工程师,1-1.5万/月,唐山
Python开发工程师,1-1.5万/月,石家庄
Python开发工程师（北京）,1-1.5万/月,北京-朝阳区
Python高级开发工程师（北京）,1.5-2万/月,北京-朝阳区
高级python工程师,1.5-2万/月,北京-朝阳区
中级Python工程师,1-1.2万/月,北京-朝阳区
高级后端开发工程师（python）,1.4-2.8万/月,北京-海淀区
后端开发工程师 （Python/数据分析和可视化）,1.2-2.4万/月,北京-海淀区
Python开发工程师,1-1.5万/月,北京-海淀区
Python开发工程师,1-1.5万/月,北京-海淀区
python工程师,0.6-1万/月,北京-朝阳区
Java/Python研发工程师,1.2-1.8万/月,北京-西城区
python开发工程师（RPA实施工程师）,0.6-1万/月,北京-丰台区
Python web研发工程师,1.5-2.5万/月,北京-朝阳区
python算法工程师（气象）,1-1.5万/月,北京-海淀区
Python开发工程师(J12915),1.2-1.8万/月,北京-海淀区
岗位,薪资,城市
Python开发工程师,1.5-2.5万/月,北京-西城区
Python研发工程师,1.5-2万/月,北京-海淀区
Python开发工程师,0.6-1.1万/月,北京-海淀区
开发工程师-Python方向(001429),1-1.5万/月,北京-顺义区
Python开发工程师,1-1.5万/月,北京-朝阳区
服务端开发工程师-Python,1.5-2.5万/月,北京
python web工程师,1-2万/月,北京-海淀区
初级python开发工程师,1.2-2万/月,北京-海淀区
Python开发工程师,1.5-2万/月,北京-海淀区
可信智能软件研究工程师,1.2-2.4万/月,北京-海淀区
后端开发工程师,1.5-2万/月,北京
pyhon实习生,3-5千/月,北京-朝阳区
RPA工程师实习生,4-6千/月,北京-海淀区
软件开发工程师,0.8-1万/月,北京-海淀区
期权投资-程序化开发,0.7-1.2万/月,北京
Python开发工程师,0.8-1.5万/月,北京-西城区
Python开发工程师,0.9-1.8万/月,北京-海淀区
Python开发工程师,0.8-1.5万/月,北京-昌平区
Python开发工程师,1.5-2万/月,北京-大兴区
Python开发工程师,1.4-1.5万/月,北京
Senior Python Engineer（remote）,1.5-2.5万/月,上海
Python开发工程师,0.9-1.8万/月,北京-海淀区
Python开发工程师,0.8-1万/月,北京-海淀区
python中高级开发工程师,1.8-2.8万/月,北京-朝阳区
软件研发工程师Python（外派）,1-1.5万/月,北京-海淀区
Python后端开发（北京）,1-1.5万/月,北京-朝阳区
Python算法开发工程师,0.8-1.5万/月,北京-朝阳区
后端工程师（Python /数据挖掘）,1.8-2.8万/月,北京-海淀区
Python高级开发工程师,2.5-3万/月,北京
Python后端开发,0.9-1.5万/月,北京-朝阳区
Python开发工程师,1-1.5万/月,北京-海淀区
Python Developer,2-2.5万/月,北京-朝阳区
Python软件工程师,1.5-2.5万/月,北京-朝阳区
Python开发工程师(图像算法/系统研发/数据分析),1.5-3万/月,北京-朝阳区
python开发工程师（安全）,2.5-3万/月,北京
Python开发工程师,1-1.5万/月,北京-海淀区
Python开发工程师,1-1.5万/月,北京
Python开发工程师,1.2-1.5万/月,北京-朝阳区
Python开发工程师,0.8-1.5万/月,上海
Python工程师,1-1.8万/月,北京-石景山区
Python开发工程师,1.2-1.7万/月,北京-朝阳区
python开发工程师-北京,1-1.5万/月,北京-海淀区
python研发工程师,1.5-2.2万/月,北京-朝阳区
Python开发工程师,0.6-1.2万/月,北京-丰台区
python研发工程师,1.8-3.5万/月,北京-朝阳区
Python软件开发工程师,1.8-3万/月,北京-朝阳区
后端研发工程师(python/go),0.7-1.4万/月,北京-海淀区
Python开发工程师,1.5-2万/月,北京-西城区
python爬虫工程师,1.5-2万/月,北京-海淀区
Python工程师,1-2万/月,北京-朝阳区
Python开发工程师,1-1.5万/月,北京-海淀区
Python开发工程师,1.5-2万/月,北京-海淀区
Python开发工程师,1.7-2.5万/月,北京-海淀区
Python开发工程师,1-1.5万/月,北京
Python开发工程师,1-2万/月,北京
Python开发工程师,1-2万/月,北京-海淀区
Python开发工程师,1.2-1.6万/月,北京-海淀区
Python开发工程师,1.5-2万/月,北京
Python开发工程师,1.5-2.2万/月,北京-海淀区
Python开发工程师,1.5-2万/月,北京-西城区
Python开发工程师,1-1.8万/月,北京-海淀区
人工智能python工程师,15-20万/年,北京-东城区
驻场python开发工程师,1.2-1.4万/月,北京-顺义区
Python开发工程师,1.5-2万/月,北京-朝阳区
Python开发工程师,1-1.5万/月,北京-海淀区
Python开发工程师,0.8-1.2万/月,北京-朝阳区
Python开发工程师,1-1.5万/月,北京-东城区
Python开发工程师,1.5-2.5万/月,北京
Python开发工程师,4-5万/月,北京-朝阳区
高级Python  /  爬虫开发工程师,2-2.5万/月,上海
Python高级开发工程师,1-2万/月,北京-朝阳区
Python高级开发工程师,2-2.5万/月,北京-海淀区
Python高级开发工程师,1-1.5万/月,北京-朝阳区
Python开发工程师,1.5-2.5万/月,北京-昌平区
Python高级开发工程师,3-4万/月,北京-昌平区
Python高级开发工程师,2-4万/月,北京-朝阳区
Python开发工程师,1-1.5万/月,北京
Python架构师,2-2.5万/月,北京-石景山区
Python开发工程师,1.5-2万/月,北京-朝阳区
软件开发工程师（Python）,1.5-3万/月,上海
Python高级开发工程师,1.2-2.4万/月,北京
Python开发工程师,1.5-2.5万/月,北京
python研发工程师,1.2-1.8万/月,北京-朝阳区
Python软件工程师,2-2.5万/月,北京-西城区
Python开发工程师,1-1.7万/月,西安
软件开发/自动化开发/Net开发-Uipath,1.5-2万/月,北京-海淀区
中高级服务端开发工程师（IT方向）,1.5-3万/月,北京-海淀区
无线工具软件研发工程师,2-3.5万/月,北京
后端开发工程师,15-30万/年,北京-朝阳区
WEB服务端研发工程师,1.5-2.5万/月,北京-海淀区
RPA实施开发工程师,0.7-1.2万/月,北京-朝阳区
Web后端（Django方向）开发工程师,1.2-2万/月,北京-石景山区
系统开发工程师,1-2万/月,北京-西城区
28937-高级技术美术-北京（pipeline方向）,3-6万/月,北京-海淀区
软件开发工程师,1.5-2.5万/月,北京
服务端研发工程师,1-2万/月,北京-朝阳区
RPA开发工程师（业务支援）(J32470),1.7-2.7万/月,北京-大兴区
爬虫开发工程师,1.2-2万/月,北京-海淀区
pathon开发工程师,1.1-2万/月,北京-丰台区
中级后端开发工程师,1.5-3万/月,北京-丰台区
爬虫工程师,2-4万/月,北京-朝阳区
RPA工程师(J10511),1.2-2.4万/月,北京-海淀区
IoT WebAssembly Deputy Principal Engineer,2-2.5万/月,北京
Full Chip Timing Engineer,2-4万/月,北京
后端工程师(区块链)朝九晚六,4-5万/月,北京-朝阳区
图像算法工程师,4-5万/月,深圳
数据挖掘工程师,1.5-2.5万/月,北京-朝阳区
Data Engineer 数据开发工程师,30-40万/年,上海
音频软件工程师,1.2-1.8万/月,北京
量化开发工程师（python）,5-7万/月,北京-海淀区
Python后端开发实习生,180元/天,北京-海淀区
Python开发实习生,200元/天,北京-门头沟区
Python开发工程师,1.5-2千/月,北京
Python开发工程师,1-1.5万/月,北京-朝阳区
Python开发工程师,1-1.5万/月,北京-大兴区
Python开发工程师,1-1.5万/月,北京-大兴区
Python开发工程师,1-1.5万/月,北京-通州区
Python开发工程师,1-1.5万/月,北京-石景山区
Python开发工程师,1-1.5万/月,北京-海淀区
Python开发工程师,1-1.5万/月,北京-朝阳区
Python开发工程师,1-1.5万/月,北京-东城区
Python开发工程师,1-1.5万/月,北京-海淀区
Python开发工程师,1-1.5万/月,北京-昌平区
Python开发工程师,1-1.5万/月,北京-海淀区
Python开发工程师,1-1.5万/月,衡水
Python开发工程师,1-1.5万/月,承德
Python开发工程师,1-1.5万/月,张家口
Python开发工程师,1-1.5万/月,廊坊
Python开发工程师,1-1.5万/月,天津
Python开发工程师,1-1.5万/月,廊坊
Python开发工程师,1-1.5万/月,沧州
Python开发工程师,1-1.5万/月,保定
Python开发工程师,1-1.5万/月,邯郸
Python开发工程师,1-1.5万/月,唐山
Python开发工程师,1-1.5万/月,石家庄
Python开发工程师（北京）,1-1.5万/月,北京-朝阳区
Python高级开发工程师（北京）,1.5-2万/月,北京-朝阳区
高级python工程师,1.5-2万/月,北京-朝阳区
中级Python工程师,1-1.2万/月,北京-朝阳区
高级后端开发工程师（python）,1.4-2.8万/月,北京-海淀区
后端开发工程师 （Python/数据分析和可视化）,1.2-2.4万/月,北京-海淀区
Python开发工程师,1-1.5万/月,北京-海淀区
Python开发工程师,1-1.5万/月,北京-海淀区
python工程师,0.6-1万/月,北京-朝阳区
Java/Python研发工程师,1.2-1.8万/月,北京-西城区
python开发工程师（RPA实施工程师）,0.6-1万/月,北京-丰台区
Python web研发工程师,1.5-2.5万/月,北京-朝阳区
python算法工程师（气象）,1-1.5万/月,北京-海淀区
Python开发工程师(J12915),1.2-1.8万/月,北京-海淀区
