用户昵称,商品id,评分,商品尺寸,商品颜色,评论时间,评论内容,评论类型
小***琛,16587145807,5,80升,??【黑科技】电子镁棒零电洗,2021-11-06 16:41:08,外形外观：外观美观大方，白色的储水热水器很我们家卫生间非常搭 加热速度：加热速度快，如果不想等可以提前预约，想洗澡的时候直接洗 耗能情况：比较节能，冬天一家人洗澡非常的方便  其他特色：安装师傅非常专业,pos
赵***桁,16517618573,5,80升,【内胆免清洗】电子镁棒零电洗,2021-10-25 20:06:17,热水器安装好使用几天后才来评价，外观很漂亮，双管速热加温很快；电子镁棒真正免清洗；一级变频节能省电；遥控操作很方便；做工也很精细，跟浴室颜色很配套；出热水也很稳定，适合一大家人使用。,pos
****l,15804887498,5,80升,【高端旗舰】电子镁棒即开即热,2021-06-14 11:46:42,送货速度很快，按我们要求的时间送到，安装师傅也很好，打洞什么的会帮做好清洁，安装的也没有问题，真不错?电热水器外表很大气，颜色也很好看，容量大，显示屏很容易看清，很实用，是一级能效的，省电，加热速度也挺快的，搞活动很划算啊，电子镁棒的可以不用换镁棒，特别方便和省钱，水质也会很干净，不错！现在电热水器越做越好了～????,pos
****T,16617978905,5,80升,??【黑科技】电子镁棒零电洗,2021-11-11 11:20:10,热水器收到了，派送员送货上门，服务很好，态度很好。热水器外观很好看，给人一种高级的感觉。这款热水器可以自由切换，还能连接，在手机上遥控预约，还有电子镁棒跟智能杀菌，让热水器真正做到免清洗，沐浴报告连上在手机上还能看到用电量跟用水量，还能看到使用时长。还有云管家，智能控温省电。健康沐浴功能实时监测水质，提醒智能杀菌。变频速热功能可以跟切换加热更快速。出水断电功能，花洒出水即断电，沐浴更安全。总体来说送货****，上门安装服务，美的集团客服服务还是很不错的，星好评?????,pos
****ㄖ,16731474987,5,80升,??【黑科技】电子镁棒零电洗,2021-11-27 15:49:02,大品牌值得信赖，安装师傅服务态度好，售后无忧，京东物流快捷 外形外观：白色简洁大方，的容量足够使用。 加热速度：两档加热各有好处。 耗能情况：一级变频，超级省电,pos
水***1,15621450852,5,60升,【高端旗舰】电子镁棒即开即热,2021-05-01 09:27:49,货收到了外观高端大气的颜色，颜色和我的浴室很搭，很好，容量也不小一家人刚好够用，洗澡时间长的朋友可以选择大点的，以后不怕阴天下雨太阳能不热了，喜欢的朋友可以入手。,pos
****线,15765406862,5,60升,【新品首发】电子镁棒零电洗,2021-06-05 17:42:42,美的机子白色外观，漂亮时尚，一级变频节能省电，电子镁棒真正免清洗，双管速热，大功率加热快，遥控 操作方便，美的美的真的美??，京东速度快，京东平台值得信赖！?????,pos
****t,15718709250,5,60升,【高端旗舰】电子镁棒即开即热,2021-05-25 22:50:09,关注很久了，对比了很多款热水器最终认定这一款，热水器设计的非常不错，很大气，颜值超高不占地，显示屏很显质感， 安装师傅很专业，每一笔都清清楚楚，热情细心，安装完成还帮忙打扫干净。容量足够一家人使用，美的的品质和服务非常不错，总体很满意,pos
****d,15760708983,5,60升,【奢华净浴】除氯净水护发柔肤,2021-06-04 18:08:20,外形外观：颜色靓丽 美观大方 超大显示屏 高档上档次 耗能情况：一级能效 省时省电  加热速度：瓦大功率 加热速度快 其他特色：操作简单 使用方便 京东物流神速专业安装 大品牌售后服务很到位 值得信赖,pos
解***深,16571652951,5,60升,??【黑科技】电子镁棒零电洗,2021-11-04 09:56:45,热水器确实速热，升温很快，外观也好看，屏幕菜单简洁易用很方便，希望免换镁棒的性能也能让人满意，总体来说目前很满意,pos
****e,16670234240,5,60升,【高端旗舰】电子镁棒涡旋速热,2021-11-17 10:31:01,双十一下单，价格优惠，大容量够一家人使用，第二天就送货上门，速度超级快，机子加热也很快，振动也挺轻的，总体来说都是相当满意，看中年质保有保证，愉快的购物体验,pos
贫***9,15143874604,5,60升,【鸿蒙智联】除氯净水护发柔肤,2021-01-05 20:14:34,外形外观：外观比较有科技感，显示界面很直观，属于比较漂亮的设计 加热速度：之前热水器只有，加热速度太慢，这款美的加热速度大提升，且保温相比之前更好，多个人轮流洗间隔加热时间不会等待太久 耗能情况：搭配鸿蒙系统智能合理控制，自然会比一般热水器更省电 洗浴时间：符合宣传的效果，我家湖南永州，这款升人洗没啥问题 其他特色：手机控制加热管理很赞，非常方便,pos
x***6,16597884169,5,60升,??【黑科技】电子镁棒零电洗,2021-11-08 10:32:42,美的智能电热水器 ，采用的是电子镁棒无需更换镁棒免清洗的一款热水器，用起来很方便出水即可断电，更安全更贴心快速加热，用热水不用等。,pos
进***境,15825438310,5,60升,【新品首发】电子镁棒零电洗,2021-06-18 09:01:43,非常不错的一次的购物体验，很智能的一款美的热水器，出水量够大，智能连接，不在家也能打开热水器，尤其是在外面跑步的时候，想回家冲澡一键操作，省时省心！,pos
a***0,16737156224,5,60升,??【黑科技】电子镁棒零电洗,2021-11-28 17:16:50,外观特别好看，瓦加热应该很快，容积也够大。看来看去还是这款好，买了一台，又买了一台，体积不算大，吊顶做了全隐藏，完全没有问题，反正可以用无线控制。,pos
咚***8,16689959317,5,60升,【超级新品】电子镁棒涡旋速热,2021-11-20 08:22:23,热水器也太好看了吧，非常好用，加热很快。鸿蒙一碰连非常的方便。功能很多，什么出水断电，超大水量啥的很实用，防电墙也很安心。价格也挺合适的，非常喜欢，好评！,pos
****n,15060727427,5,60升,【鸿蒙智联】除氯净水护发柔肤,2020-12-17 19:41:18,物流特别快，两天就到了，迫不及待的打开，感觉外观高端大气上档次，满满的高科技， 预约师傅安装，师傅上门很快，装的时候小心翼翼， 加热速度：加热速度超级快，一会的功夫就可以洗澡用了，不用再向以前一样担心洗着洗着就凉了 耗能情况：一级能效，妥妥的，转化率很高， 其他特色：具备鸿蒙物联网功能，速度很快，智能控制，,pos
小***0,16606082279,5,80升,??【黑科技】电子镁棒零电洗,2021-11-09 15:06:30,价格很便宜，容量够-人洗澡，水压效果也很好，京东上物流真的快，刮风下雨都送过来了，开水断电，对人身安全起到重要作用。,pos
凤***林,16452367663,5,80升,【高端旗舰】电子镁棒即开即热,2021-10-12 19:46:55,外形大气美观，金色真的很好看，跟装修很配，颜值高。 加热速度很快，度几十分钟就烧好了，水很热，用水方便，大量用水也能供应上，真的是好评。 瓦功率烧水很快的，还会自动变频换成小工率很节能很好用，保温效果也好，热水也不会很快变凉，很节能。 洗浴时间很长，水量多，出水热，真的很方便洗浴，升容量泡澡也够用，冬天洗澡太给力了，第一次在京东上买大家电，送货很快，服务好，安装给力，买家电上京东还是比较省心的。,pos
花***疼,16556082452,5,60升,??【黑科技】电子镁棒零电洗,2021-11-02 00:24:25,我觉得还是白色最好看，之前看的金色款式不好看，这款白色的箱体，蓝色的显示器真是不错。安装师傅很热情，安装单位，就等后面使用啦！目前看，没毛病。,pos
吃***g,16687947324,5,60升,??【黑科技】电子镁棒零电洗,2021-11-19 20:02:34,外观美观大方，显示界面很有科技感，之前热水器功率低，这个支持和双档位，速度快，热水充足，京东配送有保证，总之很满意。,pos
*****,15810086465,5,60升,【高端旗舰】电子镁棒即开即热,2021-06-15 15:05:33,货物收到了  外观大气 漂亮 加热很快 节约能源 使用方便 舒适 物流快捷 服务周到,pos
m***H,15063716433,5,60升,【鸿蒙智联】除氯净水护发柔肤,2020-12-18 14:00:45,美的鸿蒙电热水器外观漂亮大方? ，可以软化水质，搭载鸿蒙系统，使得手机操作很简单?，一级能耗节约用电，加热速度快，电子镁棒省时省力，容量正好够一家三口洗????预约安装，师傅来的很快，顺便还给讲解了，赞???,pos
****3,16592625086,5,60升,??【黑科技】电子镁棒零电洗,2021-11-07 14:52:28,很好用，节能保温效果挺好，用手机连接控制更简单轻松。父母也觉得很满意，终身不用换镁棒，还有智能杀菌，水质监测等功能。功率可以选瓦或瓦，平时省电就用瓦就够用，想快速洗澡就选瓦。,pos
****g,14829760229,5,60升,【新品首发】电子镁棒零电洗,2020-11-02 13:50:49,外形外观简洁大气 耐看 漂亮 加热很快 温度显示 能耗低 节约能源 使用方便舒适 价格物美价廉 物流快捷 服务周到,pos
****z,14825036515,5,60升,【新品首发】电子镁棒零电洗,2020-11-01 16:18:06,外形外观：外形美观，白色箱体，黑色控制面板！ 加热速度：加热速率快，级能效！ 耗能情况：节能，耗电率低！ 其他特色：智能遥控，大便快捷，热水输出率%！ 洗浴时间：加热时间快，值得入手！强烈推荐！,pos
大***锦,16693505329,5,60升,??【黑科技】电子镁棒零电洗,2021-11-20 19:44:25,信赖美的的产品和京东的服务 所以选购了这个热水器 赶上活动购买价格还可以 购买之后大概四天送货 转天就给安装 服务挺到位的 免费拆旧免费安装 服务比较正规 已经用了几天了 加热还是挺快的 也比较静音 面板很漂亮 操作简便 老人用着方便 还可以和蓝牙连接 远程也可以开机关机 定时加热设置加热温度 感觉功能都比较实用 非常满意！,pos
王***8,15752116175,5,60升,【奢华净浴】除氯净水护发柔肤,2021-06-02 22:46:30,"外形外观：高冷,俊黑灰, 尺寸符合：容量够大 制冷效果：很棒保鲜效果; 在使用中容量大小：很大,够用颜值担当,冰箱不错,和装修百搭。物流快售后棒。 全家都喜欢它。有值!",pos
****L,16626638129,5,60升,??【黑科技】电子镁棒零电洗,2021-11-12 12:46:35,热水器送货上门，上门安装，服务非常好，外观设计漂亮，功能也多且实用，感觉非常好，而且电子镁棒免清洗，出水断电又十分安全，加热十分迅速，难得的好产品，最后还要说下智能杀菌功能，十分智能，一键开启，美的大品牌，真心满意。对这次购物整个过程都十分满意，热水器安装后更是喜欢。大家买就对了，一定会特别满意的。,pos
s***n,15094598798,5,60升,【鸿蒙智联】除氯净水护发柔肤,2020-12-25 16:24:29,双抢购的 价钱特别合适 颜色是类似金属拉丝 很漂亮 终生免更换电子镁棒 双独立加热棒 除氯功能都非常实用 还有单独配送的后置除氯器 功能齐备 刚刚安装完毕 五星好评,pos
j***i,15060544631,5,60升,【鸿蒙智联】除氯净水护发柔肤,2020-12-17 19:06:35,外形外观：玄武灰颜色高端大气，美的着新配色确实好看，曲面面板更是提高档次！ 加热速度：加热速度特别快，没什么噪音！功能比较全面，就给客户的选择性比较多 耗能情况：得益于鸿蒙系统加持，省事省电 洗浴时间：一家个大人个小孩洗澡没问题 其他特色：一直支持京东美的，美的美居特别好用！,pos
l***6,16598746865,5,80升,【超级新品】电子镁棒涡旋速热,2021-11-08 12:49:15,送货很快，服务很好，货一送到安装人员马上就来安装了，安装师傅很细心。热水器很大，智能遥控使用很方便，免清洗，很满意。,pos
****y,16104281803,5,60升,【新品首发】电子镁棒零电洗,2021-08-07 21:51:24,货收到了，外观设计高端大气上档次，操作简单方便，一级能耗节约用电，电子镁棒省时省力，价格物美价廉，物流也快，安装师傅也讲解的很好！赞?,pos
漫***8,16598143755,5,80升,【奢华净浴】除氯净水护发柔肤,2021-11-08 11:11:06,给家来老人装的，智能产品，三重防护，外观漂亮，美的质量没的说，水压够大，烧水一点声音都没有，非常满意。安装人员也非常专业，服务热情。,pos
a***m,16664780605,5,80升,【高端旗舰】电子镁棒涡旋速热,2021-11-16 18:04:58,美的这款电子镁棒涡旋速热的热水器加热速度快，免清洗，大储存空间，可以供-人连续洗澡用都没问题，而且摩卡金颜色也很美，还有智能操控很方便,pos
f***n,14896219643,5,60升,【新品首发】电子镁棒零电洗,2020-11-13 20:04:39,外形外观：很简约，白色的产品外观，白搭，跟家里的装修很配。 加热速度：加热速度很快，半个小时就能把水从二十多度烧到五十度，非常的块，几乎不用怎么等。 耗能情况：标识一级能耗，应该会省电吧。 洗浴时间：一桶水大概能洗四十来分钟把，完全足够用了。 其他特色：断电出水很好用，非常的安全。电子镁棒也很有特色，对于水质比较重的地区很适用。,pos
卖***呦,15063513074,5,60升,【鸿蒙智联】除氯净水护发柔肤,2020-12-18 13:11:11,五星好评，非常好！想不到那么快就到了！不太爱评价，但这个是真的棒！质量很好，做工细致，包裹很严实，快递服务态度好，绝对好评！ 外形外观：亮银色，特别酷炫 耗能情况：一级能耗很省电 加热速度：加热超快，开机后很快水就烧好了,pos
贰***学,16674659482,5,60升,??【黑科技】电子镁棒零电洗,2021-11-17 20:40:27,装上用了两天了，热水器非常喜欢，一级能效感觉比以前的要省电，烧水的速度也快。已经第三台美的了，一如既往地信任。送货安装都非常的舒心。,pos
****0,16703684939,5,60升,【奢华净浴】除氯净水护发柔肤,2021-11-22 17:34:39,外形外观：外观高端大方和浴室非常搭 加热速度：加热速度快，容量大可以 其他特色：免清洗除氯保护皮肤和头发，适合老人和小孩用,pos
****z,14825194445,5,60升,【新品首发】电子镁棒零电洗,2020-11-01 16:50:09,外形外观：外观很时尚，全是触摸面板，高级感十足。 加热速度：通电后加热很快。 洗浴时间：设定好温度，水温非常舒服，可以洗三四个人吧 其他特色：首先物流非常快，凌晨下单，上午就到了。其次安装小哥态度非常好，来的非常及时，一会就安装好了。值得购买。准备再入手一个，给爸妈用。,pos
****5,16416168509,5,80升,【高端旗舰】电子镁棒即开即热,2021-10-05 20:45:42,外形外观：外观漂亮 显示屏界面设计合理 操作方便 有连接 手机操作很方便 加热速度：加热速度快 保温效果好 其他特色：配送到家 服务好  安装师傅很专业 很细心  免费安装给个?,pos
9***a,16677800801,5,60升,??【黑科技】电子镁棒零电洗,2021-11-18 10:24:54,外形外观：简单大气上档次，非常好看 加热速度：快，想洗澡开开，准备好就可以热水洗 耗能情况：暂时还没总结出来这个灰额规律，慢慢看  其他特色：屏幕大气，可以连手机预约烧水，超棒,pos
4***5,14823811369,5,60升,【新品首发】电子镁棒零电洗,2020-11-01 12:02:37,外形外观：外观非常漂亮，而且是带出水断电安全零电洗。变频速热加热非常快，智能杀菌呵护肌肤，洗澡更健康，电子镁棒终身免换。加遥控控制方便便捷。非常值得购买。,pos
****4,16645444864,5,60升,??【黑科技】电子镁棒零电洗,2021-11-14 23:05:46,热水器收到了，派送员送货上门，很准时，服务态度很好，热水器外观很漂亮。家人很喜欢。这款热水器两档调温，还能连接，在手机上遥控预约，还有电子镁棒和智能杀菌，让热水器真正做到免清洗，还有云管家，智能控温省电，健康沐浴功能实时监测水质，提醒智能杀菌。出水断电功能，花洒出水就断电沐浴更安全。美的大品牌，值得信赖！好评！,pos
s***8,15889197588,5,60升,【奢华净浴】除氯净水护发柔肤,2021-06-29 13:24:36,美的极光智能家电系列，升电热水器 外形外观：香槟金显得高端大气上档次，面板清晰，很有品味。 加热速度：加热速度很快，满水加热只需两小时。 耗能情况：一级能耗，一天一度电左右。 洗浴时间：洗浴时间长 可以供-人洗澡。 其他特色：多种加热模式，可以设置自动关机，电子镁棒不用更换。,pos
朱***2,16233528211,5,80升,【新品首发】电子镁棒零电洗,2021-09-01 13:43:50,大品牌值得信赖，加热速度很快，显示清晰，美观，出水断电，安全放心,pos
苏***虫,15059432426,5,60升,【鸿蒙智联】除氯净水护发柔肤,2020-12-17 15:05:03,性价比很高的一款电热水器，颜色非常大气，搭载鸿蒙系统和手机远程控制，操作便捷，的容量正好够-人使用！另外还有个滤芯，有助于水质改善，精品一枚，非常棒！！,pos
草***罗,16582124502,5,80升,??【黑科技】电子镁棒零电洗,2021-11-05 19:07:47,昨天到货，今天就叫师傅来安装好了，安装速度很快，这款热水器不错，高端大气上档次，款式新，安装师傅说这款热水器比较高端，加热快！很满意的一次购物，京都物流的配送小哥也很好，帮忙搬上楼?,pos
****t,14824650541,5,60升,【高端旗舰】电子镁棒即开即热,2020-11-01 15:01:11,外形外观：机器美观大方， 加热速度：加热速度非常快 耗能情况：一级能效，非常省电 洗浴时间：洗浴时间超长，超大容量功能非常好用 其他特色：可以连接无线网，便于提前预约加热,pos
蓝***云,16620325087,5,80升,【高端旗舰】电子镁棒涡旋速热,2021-11-11 16:29:06,看了好久，最终还是选择了美的的这款，加热又快，又可以提前手机预约加热，发货很快，今天下单，第二天就发货了，安装师傅很给力，很热情，服务态度很好！,pos
u***t,16667183907,5,60升,??【黑科技】电子镁棒零电洗,2021-11-16 20:30:07,东西很快就到了，有配花洒，很方便。镁棒免拆洗懒人必配。颜色很正，可以智能控制，符合大潮流。速热出水快，体积够-个人使用的了。挑高还行，不会太压抑。安装师傅很给力，走线接管很专业。,pos
啦***呜,16731480776,5,60升,??【黑科技】电子镁棒零电洗,2021-11-27 15:50:45,发货很快，下单后第二天就寄到了，没想到双十一活动期间还能这么快。 外形外观：热水器整体看着简洁大方，造型经典。  耗能情况：一级耗能，经济又环保。  其他特色：储水空间足够。,pos
吓***i,16086795771,5,60升,【新品首发】电子镁棒零电洗,2021-08-04 17:42:14,非常好用的一款热水器，问安装师傅说这个热水器很好用，物超所值！镁棒免清洗！省心！安装完调试，很流畅，安装师傅也很认真，安装调试很耐心！很完美，选择美的大品牌没有错！售后也有保证！,pos
J***9,16584133197,5,60升,??【黑科技】电子镁棒零电洗,2021-11-06 06:02:46,非常好用  智能用着很方便  远程就可以设置好温度便利人多用水量  现在的气温看  保温效果也很不错  外观简洁大方  强烈推荐,pos
****4,16697438734,5,80升,【奢华净浴】除氯净水护发柔肤,2021-11-21 15:53:00,外形外观：挺漂亮，外观也不错 加热速度：非常快，基本不用等 耗能情况：一级能效，比较省电 洗浴时间：比较久，还不错，值得购买 其他特色：比较智能，家用特别方便,pos
梨***5,16672073875,5,60升,【高端旗舰】电子镁棒涡旋速热,2021-11-17 15:16:20,热水器外观好看，金色时尚耐脏，电子镁棒的永远不用更换，一级节能，大功率还有漩涡加热，热水速度快，还能远程操控非常方便，物流和安装也很快。,pos
s***k,15049198904,5,60升,【鸿蒙智联】除氯净水护发柔肤,2020-12-15 12:50:07,"外观材质很不错我喜欢,银色的非常有质感.升的一家人够用了. 加热效果很快.安装师傅很好,什么都给我弄好. 显示效果也不错,云管家智能助手挺方便的. 大品牌值得信赖,有需要在回购, 买了很多美的的东西,都快升到钻石会员了--",pos
****6,16670062554,5,60升,【高端旗舰】电子镁棒涡旋速热,2021-11-17 10:08:10,样式非常好看 颜色很喜欢 加热很快 值得信赖，好评好评好评,pos
****6,15063208192,5,60升,【鸿蒙智联】除氯净水护发柔肤,2020-12-18 12:01:21,自营店就是好，当天下单第二天就收到货了，快递非常给力，特别是客服小姐姐*婷，讲解的非常详细，么么哒。昨天售后已经给安装上了，管道排的非常工整，还给我免费安装了花洒。给售后点个赞，晚上试了一下，美的热水器，配上刚买的花洒和浴霸，那就一个舒爽。爱生活，爱美的！ 外形外观：看着就高大上 加热速度： 洗浴时间：一个人可以洗到爽 其他特色：那个除氯净水的很优秀的样子,pos
暄***Y,16615251347,5,60升,??【黑科技】电子镁棒零电洗,2021-11-10 22:29:46,物流非常快，第二天就到了，果然没有失望，简洁大气，而且热得很快，很好的一次购物体验,pos
****生,15090327304,5,60升,【鸿蒙智联】除氯净水护发柔肤,2020-12-24 15:43:54,外形外观：款式非常好看，高大上的感觉，很  ！ 加热速度：加热超快，家里三个人轮流洗澡热水都不断，真给力。 耗能情况：耗电正常，有完全可以接受 洗浴时间：热水供应很足，有足够的洗浴时间。 其他特色：手机远程控制，智能音响控制，除氯净水，美观大方,pos
****C,15975701984,5,60升,【极地套系】电子镁棒免清洗,2021-07-13 04:18:42,热水器己收到，包装完好，安装师傅热心服务，很快完成安装，白色热水器显得格外干净，很喜欢，美的家电一直是我喜欢的产品。 新房交付日期有规定，京东?时收货很给力，做到如期安装，超赞！一次愉快的购物！待用过后再加追评。,pos
随***9,16566828678,5,60升,【高端旗舰】电子镁棒涡旋速热,2021-11-03 15:01:23,美的这款热水器内含美镁棒净水设备，不用担心水质。大功率，加热速度很快，升可以满足一家四口使用。手机远程操作，外观简单大气，出水断电，很不错的一款国货产品,pos
威***s,16593093546,5,60升,??【黑科技】电子镁棒零电洗,2021-11-07 16:04:15,外形外观：这是买的第二台同款美的热水器，外观简洁大气。  加热速度：加热速度很快，适合多人集中洗浴。 洗浴时间：热水容量足够一家三楼洗。 其他特色：喜欢它的出水断电功能，安全实用。,pos
****4,16476610734,5,60升,【内胆免清洗】电子镁棒零电洗,2021-10-17 20:29:52,快递员配送很快，配送员态度可，上门安装省事。冬天暖暖的热水简直就是救命神器。 加热速度：加热速度可， 外形外观：外观简洁大方 耗能情况：使用中,pos
_***王,15077270125,5,60升,【鸿蒙智联】除氯净水护发柔肤,2020-12-21 16:17:33,美的老用户了，首发买的这款热水器很大气，可以软化水质，搭载鸿蒙系统，使得手机操作很简单，一级能耗节约用电，加热速度快，电子镁棒省时省力，容量正好，非常不错！顺丰快递很快就到了，送货上门！预约安装，师傅也按时过来安装，赞赞赞！,pos
****5,16672343644,5,60升,【高端旗舰】电子镁棒涡旋速热,2021-11-17 15:51:28,十年的房子电器陆续换新，美的大品牌，质量好，售后有保障。漩涡速热多人洗澡不用等待。家里好多电器都已经更换美的，全屋智能，很方便。,pos
尤***儿,16691539816,5,60升,【高端旗舰】电子镁棒涡旋速热,2021-11-20 13:35:52,热水器安装完成啦！用了觉得很不错，商品质量好，发货也挺快的，安装师傅很负责任，很满意，总之就是很赞了，商品质量好，节能效果好，加热快&;&;,pos
y***6,15058419062,5,60升,【鸿蒙智联】除氯净水护发柔肤,2020-12-17 11:23:21,外形外观：银色机身非常高端大气，比之前的热水器要好看很多，控制面板全部触控电子的，非常高端而且方便 加热速度：的超大功率，不到一小时就达到了预定的温度 耗能情况：一级能耗，节能环保 洗浴时间：三四人洗完全没有问题 其他特色：功能真的非常方便，智能系统可以预约，手机可以操控，非常便捷，不得不感慨现在的科技进步  总之一个字，好！！！,pos
****5,16589841331,5,60升,【高端旗舰】电子镁棒涡旋速热,2021-11-07 00:40:19,正确选择京东，选择美的是一次愉快的购物。一流品牌产品，一流送货服务，一流的安装技术，是省心和安心的体验！安装师傅细心和专业，体现美的品牌的魅力。希望美的和京东公司越做越强???大国的风范有你们???,pos
这***2,16581006881,5,60升,??【黑科技】电子镁棒零电洗,2021-11-05 16:21:10,成功安装师傅很专业，半小时完成！ 加热速度：超级快 耗能情况：级能效很省电 外形外观：很简洁好看,pos
g***e,16685092404,5,60升,??【黑科技】电子镁棒零电洗,2021-11-19 11:58:36,"这款热水器还可预约时间开机关机,加热速度超级快,一会的功夫就可以洗澡用了,不用再向以前一样担心洗着洗着就凉，一级能效,妥妥的,转化率很高",pos
欧***诚,15051065083,5,60升,【鸿蒙智联】除氯净水护发柔肤,2020-12-15 19:13:24,外形外观：漂亮，简结，大方，优雅，精美 加热速度：速度快，速热效果棒? 耗能情况：一级耗能 洗浴时间：个人/ 其他特色：鸿蒙系统免一碰操作简单方便！也支持下操作~银色配色真漂亮特别喜欢~免更换美棒??~预约安装方便师傅专业~售后服务优惠~,pos
****i,16627819124,5,60升,??【黑科技】电子镁棒零电洗,2021-11-12 15:36:01,京东自营送货速度非常快，快递小哥非常负责任，送货上门三楼再次说声辛苦了。安装师傅也是很及时来安装了，这个买的是个高科技电子镁棒，不用更换了，还带杀菌功能，一级能耗，产品棒棒的。产品整体高端大气上档次，还在观望的小伙伴抓紧下手吧！美的加油。,pos
夏***g,16582398621,5,80升,??【黑科技】电子镁棒零电洗,2021-11-05 19:51:20,外形外观：外形美观  其他特色：性价比很高，还能无线操控，而且还免清洗，比较适合需求?，因为房子还在装修，所以暂时还没有安装哈,pos
u***m,16670922855,5,60升,??【黑科技】电子镁棒零电洗,2021-11-17 12:09:54,非常不错的一次购物体验，很智能的一款美的热水器，出水量大，热的比较快，智能链接，不在家也能打开关闭热水器省时省心。安装比较快，安装师傅很细心，相信美的,pos
刘***8,16572680639,5,80升,??【黑科技】电子镁棒零电洗,2021-11-04 12:43:22,热水器已经收到，安装好了，物流和安装都很快，试了一下，加热速度很快，耗电情况暂时还不知道。,pos
****k,16486528906,5,60升,【内胆免清洗】电子镁棒零电洗,2021-10-19 18:12:26,美的的产品是很值得信赖的，家里的家电基本都是美的，美的热水器买给爸妈的，产品很好，外观设计很新颖，储水量大，用着很方便。,pos
****5,16601520242,5,60升,【高端旗舰】电子镁棒涡旋速热,2021-11-08 19:50:22,热水器外观很好看，升温也很快。总体来说挺满意的。 希望免换镁棒的性能也会让人满意。,pos
a***0,16736931000,5,60升,??【黑科技】电子镁棒零电洗,2021-11-28 16:39:32,热水器非常棒，做工特别精致，颜值非常不错，面板很大方，还支持无线控制，体积挺小的，做了全隐藏完全没有问题。很满意的一次购物。,pos
****z,16693191605,5,60升,??【黑科技】电子镁棒零电洗,2021-11-20 18:45:31,外形外观：很不错，大牌子的放心 加热速度：非常快，速热很不错 耗能情况：还可以，不是很费电，值得购买 洗浴时间：烧的快，家人用起来很放心，热水不段 其他特色：外观可以，双十一买的，价格也不错,neg
j***7,14658635932,5,60升,【奢华净浴】除氯净水护发柔肤,2020-09-19 09:04:12,新品上市搞活动买的 合适  功能齐全 电子镁棒  实体店至少三千多  安装服务也很好  安装速度快  可以手机控制,pos
****x,16688261602,5,60升,【高端旗舰】电子镁棒涡旋速热,2021-11-19 20:56:14,外形外观：电热水器很好看，高档大气，容量大还不占空间  加热速度：涡旋速热，加热很快  其他特色：送货上门，免费安装，安装师傅很专业，态度也很好。帮家里老人家下载美居，还很耐心教如何使用手机远程操控。,pos
u***i,14824600037,5,60升,【新品首发】电子镁棒零电洗,2020-11-01 14:49:31,外形外观：京东自营真速度，晚上下单中午就送到。外观真好看。 加热速度：加热速度真快，不用十分钟就有色热水了。 耗能情况：也很省电，加热一箱水电表都用不了多少电。,pos
****t,16615117266,5,60升,??【黑科技】电子镁棒零电洗,2021-11-10 22:14:00,外形外观：美观大方，颜值很高。  加热速度：加热速度很快。  耗能情况：变频加热，比家里的老式热水器省电很多。  其他特色：下载美的美居，注册之后可以手机遥控，很方便！,pos
未***角,16567174454,5,60升,??【黑科技】电子镁棒零电洗,2021-11-03 15:58:41,颜值很高，尺寸也很紧凑，家里的小卫生间刚好能放下，这下冬天可以满足两三人连续洗澡了～,pos
****w,16574275266,5,60升,【高端旗舰】电子镁棒涡旋速热,2021-11-04 16:29:49,热水器质量很好 外观很美观漂亮  出水速度很快  推荐购买 装修师傅服务很热情,pos
首***3,15646915107,5,60升,【鸿蒙智联】除氯净水护发柔肤,2021-05-08 10:13:22,完美的美的热水器！家里原来就是美的热水器，用了年了。跟老婆商量后，果断换新最新款的美的智能热水器，完美的简直是不要不要的！全程智能控制，小时在线，小时按照制定计划进行加热，让全家人随时都有热水用，定时开关终于可以下岗了，太赞了！ 美的售后安装师傅很专业，半个小时安装完毕，免费安装，大赞?！ 美的售后服务人员，从商品发货开始就一直联系我，沟通安装事宜，服务一流，大赞?！ 京东大件物流配送，服务超棒！（特别赞一个，居然是个美女配送员???）！,pos
z***9,15832501736,5,60升,【新品首发】电子镁棒零电洗,2021-06-19 11:30:26,智能镁棒电热水器真的很强大，操作简单，安全有保障。 售后安装周到迅速。 安装后，洗浴真方便。,pos
a***6,16577792650,5,60升,??【黑科技】电子镁棒零电洗,2021-11-05 02:13:36,宝贝收到了，并且已经安装好了，美的大品牌就是不一样，美而大方，加热也很快，值得信赖。,pos
老***三,16591259737,5,60升,【高端旗舰】电子镁棒涡旋速热,2021-11-07 11:25:32,外形外观：外观简约大气 颜色美观 加热速度：加热速度快 耗能情况：无噪音 一级能耗 省点节能 洗浴时间：满足一家人正常淋浴 其他特色：安装师傅服务态度热情，安装技术高超，物流配送快，售后跟踪服务热情，购买此产品非常满意，非常愉快的一次购物。,pos
竹***哥,16607050187,5,60升,??【黑科技】电子镁棒零电洗,2021-11-09 17:37:43,"南方的冬天用太阳能热水器简直是受罪,忍了好久,终于在双的时候决定换电热水器,选来选去,还是相信美的的品牌,加上双的优惠力度很大,送货很快,安装的师傅也很专业,比较满意的购物。",pos
1***p,16626900114,5,60升,【奢华净浴】除氯净水护发柔肤,2021-11-12 13:24:29,外形外观：外观颜色喜欢'看着非常大气上档次 其他特色：可以智能杀菌达到健康'还有很多特色功能'比如 是综合对比后选择的一款'一次性买了两个,pos
s***3,16557862457,5,60升,??【黑科技】电子镁棒零电洗,2021-11-02 10:03:19,京东的物流还是非常的给力，产品颜值非常高，高端大气，性价比很高，连接可以远程操作！安装师傅非常专业、态度良好，一次很好的购物体验！,pos
u***a,16561929582,5,60升,??【黑科技】电子镁棒零电洗,2021-11-02 20:22:27,发货神速，安装神速，出水断电功能不用每次使用时断电实在方便，可以远程控制，方便操作，棒！,pos
么***,16514897931,5,60升,【高端旗舰】电子镁棒即开即热,2021-10-25 10:31:08,送货调货特别快，加热速度特别快师傅上门安装也非常及时拍。 外形外观：电子显示屏幕非常高级 加热速度：加热速度特别快，热水容量也大,pos
****i,16679155135,5,60升,??【黑科技】电子镁棒零电洗,2021-11-18 13:50:27,双十一购物，配货速度快，包装完美，安装师傅服务很到位，也很热心，主要热水器挺好，热水快，出水断电，链接可以手机控制。,pos
j***n,16596238959,5,60升,??【黑科技】电子镁棒零电洗,2021-11-07 23:06:05,安装好使用天了，感觉非常棒，可定时开关机，出水断电很安全，电子镁棒免更换，变频一级能效，安装很快，师傅服务很好，五星好评！,pos
x***7,16037301677,5,60升,【新品首发】电子镁棒零电洗,2021-07-25 13:06:39,热水器颜值很高，质感和做工很好，美的大品牌值得信赖。加热功率可调，人多大功率加热，人少小功率加热，非常实用，最心动的是电子镁棒，不需要更换镁棒是最好的设计。,pos
****S,16606159995,5,60升,【高端旗舰】电子镁棒涡旋速热,2021-11-09 15:18:01,机器真是非常好，功能多还方便好用，颜色也是很正，和我家墙砖真的好搭，试了一下，水温真的上升很快，显示屏的颜色也时很时尚，咋瞅咋喜欢，物流也快，安装上门也快，总之真的很满意，就是刚送来第一个的时候，板面上有一点小瑕疵，不过第二天就给我送开一个新的，又把第二个拿走了，瑕不瑕疵的不要紧，这售后真的是很给力，这样的售后，在这买什么东西都不用害怕！,pos
a***赫,15877282931,5,60升,【新品首发】电子镁棒零电洗,2021-06-27 12:33:37,外形外观：外观时尚，看着很干净，白胖白胖的。 加热速度：加热速度快。 耗能情况：能耗低。 洗浴时间：足够用。 关注美的热水器很长时间，最终选择了这款产品，昧棒免更换，用着更安心。赞！,pos
静***鸽,16706515672,5,60升,【超级新品】电子镁棒涡旋速热,2021-11-23 00:13:02,美的的就是不错，大品牌，外观小巧好看，颜值很高。安装师傅也很用心，很棒的购物体验。这款尺寸比其他品牌的桶直径要小，所以显的空间大，很好很喜欢,pos
h***u,14259782925,5,60升,【高端旗舰】电子镁棒即开即热,2020-06-09 12:50:46,商品安装很及时，安装师傅十分专业，很满意。商品很不错，预约安装后马上就给致电预约安装后安装了，商品看起来也十分大气，显示设施十分大气，美的热水器内含镁棒净水设备，不用担心水质问题，可以放心使用。手机智能控制使用跟快捷， 外形外观：美的热水器外观为暗金色颜色十分大气。 加热速度：加热速度很快，人洗浴没有问题。 耗能情况：能耗情况咨询客服说正常工作状态小时度电 洗浴时间：洗浴时间可以在手机自由预约，不用担心水温不够。 其他特色：安装师傅，安装很及时，安装很专业，十分满意。,pos
k***n,15923991599,5,60升,【新品首发】电子镁棒零电洗,2021-07-04 15:59:46,完美送货 外形外观：非常非常棒，美观一流 加热速度：非常非常快，瓦和瓦。有双加热和单加热。 耗能情况：非常省电，能耗很低。而且我做了定时开关。相当好用。 洗浴时间：洗浴用水热水相当方便。,pos
u***t,16579026666,5,60升,??【黑科技】电子镁棒零电洗,2021-11-05 11:00:34,这款热水器的颜色很好看，变频模式加热水很快速。连接手机-控制非常方便。智能杀菌模式，智能联网手机实时察看非常方便，连洗澡时出水即断电，非常安全。双十一活动期间购买的，优惠大，值得入手。,pos
y***9,15060267557,5,60升,【鸿蒙智联】除氯净水护发柔肤,2020-12-17 18:04:34,非常高端大气 漂亮 智能 之前买的产品有问题 退货换个高端产品 美的老用户了 新产品第一时间体验 值得购买,pos
创***活,16613962619,5,80升,??【黑科技】电子镁棒零电洗,2021-11-10 19:47:24,美观大方看着有档次，用着舒适方便，加热速度，最主要的是非常智能可以用手机控制，人没到家可以先烧热水到家直接沐浴节省了很多时间，有保温内胆停电一天根本不用担心，热水照常使用，感谢美的的产品，感谢高科技。  外观材质：颜值很高，性价比超高 容量大小：完全足够了，加热功能很好用 加热效果：很快，很烫，很棒棒 选热水器的时候纠结了很久，史密斯跟美的之间，最后还是选择了美的，性价比超高，最后安装用完以后，发现自己的选择没有错，美的值得信赖的好产品！,pos
l***1,16574190333,5,60升,【高端旗舰】电子镁棒涡旋速热,2021-11-04 16:18:47,货已收到、对安装舒服很满意、认真细心负责、 服务很到位、以后多来关顾美的产品、给安装师傅五星好评、,pos
飞***o,16593881825,5,80升,??【黑科技】电子镁棒零电洗,2021-11-07 17:50:12,美的值得信赖，质量很好，售后服务也很好，预约安装很快，安装师傅非常专业，家里用的一直是美的电器,pos
***8,15050074291,5,60升,【鸿蒙智联】除氯净水护发柔肤,2020-12-15 15:53:40,非常不错，看起来很大气，顺丰快递很快就到了，快递小哥特别好，约好时间就来了，给送到没电梯的楼。刚装修好，希望能耐用，双十二活动买的。,pos
小***3,16500392534,5,80升,【高端旗舰】电子镁棒即开即热,2021-10-22 13:25:23,外观高端大气，颜色很漂亮，容量也足够一家老小够用。智能连接，不在家也能打开热水器。送货很快，服务好，安装给力，买家电上京东还是比较省心放心。,pos
d***s,16581766501,5,60升,??【黑科技】电子镁棒零电洗,2021-11-05 18:11:07,无滤镜分享，配送很快，安装也主动联系，等配送到了之后安装也很及时。外观也漂亮，热水器试用了一次也很不错～水热的快水量也不错，期待后续使用顺利，会多多试用加热速度等，服务很配合～,pos
****s,16613339732,5,60升,【高端旗舰】电子镁棒涡旋速热,2021-11-10 18:13:59,加热速度：这不一会就可以用了，真的太友好了。原来家里的热水器每次想洗澡了都得等半个小时以后，还可以用家里的天猫精灵。真的是越来越好，越来越智能化，让一家人用起来都很舒服，性价比很高 。 特别感谢安装师傅，要为他点个赞???上午约了下午就来了，本来尺寸不太符合，但是在我们师傅高超的技术下把它装得很完美。,pos
****w,15067029123,5,60升,【鸿蒙智联】除氯净水护发柔肤,2020-12-19 10:15:09,外形外观：美观大气，显示清楚，颜色也非常喜欢非常好！ 加热速度：加热速度快， 其他特色：能手机联网， 安装及时满意，师傅非常认真，态度很好！,pos
l***0,16618197217,5,80升,??【黑科技】电子镁棒零电洗,2021-11-11 11:48:51,选择这款美的（）-() ，是看了网上的攻略推荐，高端大气不说，双管加热，水质保证，超大容量，怎么说呢，洗澡尤其是冬天洗澡是幸福的，温度和水量缺一不可，生活已经有很多痛苦了，但至少在洗澡的时候我们可以获得一份沁人心脾的舒爽与安慰。,pos
L***飞,16585244315,5,60升,【高端旗舰】电子镁棒涡旋速热,2021-11-06 11:13:42,家里的电器一直都是首选美的，大品牌，质量及售后可靠，冬天要来了，热水器可是必不可少的家庭电器，这款热水器免清洗，双十一活动性价比非常高，高科技让生活越来越美的，京东物流还是一如既往的给力！,pos
狐***人,16608879956,5,60升,【高端旗舰】电子镁棒涡旋速热,2021-11-09 22:12:34,安装好后已经使用了几天，早晚浴功能很方便。手机就可以直接控制，提前烧好热水真的太好用了，省心不少，双十一价格也很优惠，超值~,pos
王***运,16416325893,5,60升,【内胆免清洗】电子镁棒零电洗,2021-10-05 21:19:12,质量很好，活动价格非常给力，送了京豆，厨宝，电动牙刷，还有个鸡肋净水壶，哈哈。 这款是，的，加热速度更快，还带。 美的八年质保，放心。 安装师傅经常打交道，很不错，哈哈。,pos
****j,15572614717,5,60升,【高端旗舰】电子镁棒即开即热,2021-04-18 09:41:24,外形外观：美观大气 加热速度：分钟，很快 耗能情况：一级能耗，节能省电 洗浴时间：完全够用  总的来说非常满意，安装师傅也很负责，热水器还没到，就打电话预约安装。安装之后效果也很。????,pos
u***i,16621620137,5,60升,??【黑科技】电子镁棒零电洗,2021-11-11 18:59:51,物流很快第二天就到了 师傅上门安装的 外观简洁大方，好评哦,pos
赠***伦,15242766299,5,60升,【鸿蒙智联】除氯净水护发柔肤,2021-01-24 16:00:57,美的热水器大品牌值得信赖，质量好，外观漂亮，高端大气上档次，很满意。 鸿蒙智控系统给热水器添上了智能的翅膀，操控方便智能，连最传统的热水器都装起了大脑，操作非常方便，定时开关省电很多，大大的好评！！,pos
卡***i,14654113960,5,60升,【奢华净浴】除氯净水护发柔肤,2020-09-17 21:34:02,外形外观：外观大气 喜欢这款颜色 高贵大气 触屏很灵敏 加热速度：装机以后加水试了一下 加热速度快 耗能情况：云智能 智能操控耗电低 洗浴时间：三个人足够使用 其他特色：智能感满满的 可以手机操控,pos
m***i,16286666433,5,60升,【新品首发】电子镁棒零电洗,2021-09-11 12:24:15,美的产品一直坚持用，家里的电气设备基本都是咱们美的品牌的！非常喜欢这款热水器，做工精致、小巧、大容量、外观美观！安装师傅非常负责，安装稳定、可靠！配送员配送速度快，产品包装结实，送货速度超级快！会一如既往支持！！,pos
微***6,15862466602,5,60升,【高端旗舰】电子镁棒即开即热,2021-06-24 13:07:59,大品牌，升容量刚刚好，安装师傅很认真负责，款式很高端，，，，，，，，，，，，，，，，，，，，，，，，，，，，，，，，，，，，,pos
l***l,16642377805,5,60升,【高端旗舰】电子镁棒涡旋速热,2021-11-14 16:52:51,安装完成，满意。一天之内，全部时间凑上了，电话赶紧约好时间，拆旧机，物流送机，装机，无缝对接，没有拖延太好了，这样不怕晚上没热水洗澡了。,pos
****e,16568830702,5,60升,??【黑科技】电子镁棒零电洗,2021-11-03 20:07:01,外形外观：大气的外观，高大上的白色，很喜欢，赶上优惠的时候下单了，一家人洗澡方便了，很好。,pos
****4,15353436016,5,80升,【高端旗舰】电子镁棒即开即热,2021-02-25 22:21:13,就是忘了加长挂架，整体满意，可惜刚买完就降价了呢，送了电动牙刷很开心，热水器漂亮满意大气，希望能被抽中奖，选择了镁棒的这一款，可以后期免清洗，省心洁净安心 外形外观：大气 加热速度：快速 耗能情况：低耗 洗浴时间：可满足三人洗澡 其他特色：电镁棒可终身免清洗,pos
****忆,16512055763,5,60升,【高端旗舰】电子镁棒即开即热,2021-10-24 17:16:32,在网上对比了好几家海尔史密斯。等。最后左挑右选选中了此款热水器。首先性价比很高。其次京东送货很给力时效非常之快。预约安装也很方便。其次选的摩卡金。颜色很大气。使用也很方便。简单易懂。热水也很快，还能操作。值得购买。,pos
***养,16681831333,5,60升,??【黑科技】电子镁棒零电洗,2021-11-18 19:48:38,外形外观：非常好 加热速度：非常好加热快出水量很快 耗能情况：非常好 洗浴时间：十分好,pos
****8,15058668634,5,60升,【鸿蒙智联】除氯净水护发柔肤,2020-12-17 12:16:33,热水器非常漂亮，功能也很好，还能搭配新买的华为手机联网，美的值得信赖，热水器热水效率很高，而且还有随时浴功能，安装师傅也很专业，效果真心不错,pos
N***念,15064706987,5,60升,【鸿蒙智联】除氯净水护发柔肤,2020-12-18 17:45:18,外形外观：玄武灰颜色很耐看，金属拉丝外观设计时尚大气，触屏操作很灵敏。 加热速度：装机后加热速度挺快，功能齐全，设计挺人性化。 耗能情况：目前不确定，使用以后再看，一级能效估计还算省电。 其他特色：电子显示屏挺不错，操作方便。挺强大，智能联网挺方便，云管家智能分时温度控制很喜欢。开水断电功能保证安全挺好的。电子镁棒终身免换省心不少，还配了后置滤芯除氯对头发和皮肤都很好。安装师傅很专业也很细心，挺满意的。,pos
h***b,15059024691,5,60升,【鸿蒙智联】除氯净水护发柔肤,2020-12-17 13:33:14,外观时尚大气非常漂亮，智能省电，而且是漩涡瞬热，加热非常快，智能杀菌呵护肌肤，除氯净水，洗澡更健康，电子镁棒终身免换，高端智能控制方便便捷，非常喜欢，家里用的都是美的电器，大品牌值得信赖，五星好评--,pos
****8,16579483024,5,60升,【奢华净浴】除氯净水护发柔肤,2021-11-05 12:14:27,热水器收到了，包装很完整，质量感觉沉甸甸的，有质感，家里在装修，还没有安装，不过打开看了下，颜色也挺漂亮的，比较百搭，可以入手看看哦,pos
u***4,16592846920,5,60升,??【黑科技】电子镁棒零电洗,2021-11-07 15:28:04,安装满意   出水断电 带远程   这也太好了吧 外形外观：好看  加热速度：真快  耗能情况：  太节能了,pos
****a,15934788576,5,60升,【新品首发】电子镁棒零电洗,2021-07-06 13:34:09,美的大品牌，在海尔和美的中间选了美的，外观款式新颖大气，喜欢的样式，加热速度也快，家人也很满意，有安装师傅免费上门来安装。,pos
非***g,15847461146,5,60升,【高端旗舰】电子镁棒即开即热,2021-06-21 20:28:17,热水器太棒了，加热速度非常快。洗澡完全不用等待，还支持手机控制，使用非常方便，功能很齐全。外观也非常好看金色的，还带一个超大的渐变色显示器。很满意，推荐购买。,pos
涵***妍,15347549687,5,60升,【新品首发】电子镁棒零电洗,2021-02-24 15:02:57,已经用了几天了感觉不错哦！外观好看功能齐全，用的很方便。能效等级是一级的比较好，家里上一个电热水器也是美的的质量很好用了十一二年级了，这款就看耐不耐用了做工看着还不错！,pos
****e,14830298414,5,60升,【新品首发】电子镁棒零电洗,2020-11-02 15:28:23,外形外观：外形是白色的，很美观，和家里浴室很相配，终于洗上热水澡了。同时配送师傅也很及时，安装师傅也很尽职。,pos
就***态,15661062729,5,80升,【新品首发】电子镁棒零电洗,2021-05-11 20:35:26,外形外观：外观设计很漂亮，触屏设计很好用， 加热速度：很好用烧水很快， 耗能情况：费电还可以 洗浴时间：烧次水能洗个人 其他特色：安装师傅很负责，服务态度非常好！安装速度也快,pos
a***0,15854284885,5,60升,【高端旗舰】电子镁棒即开即热,2021-06-22 22:20:56,热水器到了，面板是触摸的，非常的高端大气喔，物美价廉，还可以连接手机，非常的方便。送的厨宝也挺好的，到手价哦，不错吧，挺便宜的,pos
****3,15104283051,5,60升,【鸿蒙智联】除氯净水护发柔肤,2020-12-27 23:32:46,物流快递很快，直接送上门，这就很，第一次使用无镁棒电热水器，也不知道好不好先用一段时间，显示面板清晰灵敏，水热速度也可以，出水断电也可以保证安全,pos
_***_,14699157692,5,80升,【新品首发】电子镁棒零电洗,2020-09-29 19:11:15,外形外观：外观精致，智能操作盘，很快捷方便，简单易操作 加热速度：加热速度非常快，变频功率可自由切换 洗浴时间：出水断电非常好，能保障安全，不用在洗澡的时候拔掉电源,pos
****y,16713489756,5,60升,【高端旗舰】电子镁棒涡旋速热,2021-11-24 09:31:37,京东物流速度就是快，准，稳。 安装师傅也很准时，安装之后也清理了现场。 热水器的话因为还没住进去，做了简单测试没问题。,pos
h***i,16505399503,5,60升,【高端旗舰】电子镁棒即开即热,2021-10-23 12:18:19,京东送货很快，配送及时，安装师傅认真负责，服务态度非常好，为师傅点赞??感谢安装师傅，辛苦了！,pos
1***p,16696962348,5,60升,??【黑科技】电子镁棒零电洗,2021-11-21 14:18:25,外形外观：美观大方 加热速度：很快 热水器到了 产品很棒 安装师傅也很细心 有耐心,pos
****,14825045389,5,60升,【高端旗舰】电子镁棒即开即热,2020-11-01 16:19:54,外形外观：典雅高贵 加热速度：快 耗能情况：一级效能 其他特色：自清洁内胆，抑菌 太棒了，前一晚上凌晨抢购，第二天下午就到货了，京东的速度就是快！商品包装完好，颜色是高大上的那种玫瑰金，就算装到浴室里也不会突兀，储水式电热水器最麻烦的内胆积垢问题，终于能在这款美的热水器得到终结了。 洗浴时间：快,pos
****y,15054887715,5,60升,【鸿蒙智联】除氯净水护发柔肤,2020-12-16 15:41:35,外形外观：挺好看的银亮色，高级控制面板，一看就很高档 加热速度：还是挺快的，不知道后面用得怎么样，可以预约，非常方便 耗能情况：这个要专业人士才知道了，过一个月看电费多少 洗浴时间：这酸爽，一个字爽，两个字很爽，三个字非常爽 其他特色：快递和售后都非常好，秒回信息！,pos
农***号,16603133918,5,80升,【极地套系】电子镁棒免清洗,2021-11-09 03:03:35,这款热水器造型时尚美观，电子镁棒免更换，双管加热出水快，非常实用，妈妈很喜欢。双十一入手价格优惠大，性价比非常高。真挺好！,pos
u***a,16704420137,5,60升,??【黑科技】电子镁棒零电洗,2021-11-22 19:19:19,看了很久的电热水器，最终定了这款，超好颜值，电子镁棒，而且尺寸很小，双十一买的，当天就送货了，送货师傅直接送上楼。目前新家还没吊顶，坐等安装效果啊，哈哈哈&;.,pos
****m,15739981415,5,60升,【新品首发】电子镁棒零电洗,2021-05-31 12:55:24,第一次在京东买家电，价格优惠，服务很到位，下单两天就接到物流小哥送货上门的电话，接货当天就有师傅联系预约上门安装时间，感觉真的挺贴心的，更贴心的是安装师傅进门的时候还套上了脚套，全程高能非常专业，十几二十几分钟就搞定了，热水器已经用了很多次了，感觉很不错，美的大品牌值得信赖。,pos
l***1,16173966575,5,80升,【高端旗舰】电子镁棒即开即热,2021-08-21 17:30:44,用了好几天，出热水很快，加热也很快，耗能情况目前还不清楚，因为目前楼上没有，所以没有连手机看不了。价格也很实惠。后续在使用看看吧,pos
****q,16688915803,5,60升,??【黑科技】电子镁棒零电洗,2021-11-19 22:34:02,双十一抢购的，物流配送很快? 预约了师傅上门安装速度? 试用了后加热也很给力，不用等太久，出水即断电很安全??,pos
****y,16608774383,5,60升,【高端旗舰】电子镁棒涡旋速热,2021-11-09 21:54:32,外观挺好的，很大，这个不用搞清洁那些，很方便，买回家给老人用，图方便又安全,pos
****f,16699366864,5,60升,??【黑科技】电子镁棒零电洗,2021-11-21 21:28:17,双十一前一日拍的，第二天就配送，第三天就上门安装了，配送快，安装快，外观设计非常好看，加热速度很快，洗浴时间久。,pos
u***w,16698773649,5,80升,??【黑科技】电子镁棒零电洗,2021-11-21 19:43:44,热水器很好，漂亮又实用，我家比较复杂师傅花了比较长的时间，装的很漂亮。热水器很好用，温度上升很快，一会就热了，这个冬天不用担心冷了，好评！,pos
人***7,15621457648,5,60升,【新品首发】电子镁棒零电洗,2021-05-01 09:31:54,热水器收到啦发货很快，客服有问必答帮忙推荐了热水器很好，送货小哥人不错给搬到楼上放好，美的大品牌真的非常好，家里之前就用美的，一直都很耐用还实惠，产品外观漂亮，质量令人放心，美的的品牌给力,pos
换***复,16674927080,5,60升,??【黑科技】电子镁棒零电洗,2021-11-17 21:13:45,已经到货使用了一次，非常好用，颜值也特别高，出水断电功能给人一种安心的感觉，觉得大品牌还是值得信赖，升的容量两个人洗都不需要中间加热等待，完完全全够用！,pos
R***7,15854561815,5,60升,【新品首发】电子镁棒零电洗,2021-06-22 23:10:36,送货师傅很辛苦，忙碌了半天！安装师傅也很辛苦，认真负责，没有半点怨言！天气热，热水器突然出故障，需要换新的了&;赶上了送货和安装太多！产品很满意，才用了俩次很好，感觉水质都好了不少，加热速度很快哦！,pos
快***站,16728787614,5,60升,??【黑科技】电子镁棒零电洗,2021-11-26 23:33:32,京东双入手美的热水器，替换原来的旧的热水器。鉴于以前的热水器产生水垢非常严重，所以这次专门选择的美的免更换镁棒、免清洗热水器。价格很合适，颜值很高。用了几天，感觉都可以，特别是可以联网，用过手机控制烧水时间和温度，挺实用的。至于是否会产生水垢问题，等用一段时间后再看，我觉得不太可能不产生。对了，安装师傅免费****，态度很好，把以前的旧热水器卸载掉也没收人工费，好评。,pos
宜***子,15174165390,5,60升,【新品首发】电子镁棒零电洗,2021-01-09 19:47:31,外形外观：外观非常的漂亮，是我喜欢的类型 加热速度：到目前为止，只用了一次晕瓦加热的加热速度还可以 耗能情况：情况使用一段时间后再看吧！ 洗浴时间：还挺好的 其他特色：出水断电功能，然后拥有电子镁棒，感觉非常的好，加时间久了，应该会起更加凸显这种效果,pos
董***点,16711969143,5,60升,【高端旗舰】电子镁棒涡旋速热,2021-11-23 21:50:17,首先这个人热水器确实买到手很便宜，而且加热速度很快，八年质保有保障，以前用的小品牌就是不行，要经常要自己找人清洗，这下买了这款美的的，一步解决，很赞哦！,pos
忠****,16730750656,5,60升,??【黑科技】电子镁棒零电洗,2021-11-27 13:19:05,热水器容量升算是挺大的，一家五口完全够用，水温热得很快，有变频速热更方便，回到家开热水器基本就能洗澡，还有操控很智能。,pos
姚***剑,14108398038,5,60升,【高端旗舰】电子镁棒即开即热,2020-05-03 19:15:16,外形外观：金色非常高大上的色，配上这个变色面板非常显档次！ 加热速度：的涡旋加热非常给力，一家四口再也不用等热水了。 耗能情况：之前的热水器一天到晚去度电，太揪心了，这款一级能耗，还智能省电。 洗浴时间：倍增容全家可连着洗，想怎么洗就怎么洗。 其他特色：物流师傅非常给力，货一到马上安排送，一口气上楼，非常热情。,pos
y***L,15841495819,5,60升,【新品首发】电子镁棒零电洗,2021-06-20 20:35:42,用了好几天，现在才来评价，送货很快，到货之后通知售后来安装，安装师傅态度非常好，装的也很漂亮，软管是自己接的。现在用了好几天，总体来说感觉很好，加热非常快。有一个出水断电功能，按一下按钮就可以了，有这个出水断电功能，感觉安全点。,pos
小***绅,15576746768,5,60升,【高端旗舰】电子镁棒即开即热,2021-04-19 11:25:14,宝贝与描述基本一致，发货很快，值得一买以前一直都是在实体店买，这次选择了网上买，不光是正品，价格还实惠！很好看，制作工艺很精美，材质也很好！给个赞！物流很快，?产品很快就收到了，比想象中还好，不错不错！希望能耐用宝贝收到啦，实物真的好看，价格非常实惠，强烈推荐这款，超级喜欢?宝贝收到了，颜色很好看，质感也很好，样子简单！?是我想要的！！下次还会再来！值得购买的产品，做工非常精细，比想象中的好，推荐大家尝试,pos
情***花,15374995680,5,80升,【高端旗舰】电子镁棒即开即热,2021-03-03 11:47:05,外形外观：看着非常高端大气上档次 加热速度：加热速度相当的快啊，一家人轮流洗都供的上用 耗能情况：中等吧 洗浴时间：很长，洗着很舒服 其他特色：家里都选的是美的，品牌好，质量有保证,pos
w***8,14671434285,5,60升,【高端旗舰】电子镁棒即开即热,2020-09-22 15:26:59,外形外观：颜色可以，外形美观，流线型好，简单大方。 加热速度：天气热，应该加热速度快。凉的话，就慢点。 一直非常信赖美的，各种电器性能好，做工精致，使用简单，好操作，维修服务好。搬新家，电器几乎都是美的的。美的这款热水器可以远程操作 ，很放心。,pos
****3,15869195144,5,80升,【高端旗舰】电子镁棒即开即热,2021-06-25 17:41:04,非常好，加热快，安装专业，送货很快，性价比很高的一款电热水器，颜色非常大气，搭载鸿蒙系统和手机远程控制，操作便捷，容量正好够-人使用！有助于水质改善，精品一枚，非常棒！！,pos
乱***7,15878166221,5,60升,【高端旗舰】电子镁棒即开即热,2021-06-27 15:39:05,美的热水器已安装，非常好?，外观大气，物美价廉，爱了爱了，喜欢的朋友可以入手了，千万不要错过,pos
P***p,15850075929,5,60升,【新品首发】电子镁棒零电洗,2021-06-22 11:01:33,很满意的一台热水器。千瓦的功率加热很快。有一个超大的淡蓝色显示屏。所有功能都在上面，一目了然，操作简单。还支持手机控制。功能一应俱全。很满意。,pos
z***5,15386937271,5,60升,【新品首发】电子镁棒零电洗,2021-03-06 10:48:42,热水器很不错，有超快加热，洗澡没有担心水没了，原来都担心热水会不够，现在不用，好选择，没后悔，太阳能改的电热水器，还有个遥控，很方便，更是有手机互联，可以在单位就定制热水，回家就能洗，贴心？,neg
森***寒,16733314256,5,60升,??【黑科技】电子镁棒零电洗,2021-11-27 21:22:11,快递速度：我东的快递速度真的是很满意，说啥时候送就能啥时候，家里只有老人在家，快递员把热水器搬上去。 外观设计：这款热水器的外观颜值很高，其他情况，等待家人用后反馈。,pos
小***y,16561811509,5,60升,??【黑科技】电子镁棒零电洗,2021-11-02 20:06:39,东西收到了，很好用质量不错而且物流也快收到没有任何破损，很满意的一次购物，值得购买，用了几天才来评价，东西真心不错物美价廉，用起来很方便也很精致，真心不错已经推荐朋友也购买了,pos
思***宝,16387519491,5,60升,【内胆免清洗】电子镁棒零电洗,2021-09-30 12:58:32,一直忙，忘了评价了，热水器很好耐看，能联网又有遥控，操作简单，好评。师傅当天就上门帮忙安装了，很热情的一个大男孩！,pos
l***o,16729731094,5,60升,??【黑科技】电子镁棒零电洗,2021-11-27 10:01:17,产品到货及时，都会提前沟通，特别好，师傅也都提前沟通。安装满意，而且打孔时候还都进行包装好，没有弄脏家里，产品也美，联网更方便。,pos
L***飞,16585297589,5,60升,【高端旗舰】电子镁棒涡旋速热,2021-11-06 11:21:44,京东物流还是这么给力，双物流无延迟，送货地址是楼，无电梯，京东的送货师傅二话不说直接抬上楼，真是辛苦他们了，买电器还是首选大品牌，美的值得信赖！,pos
k***3,16373797132,5,80升,【新品首发】电子镁棒零电洗,2021-09-27 21:42:30,美的的这款的电热水器性价比极高，样式是我喜欢的，还有无线操控功能，通过美的的软件直接手机上操作各种功能，水箱下面的显示屏也很有设计感。至于使用感受还得等使用了才知道。这里要特别表扬下美的的安装师傅，安装很专业，各种材料价目表也会提前给顾客展示，不用担心被宰，完全好评！,pos
狗***9,16696676634,5,60升,??【黑科技】电子镁棒零电洗,2021-11-21 13:18:23,美的大品牌值得信赖，安装师傅也很专业，质量有保障,pos
a***s,16709755389,5,80升,??【黑科技】电子镁棒零电洗,2021-11-23 15:55:53,送货速度快，派送员送货上门，服务很好，态度很好。热水器颜值很高，给人一种高级的感觉。这款热水器可以自由切换，还能连接，在手机上遥控预约，美的集团客服服务还是很不错很给力，星好评！！！,pos
多***妈,16693735921,5,60升,??【黑科技】电子镁棒零电洗,2021-11-20 20:27:45,在和别的品牌比较选的美的，原因是镁棒不用更换，颜色纯白色很漂亮，感觉比金色更适合自己家，送货前有预约，有电话里讲解收费标准，货到后预约的上门安装，售后很有礼貌，耐心讲解，并且都弄好了才走，非常愉快一次购物体验。,pos
****3,16568670452,5,60升,??【黑科技】电子镁棒零电洗,2021-11-03 19:46:26,非常满意，热水器非常漂亮。号点付的尾款，号就到了，送货到家。物流很快，安装师傅也很负责任，每一步讲解的非常到位。安装以后这个白色和卫生间墙砖颜色很搭配。,pos
阿***3,14651482609,5,60升,【奢华净浴】除氯净水护发柔肤,2020-09-17 09:33:48,发货等了两天，送货速度非常快，送货小哥辛苦了！这款热水器外观大气，简洁醒目，金色很高大上，很耐看。加热速度很快，最重要的是有温度显示，直观可见，便于看出温度，洗澡无忧！ 能耗较低，节约能源，降低使用成本！水箱容量很大，可以多个人洗澡，出水量也很大，使用便捷，舒适，享受！价格实惠，物廉价美，物超所值！,pos
胡***友,14652820001,5,80升,【奢华净浴】除氯净水护发柔肤,2020-09-17 15:40:48,外形外观：香槟色的，高端大气上档次，圆筒形的 加热速度：加热速度很快，不用等很久，刷刷短视频的时间就可以了 耗能情况：耗能挺低的 其他特色：我买的是可以只能控制的，体验很好，可以预约，远程操控，价格还算合理！,pos
****t,16697503162,5,60升,【奢华净浴】除氯净水护发柔肤,2021-11-21 16:03:54,热水器已经收到！并且安装完成！外观简洁大方时尚，尺寸适宜，功能强大，安装小哥服务周到，安装完美，总之是非常满意的一次购物！！,pos
肇***欠,15854262799,5,60升,【高端旗舰】电子镁棒即开即热,2021-06-22 22:17:01,热水器不错、看中的一级能效、省电、而且烧水速度也还不错、比较智能、外观香槟色、也比较高档、之前一直放在购物车、也没太注意活动、正好也参与了旧机回收、全程价位优惠幅度比较大、再加上一些优惠、到手个人觉得很划算了、用了两天、觉得也很好！整体来说、值得推荐给大家！,pos
辣***r,15619498457,5,60升,【新品首发】电子镁棒零电洗,2021-04-30 16:37:39,这款热水器瓦大功率，颜色非常漂亮，基本上半小时水就能加热到度，出水断电保护，放在我们这.的卫生间里不显得空间局促，家里人很满意！,pos
c***g,16497343183,5,60升,【极地套系】电子镁棒免清洗,2021-10-21 20:48:15,物流非常快，外观很完美，非常漂亮，极地白的颜色很正， 看着质量不错，配件也齐全，但是没有防漏电头，就等待安装了。,pos
l***5,16618604631,5,60升,??【黑科技】电子镁棒零电洗,2021-11-11 12:40:37,这款美的智能电热水器款式新颖、外观很漂亮、用了一段时间才评价、下载美的美居用手机控制开关、在外面可以用手机设置温度、相当方便、京东自营售前售后服务很好！,pos
****a,16593731760,5,60升,【高端旗舰】电子镁棒涡旋速热,2021-11-07 17:32:14,外观设计漂亮，尺寸大小合适，加热挺快，感觉很好，服务态度一流，给力！星,pos
f***8,16572414896,5,60升,【高端旗舰】电子镁棒涡旋速热,2021-11-04 11:56:10,第二天就送到了，送货加安装只用了二天时间，效率很快，安装师傅很细心，出水断电，水很大，手机也能控制水温，非常不错的一款产品。,pos
真***翁,16678688553,5,60升,??【黑科技】电子镁棒零电洗,2021-11-18 12:41:08,嗯，美的热水器的颜值非常高啊，然后尺寸也是比较小巧，大屏幕，显示也是数字化更直观的孩子还可以联网，关键是师傅上门安装服务也非常好，帮解决了，很多问题还是很不错的。,pos
m***8,16043727167,5,60升,【奢华净浴】除氯净水护发柔肤,2021-07-26 19:28:50,美的大品牌，质量可靠，服务周到，买得放心！这款碰到搞优惠活动，价格很实{！整体造型非常精致美观，功能显示效也不错?，值得拥有！,pos
****l,16604987594,5,60升,【超级新品】电子镁棒涡旋速热,2021-11-09 12:15:33,整个外形外观很高大上，听说也是节能的，每天用的电也很少，很喜欢,pos
思***岸,15764933585,5,60升,【高端旗舰】电子镁棒即开即热,2021-06-05 16:06:06,海尔的热水器不错，外观时尚，加热蛮快的，带遥控，还可以手机控制，水量足够，一家口无压力，安装师傅很专业，很专业，服务很好，很满意。,pos
u***a,16053556471,5,80升,【新品首发】电子镁棒零电洗,2021-07-29 08:51:13,对比我家之前的阿里斯顿热水器，多了网络控制。 下面说说不足之处：.插头没有使用触电保护插头，安全方面考虑不周，，遥控器背后没有贴磁铁，遥控器不能吸附在主机上。国产产品，细节上把控还是不严谨啊。 其他方面：高颜值，高品质，非常好，一分钱一分货，材质外观和质量一看就很上档次，非常喜欢。安装师傅很专业，安装满分。,pos
糖***凉,16436379144,5,80升,【内胆免清洗】电子镁棒零电洗,2021-10-09 10:53:10,外形外观：颜值很好， 加热速度：加热也很快 其他特色：出水就断电，很安全,pos
q***1,16360206196,5,80升,【新品首发】电子镁棒零电洗,2021-09-25 16:52:09,白色的，挺好的，够大升的，足够泡澡用了，刚安装好，还没试用，美的品牌应该没问题，发货很及时，用遥控很方便，还可以联网，好评,pos
D***4,15581793054,5,80升,【高端旗舰】电子镁棒即开即热,2021-04-20 16:38:19,加热速度：加热速度很快，速热模式很好用，出热水流畅 外形外观：外观很大气，颜色挺好看的，稳重，大屏看着舒服，操作方便 其他特色：连接手机操作非常方便，功能挺多的,pos
****M,16483862012,5,80升,【奢华净浴】除氯净水护发柔肤,2021-10-19 09:39:09,京东购物，一如既往地方便，便捷，安装师傅很用心，烧水很快。,pos
u***7,14826704384,5,60升,【高端旗舰】电子镁棒即开即热,2020-11-01 21:20:36,外形外观：外观大气 耗能情况：级能耗，省电 其他特色：电子镁棒，省去了清洗的麻烦，很省心。活动拍下了，送了好多礼品，前天晚上拍下，第二天上午就送的了，这速度没谁了，赞。京东电器你不错的选择。好评,pos
阿***笑,15497684097,5,60升,【新品首发】电子镁棒零电洗,2021-04-04 12:52:25,外观简洁大方，夏天可选变频加热，既节省电费加热也很快，半小时就能洗上澡了，升两个人洗澡绰绰有余。操控面板很简洁，使用简单，即使对老人也很友好。搭配手机操控，各项数据一目了然，非常方便。,pos
****q,16211138101,5,80升,【新品首发】电子镁棒零电洗,2021-08-28 09:17:39,京东自营的电器，还是让人非常放心的，美的这个牌子的电器用的就非常的放心和省心，这次拍了大容量美的升电热水器，这个容量应该够全家人用了，拍了这款电子镁棒的，就不用再操心定期更换镁棒的问题了。,pos
****m,16685066969,5,60升,??【黑科技】电子镁棒零电洗,2021-11-19 11:54:20,电热水器收到了，这是买的第二个美的热水器，颜值高。出水断电，家里老人孩子用着也放心，在这里我要给客服点赞了，服务态度老好了非常有耐心的讲解。,pos
****c,16696009834,5,60升,【高端旗舰】电子镁棒涡旋速热,2021-11-21 11:01:55,这个型号非常好，已经用了几天了，操作简便，省电，老人家用也很好，开启以后，在手机上面设置出水断电，然后老人用的话就不用管了，从早用到晚都可以。,pos
J***7,14895497362,5,60升,【奢华净浴】除氯净水护发柔肤,2020-11-13 18:20:29,外观简洁大方符合年轻人审美观，加热速度快，有随时浴功能，很人性化。升大容量满足我家四口洗浴了。智能杀菌，洗澡自动断电很安全！除氯活水洗是一个前置过滤器，连接在花洒上。一级能效，拔掉电源过一宿水还是热的，不用担心没有热水用了，很赞！我们是小时开着。,pos
海***力,14857543837,5,60升,【新品首发】电子镁棒零电洗,2020-11-07 15:28:36,很便宜，功能强大，可以联网方便，不用天天开关电源，镁棒也是不用更换，可以节省很多钱了以后。,pos
小***-,16673463572,5,80升,??【黑科技】电子镁棒零电洗,2021-11-17 18:04:13,外形外观：白色美观大方，非常好看 加热速度：可提前预约，快速便捷 洗浴时间：可供四人洗浴，一家四口用完全足够,pos
****1,15811378719,5,60升,【新品首发】电子镁棒零电洗,2021-06-15 19:23:43,美的热水器是热水器行业里位居前列，连年销量遥遥领先，性价比超高，匠心产业，良心商家，贴心服务，这个产品包装完好，外观美观大方，安装师傅细心，售后服务完美，都很棒,pos
殇***鸟,14825693160,5,60升,【高端旗舰】电子镁棒即开即热,2020-11-01 18:25:22,非常好。点下的单。下午六点就到说了。快递小哥人很好。帮忙爬楼梯搬上六楼。产品应该不会差。等安装好再来追评,neg
****t,14858802353,5,60升,【高端旗舰】电子镁棒即开即热,2020-11-07 19:28:15,这款热水器挺划算的，性价比高，出水断电，瓦加热也快，可以手机控制，家里都挺满意的，从度加热到度差不多一个小时，这还是第一次加热。满意！师傅安装也很负责，施工的质量也很好。,pos
-***-,14666204790,5,60升,【奢华净浴】除氯净水护发柔肤,2020-09-21 09:56:37,外形外观：一如既往的好，相信品牌，会继续支持 加热速度：加热快，还可以即热洗，奔着这个功能买的， 其他特色：是正品很好用，价格便宜了很多，性价比超高，真的特别划算，包装也很高端大气上档次，值得购买 洗浴时间：趁着优惠，赶紧入手，是正品，包装也非常的好，没有破损，质量也是没得说，棒?,pos
J***马,16300547215,5,60升,【新品首发】电子镁棒零电洗,2021-09-14 07:54:45,美的这款热水器白色外观百搭，简洁大气。加热速度也很快，可以用遥控器控制，还可以联网控制，很智能。新品镁棒免清洗，安装人员服务态度很好。,pos
d***h,15834861352,5,60升,【高端旗舰】电子镁棒即开即热,2021-06-19 18:22:22,不错，神速送上门。机器也不错，快热，远程遥控都很好。其他功能正常，省心省事就行，热水器没太多要求，美的值得信赖。联动也行,pos
楚***黛,16090915532,5,60升,【极地套系】电子镁棒免清洗,2021-08-05 09:43:39,以前一直都是在实体店买，这次选择了网上买，不光是正品，价格还实惠！ 手机可以远程控制开关机，连上家里的以后，不用的时候远程可以关闭。 收到货后试了一下，很不错，质量很好，值得拥有！五星好评。一共才（防）（止）（和）（谐）元，比实体店便宜多了。,pos
Q***7,16680144611,5,60升,【奢华净浴】除氯净水护发柔肤,2021-11-18 16:07:17,美的热水器不错，安装师傅很热情，很好！热水器功能很强大，等下再慢慢研究下，哈哈,pos
****c,16709432573,5,60升,??【黑科技】电子镁棒零电洗,2021-11-23 15:11:14,双十一买的商品很优惠，美的大品牌值得信赖，家里很多东西都是美的的，老妈也很喜欢这个品牌，很棒！ 外形外观：非常高大上好看 其他特色：免更换镁棒，很棒,pos
r***1,16587905001,5,60升,??【黑科技】电子镁棒零电洗,2021-11-06 18:37:58,热水器很好，到了之后预约安装师傅，转天就安上了，功能齐全，很好看，赞,pos
彭***1,14830949854,5,60升,【新品首发】电子镁棒零电洗,2020-11-02 17:27:57,第二次买美的热水器了，发货速度很快，安装师傅也很专业！产品外观简洁大方，很方便！,pos
X***X,16485497907,5,60升,【鸿蒙智联】除氯净水护发柔肤,2021-10-19 14:39:31,高端大气上档次 颜值外观没得说 符合我的风格 太漂亮了！ 安装师傅服务很好 给点个赞！,pos
w***1,16719438278,5,80升,【高端旗舰】电子镁棒涡旋速热,2021-11-25 11:35:23,收到宝贝第二天师傅就联系安装了，安装师傅态度特别好，很热情，安装好看起来好高大上，美的大品牌值得信耐。,pos
u***e,16555821368,5,60升,??【黑科技】电子镁棒零电洗,2021-11-01 23:07:25,这个热水器很不错哦，爸妈都很喜欢，京东活动力度大，而且安装非常快，昨天才下单的，今天上午就送货到家，而且下午安装师傅就直接联系上门安装，很不错，速度非常快！,neg
太***7,14715350126,5,80升,【新品首发】电子镁棒零电洗,2020-10-04 16:40:49,外形外观：很漂亮很大气买的升的够用很好 加热速度：快很快 耗能情况：很节能保温很好 洗浴时间：预约时间很好安装便捷服务好，家里用很好，免换镁棒，不怕水质不好，棒棒哒,pos
高***洋,16692994999,5,80升,【超级新品】电子镁棒涡旋速热,2021-11-20 18:03:53,"双十一活动买的，价格便宜，外观很好看，京东送货速度很快，还有小赠品，超值，升大容量，人多也方便洗，太喜欢了,必须好评，大牌子有保障，售后也放心&;&;",pos
****5,16385787502,5,60升,【内胆免清洗】电子镁棒零电洗,2021-09-29 23:47:32,安装师傅特给力。最主要是他们在安装之前可以有专业的人来确定。我们家能否安装。需要怎么安装。送货超级快！！！师傅安装也不错。我们之前是个速热的。不行。换了这个不用担心费电。不用担心没有热水了 。总体来说真不错！！！,neg
****a,16701907342,5,60升,【高端旗舰】电子镁棒涡旋速热,2021-11-22 13:03:38,外形外观：很漂亮  还是屏幕按键的 很喜欢 颜值也很高    加热速度：加热速度挺快的  非常不错 总体来说非常喜欢 愿店家生意兴隆,pos
w***风,16109877051,5,60升,【高端旗舰】电子镁棒即开即热,2021-08-09 11:41:33,可用手机操作，很方便。上门安装靠谱放心，京东物流的速度也很快很满意。体积也不是特别大，不怎么占用空间，加热速度还蛮快的，很满意。,pos
u***4,16625235862,5,60升,??【黑科技】电子镁棒零电洗,2021-11-12 09:29:08,东西没有任何问题。送货特别的快，晚上下单第二天就送货上门。现在都没有货了我们这边。还好买的早,pos
****k,16034313669,5,60升,【高端旗舰】电子镁棒即开即热,2021-07-24 17:13:03,自认为是性价比很高的一台热水器，暂时还没有使用，后期使用后再反馈。安装师傅效率很高，收费也不贵，至少我能接受，一百多的材料费。很满意，至少不用我自己再去跑市场买。,pos
百***达,16335599565,5,60升,【新品首发】电子镁棒零电洗,2021-09-20 18:58:46,宝贝收到了，信赖美的，师傅安装到位，服务到位周到 外观材质：颜值高 不错，价格合适，喜欢， 加热效果很快 比较了好几个品牌，最终选定了这个美的的这个型号。性价比较高，又不用换镁棒，不用清洗，保修年。安装的小哥认真讲解问题，客服回答很耐心，值得点赞！信赖美的售后服务也非常棒！,pos
l***7,14831337828,5,60升,【新品首发】电子镁棒零电洗,2020-11-02 18:35:54,售后非常到位，安装速度快，外观比较大方，我非常喜欢，还有就是制热速度特别快，我们大家值得拥有。,pos
****3,16566800544,5,80升,【高端旗舰】电子镁棒涡旋速热,2021-11-03 14:57:18,一如既往的支持京东，信赖美的。产品技术先进，很好。第二次购买了,pos
张***7,16572512139,5,60升,??【黑科技】电子镁棒零电洗,2021-11-04 12:13:57,货收到了用了几天很不错，质量很好，加热速度很快，外观设计很美观，安装速度很快，服务很好我很满意。,pos
****w,14316101181,5,60升,【高端旗舰】电子镁棒即开即热,2020-06-20 17:16:27,外形外观：外观高端大气上档次，渐变颜色的显示屏也非常好看。 加热速度：加热速度很快，刚开始从度加温到度只需要一个半小时，蛮快的。 耗能情况：一级耗能是最节能的类型了，家里冰箱啥的都是二级。 洗浴时间：洗浴时间还没试，应该足够了。 其他特色：安装师傅服务到位热心，很满意。,pos
****7,16633738937,5,60升,??【黑科技】电子镁棒零电洗,2021-11-13 12:51:58,货收到了非常好? 安装师傅很用心热水器安装完非常漂亮使用很方便！???,pos
****O,16612427735,5,60升,??【黑科技】电子镁棒零电洗,2021-11-10 15:46:35,一直信赖京东，一直信赖美的，果然不会出错，质量好，用着放心，卖家服务态度很好，热水器也很满意,pos
三***腔,15054502152,5,60升,【鸿蒙智联】除氯净水护发柔肤,2020-12-16 14:19:38,昨天机器到的，今天师傅来安装的，顺丰到的，检查完好，机器看着很高端，哈哈～晚上就可以洗热水澡啦！安装师傅设计的太阳能也可以用！冬天不用看天洗澡啦,pos
L***y,16591153138,5,60升,??【黑科技】电子镁棒零电洗,2021-11-07 11:10:04,外观材质热水器收到了，外观高端大气，尺寸刚刚好，加热很快，而且省电，还有安装师傅态度服务非常好，非常满意，五星好评！！！,pos
闲***牛,16593102739,5,60升,??【黑科技】电子镁棒零电洗,2021-11-07 16:03:19,十月五号下单，十月七号中午送货到家，七号电话联系后下午马上就安装了，配件费收了，很便捷，很放心的一次购买体验，期待使用后的效果,pos
舞***蝶,16406594888,5,60升,【内胆免清洗】电子镁棒零电洗,2021-10-03 20:50:04,选的这款尺寸刚刚好，安装师傅很专业，还顺便帮忙把洗衣机归位重新接好了水管，装好立马就用上热水了。热水器没什么明显噪音，研究了一下说明书很容易就连上了-，可以手机智能控制非常方便！,pos
****7,15888124375,5,60升,【高端旗舰】电子镁棒即开即热,2021-06-29 10:11:31,热水器收到了，东西很不错，很喜欢，免拆洗，免换镁棒，就是方便。特别说明一下，物流和安装都特别棒！全部好评！希望物品能用住就行！接下来就看售后了！,pos
丁***当,16628919960,5,60升,??【黑科技】电子镁棒零电洗,2021-11-12 18:05:41,快递到的特别快，机器的外表也很靓丽，送货后师傅立马就给安装了，服务很周到，家里步梯直接送到家里，特别太感谢了，双买的也划算,pos
u***y,16038815400,5,80升,【新品首发】电子镁棒零电洗,2021-07-25 18:53:34,美的家热水器真的好用！以前用的也是美的。京东购买发货特别快！第一天购买的，第二天就安装好了。直播间主播讲解很有耐心。客服服务热情到位。安装师傅很给力，效率特别高！天气很热，安装师傅不怕辛苦，安装技术一流，给安装师傅点赞！这次愉快的购物，圆满结束！,pos
P***l,16709275573,5,60升,【奢华净浴】除氯净水护发柔肤,2021-11-23 14:49:47,热水器看起来很好，安装师傅很快就安装好了，热水的速度也特别快。很满意的一次购物。,pos
小***咯,16569441218,5,60升,??【黑科技】电子镁棒零电洗,2021-11-03 21:34:32,加热速度很快，安装师傅也很细心，大品牌值得信赖，还有好多功能值得探索,pos
****b,15247435817,5,80升,【新品首发】电子镁棒零电洗,2021-01-25 16:23:31,外形外观：外形外观精美 加热速度：加热速度快超快，以后洗澡无忧！,pos
盛***年,15104952285,5,60升,【新品首发】电子镁棒零电洗,2020-12-28 09:21:23,加热快！一家人洗澡不用担心热水问题，最最好的功能是安全！洗澡洗漱出水就断电！这个功能真的很棒！！！很赞！还能连接网关，手机控制预热。真的是美美哒！家里面很多电器都是美的，值得信赖！,pos
****9,16484107631,5,80升,【高端旗舰】电子镁棒即开即热,2021-10-19 10:27:56,外形外观：外形外观：好看时尚  加热速度：加热速度：快非常快  耗能情况：耗能情况：非常省电,pos
Z***子,16697382462,5,60升,【奢华净浴】除氯净水护发柔肤,2021-11-21 15:40:11,颜值很高，装在小卫生间里，刚刚好。安装师傅上门也很及时。最主要是美的售后好,pos
跳***e,15773217637,5,60升,【高端旗舰】电子镁棒即开即热,2021-06-07 11:29:42,热水器很快收到师傅就安排来安装了 人很好免费安装的好好的，热水器外观好看  也够大我是两层共用一台热水很快就出，满意这次买的 相信的牌子,pos
依***路,15755852608,5,60升,【高端旗舰】电子镁棒即开即热,2021-06-03 18:39:33,看了好久，最终决定选-()。摩卡金，颜色很漂亮，加热也快，还能远程联网，以后不怕回家晚等烧水了，提前约热水?。安装师傅也很给力，中午热水器到，下午就来安装完成了。?,pos
l***活,16672678620,5,60升,??【黑科技】电子镁棒零电洗,2021-11-17 16:31:08,已经安装好了，颜值在线，安装非常准时，安装师傅服务也好，已经帮调试好了，立即可以使用，可以速热{温，是适合家里要求的选择，好评好评,pos
骊***料,14824829478,5,60升,【高端旗舰】电子镁棒即开即热,2020-11-01 15:36:59,外形外观：和预想的一样漂亮，土豪金果然不让我失望 加热速度：迅速 耗能情况：可以接受范围 京东物流就是快，昨晚下单今天中午就到了，送货师傅非常热情，主动帮忙把热水器送到三楼，非常感谢。机器外观很好，没有损坏的地方，做工也好，客服非常有耐心和责任心，开始我打开箱子的时候由于遥控器粘在泡沫箱的里面我没看到，马上告诉客服说没有，客服二话没说就通知售后，售后很快就联系我了，原来是场误会，真是不好意思误会你们了，安装好以后拍使用照片上传上来，敬请期待,pos
时***0,15130449659,5,60升,【鸿蒙智联】除氯净水护发柔肤,2021-01-03 18:26:16,送货非常快，外地调货号下单号就到了，当天师傅就上门安装了，热水器外观大气上档次，安装师傅服务也很好，安装的很细心，耐心讲解，整体而言很满意。,pos
2***i,15884863977,5,60升,【新品首发】电子镁棒零电洗,2021-06-28 18:50:34,从外观而讲，这款热水器颜值特别高，而且它的触摸面板是彩色的，相当有质感，也一直相信美的的品牌，不方便，师傅安装速度快，安装时会出示收费详情，在顾客同意之后方可安装，想安装师傅相当专业,pos
****z,15063629528,5,60升,【鸿蒙智联】除氯净水护发柔肤,2020-12-18 13:41:15,外形外观：时尚，臻奢经典 加热速度：加热不错，很快 其他特色：一直用很多美的产品，值得信赖，本机搭配鸿蒙智联.，秒快速配网，很不错的体验感觉&;&; 耗能情况：能耗迪，节约能源 洗浴时间：水箱容量大，可以多人沐浴，使用方便,pos
a***p,16483877477,5,60升,【内胆免清洗】电子镁棒零电洗,2021-10-19 09:41:48,热水器非常不错，无线功能，远程操作，出水断电功能，功率两个瓦瓦。,neg
喜***买,16681350728,5,60升,??【黑科技】电子镁棒零电洗,2021-11-18 18:45:20,安装简单，质量很好，师傅服务态度很好，安装细心。 外形外观：大气上档次，白色永远不过时，漂亮 加热速度：温度上升很快，可以切换模式 耗能情况：比较省电，节能模式不错 洗浴时间：三个人洗澡没问题完全够用了 其他特色：语音无线网都可以操作很方便,pos
东***3,15721294327,5,60升,【新品首发】电子镁棒零电洗,2021-05-26 16:54:23,第一次买美的热水器，外观美丽大方，年质保用着放心，售后服务态度好，安装服务速度快，专业师傅活干的也很漂亮，用了配件还给打了九折，非常满意！,pos
h***x,15098824924,5,60升,【鸿蒙智联】除氯净水护发柔肤,2020-12-26 17:32:21,外形外观：外观漂亮，看着蛮高级的 加热速度：加热很快，不虚燃气热水器 洗浴时间：可以洗三个人，家用合适,pos
我***e,16466916558,5,60升,【高端旗舰】电子镁棒即开即热,2021-10-15 19:14:02,很信赖的品牌，物流很快，今天买明天到，安装师傅也很认真。相信这个品牌。,pos
A***X,16221808508,5,60升,【新品首发】电子镁棒零电洗,2021-08-30 10:39:12,安装师傅快速，负责，太好了，机器很好，加热快，功能全，很划算，太值得了,pos
公***水,15569113825,5,60升,【鸿蒙智联】除氯净水护发柔肤,2021-04-17 10:50:30,非常不错，能够过滤氯离子，保护皮肤，免更换镁棒，省心省力，比较喜欢出水断电的功能，安全第一，是，其他都是，这个强烈推荐,pos
****e,16697951684,5,60升,??【黑科技】电子镁棒零电洗,2021-11-21 17:16:42,热水器收到了，安装完了，特别好用，美观大方，很满意的一次购物,pos
沙***泪,14823201302,5,60升,【新品首发】电子镁棒零电洗,2020-11-01 10:03:35,外形外观：外观简洁大方，白色的主体非常漂亮 加热速度：还未加热，看面板是变频，而且终身免费更换镁棒不用担心后期维护问题。这也是当时选购的主要原因。 其他特色：一级能效，洗澡断电，手机控制感觉非常超值。现在马上预约安装,pos
****L,16432220932,5,60升,【内胆免清洗】电子镁棒零电洗,2021-10-08 13:57:02,外形外观：高端大气，很期侍美的智能电器 耗能情况：新一级耗能，节省,pos
豆***堡,16216743127,5,60升,【高端旗舰】电子镁棒即开即热,2021-08-29 09:40:27,外形外观：耐看，很棒，和家里的冰箱挺匹配的！ 加热速度：以前就用的美的，现在还是，相当不错！  其他特色：个人感觉，热水器就是热水器，弄得什么遥控器，无线网之类的，不实用。除非高端定制客户考虑一下以上功能，普通家用，真的是画蛇添足！个人意见！,pos
****/,16438155470,5,60升,【内胆免清洗】电子镁棒零电洗,2021-10-09 17:12:09,第一次到货检查有问题 联系售后，马上给安排换货，第二天就完成换货，速度非常快！赞? 外形外观：白色耐看，面板是渐变色 加热速度：变频加热很快,pos
u***e,15776803651,5,60升,【高端旗舰】电子镁棒即开即热,2021-06-08 01:13:25,外观大气，高大上，颜色耐看。屏幕大字清晰可见，现在买家电都买手机远程操控，有时候出远门在回家的路上，打开手机就可以打开把水加热，回到家马上可以有热水洗澡！可以说现在的科技越来越发达，没有科技就没有未来。还有这款热水器有智能控温，省电又省心。有出水断电，洗浴更加安全。智能杀菌，让水质更健康。配送员服务贴心热情。安装师傅服务也很到位，刚收到热水器师傅就马上打电话过来叫我哪天有空就预约上门安装，五星好评！！！,pos
****8,15896116050,5,60升,【鸿蒙智联】除氯净水护发柔肤,2021-06-30 14:40:18,热水器到了，安装师傅特别认真负责给安装的特别满意，还有热水器也很高大尚哦！！！喜欢,pos
l***随,15765662890,5,60升,【新品首发】电子镁棒零电洗,2021-06-05 18:38:58,外形外观：简单大气，磨砂白的质感看起来很棒。 加热速度：/自由调节，加热很快！ 耗能情况：一级能效非常节能 其他特色：大容量，安装师傅讲解非常仔细！,pos
y***7,16121971091,5,60升,【新品首发】电子镁棒零电洗,2021-08-12 08:42:07,用了一段时间才来评论，热水很稳定，水力也够，家里人用着也觉得不错，安装也很快，美的的热水器还是可以的，之前那台也是美的的，,pos
倩***和,16575206251,5,60升,【高端旗舰】电子镁棒涡旋速热,2021-11-04 18:22:41,已经安装好了，安装小哥很热情效率很高，一会就完事了。对这个热水器很满意，样子不错，容量很大，够一家人用了。支持国货，支持美的，以后好会买。会给别人推荐,pos
张***元,16614973588,5,60升,【奢华净浴】除氯净水护发柔肤,2021-11-10 21:55:27,热水器收到了 外观大气漂亮 还可以远程控制 加热速度很快 使用很方便,pos
****汐,16064217126,5,60升,【高端旗舰】电子镁棒即开即热,2021-07-31 15:49:19,外观好看，大小刚刚适合，不知道加热速度如何，美的的空调是非常不错的，冲着品牌买的，希望好用，今晚洗澡试一下看看，操作也算简单。,pos
****L,15053302871,5,60升,【鸿蒙智联】除氯净水护发柔肤,2020-12-16 10:11:27,安装很快，感觉还不错，颜色好看和浴室风格很搭。智能的很方便。具体的情况使用后再评价。,pos
l***2,16691453672,5,60升,??【黑科技】电子镁棒零电洗,2021-11-20 13:22:33,其他特色：非常满意，大品牌值得信赖，颜色与家里也很搭配，第二天就发货了，安装师傅动作麻利，安装仔细，管路走线合理，为安装师傅点赞，很不错的购物体验,pos
****L,16171794510,5,60升,【奢华净浴】除氯净水护发柔肤,2021-08-21 10:36:07,京东的保障还是很可以的，送货快实用性强，活动力度挺大的，送货也很及时，持久耐用，真材实料，满分好评推荐购买，送货和安装的师傅都很及时，服务也都很好。,pos
水***人,15066939203,5,60升,【鸿蒙智联】除氯净水护发柔肤,2020-12-19 09:52:40,快递师傅态度非常好，安装的师傅态度也非常好，全五星好评，热水器特别的高大上，特别的好用。对这次购物很满意。热水的很快，有很多功能。大容量储水。可以美美的洗个热水澡,pos
劲***池,15707340884,5,60升,【新品首发】电子镁棒零电洗,2021-05-23 09:57:20,配送速度很快 安装上门也快 变频加热 温度上来的速度也快 配个红外遥控器 老人小孩方便控制 还有连接 可以远程控制 智能家居,pos
慕***江,16552053024,5,60升,??【黑科技】电子镁棒零电洗,2021-11-01 13:27:53,老家农村不叫烧煤球了，天然气一直也没通气，天冷了买个热水器用用吧，家里的电器都是联网的，洗衣机空调都是美的，联网控制，送货员很热情，过几天再约售后安装来追评使用效果,pos
****p,16641967453,5,60升,【高端旗舰】电子镁棒涡旋速热,2021-11-14 16:03:00,热水器美观大方，性价比高，物流超快，第二天一早就到了，安装师傅很好，很有耐心，很满意的一次购物体验，,pos
夏***风,15717423772,5,60升,【新品首发】电子镁棒零电洗,2021-05-25 17:14:37,一直都在京东购买电器很靠谱很放心，当然京东物流也是最优秀的次日就送达了，安装的师傅隔天就来安装到位，还帮忙解决了一些小问题很暖心，热水器用起来很不错都是智能连接，这款免换镁棒的更是优秀，水温控制的很好，洗澡很舒服，给个大大的赞！,pos
小***虫,16567004750,5,60升,??【黑科技】电子镁棒零电洗,2021-11-03 15:30:58,预售买的，热水器很好，很划算，安装也顺利，热的快，不漏水,pos
****I,16565326634,5,60升,??【黑科技】电子镁棒零电洗,2021-11-03 10:52:20,美的热水器，提前双买的，京东直送就是快，安装师傅，也特别热情，售后也很到位，给我讲解的特别详细,pos
小***8,14116238654,5,60升,【高端旗舰】电子镁棒即开即热,2020-05-05 18:14:31,师傅很专业，非常准时，安装很快，美的就是专业，买热水器就得大品牌，大品牌有保证，下次还会介绍朋友来买，送货速度快，安装师傅专业、态度好。热水器很好，容量大，加热快，镜面触屏高端大气上档次。显示清晰明了，操作简单快捷，真打算用它一个世纪。安装完成教如何使用，事后还清理了卫生，使用感受不错，全星好评！,pos
呵***逢,14669413511,5,60升,【奢华净浴】除氯净水护发柔肤,2020-09-22 00:16:49,外形外观：高端大气，外观设计漂亮，时尚 加热速度：速度很快，基本上不用等 耗能情况：洗一次用不了多少电 洗浴时间：热快 一家人升的足够了 其他特色：智能远程控制太赞了，特方便，回家就有热水，开水断电的功能也很赞，保证安全，安装师傅很专业，特别热心，总之非常满意的一次购物,pos
阿***宝,14686554554,5,60升,【新品首发】电子镁棒零电洗,2020-09-26 15:07:45,外形简单大方，不换镁棒安全省心，操作方便简单.安装很到位打电话就来了，加热迅速，二十四小时温暖守候很满意哦。,pos
****4,16671220195,5,60升,【高端旗舰】电子镁棒涡旋速热,2021-11-17 13:00:27,宝贝收到了，质量很好，让装修师傅给装上了，使用很好，显示屏一目了然。,pos
l***f,16681250052,5,80升,【奢华净浴】除氯净水护发柔肤,2021-11-18 18:29:03,双买的很快到货了，到货下午师傅就联系我来安装了，售后很到位，师傅也很专业，机器也很好用加热特别快，价格也实惠,pos
小***4,14825381944,5,60升,【新品首发】电子镁棒零电洗,2020-11-01 17:26:04,凌晨下的单，没想到下午就送到了，大牌子果然效率高，信得过，货到不久，安装师傅就上门安装了，十分专业。 外形外观：白色高大上。,pos
阿***册,16671787669,5,60升,??【黑科技】电子镁棒零电洗,2021-11-17 14:33:40,热水器很不错，外观颜值很高，性价比也可以，值得购买，安装师傅服务也可以，还没入住等入住再发使用感受。,pos
快***6,16733124786,5,60升,??【黑科技】电子镁棒零电洗,2021-11-27 20:43:59,外观挺好是自己喜欢的颜色，加热速度快，够一家人使用，安装师傅服务态度很好,pos
g***w,14655507860,5,60升,【奢华净浴】除氯净水护发柔肤,2020-09-18 11:07:22,热水器外观很漂亮，颜值很高，因为有事情要出门，打电话给客服，要求尽快安装。客服服务很到位，安装师傅服务也很到位，期待热以后水器的使用效果。,pos
****5,16655602917,5,60升,??【黑科技】电子镁棒零电洗,2021-11-15 23:40:36,外观美观大方，白色的储水热水器很我们家卫生间非常搭 加热速度：加热速度快，如果不想等可以提前预约，想洗澡的时候直接洗 ，耗能情况：比较节能，冬天一家人洗澡非常的方便 其他特色：安装师傅非常专业也很好，打洞什么的会帮做好清洁，外观很漂亮，双管速热加温很快；电子镁棒真正免清洗；一级变频节能省电；遥控操作很方便；做工也很精细，跟浴室颜色很配套；出热水也很稳定，适合一大家人使用。,pos
车***汉,14827358590,5,60升,【高端旗舰】电子镁棒即开即热,2020-11-01 23:30:47,月日点下单，点送到家里了，神速，点安装师傅就上门安装了，先把旧机拆除，非常专业快速的就把新机装好了，安装，测试，一气呵成。机器美观大方，功能强大，操作简单，可以设置出水断电，每个时段需要的水温都可以设置，太喜欢了，年质保，使用放心。非常满意！,pos
****3,16585322882,5,60升,??【黑科技】电子镁棒零电洗,2021-11-06 11:27:25,热水器用了一段时间了，很不错！安装师傅态度挺好，也很有耐心！,neg
****w,16713614339,5,60升,??【黑科技】电子镁棒零电洗,2021-11-24 09:58:29,双十一预定发货，不得不说现在京东速度越来越快了，号当天就送来了，还送货上楼，安装师傅也很专业，太阳能和电热水器现在都可以使用了，大赞！！！热水器可以连接手机，可以预约开机烧水，太贴心了，家庭很实用，总之这次购物棒棒哒,pos
超***哥,16712121569,5,60升,??【黑科技】电子镁棒零电洗,2021-11-23 22:20:39,东西很好，安装也不错，商家也还可以，特别是是发货不错，农村地区，真的送货上门了，别的快递都需要加钱的，这点真的很不错，赞一个。,neg
y***4,15128961349,5,60升,【新品首发】电子镁棒零电洗,2021-01-03 12:39:06,大品牌，用起来很放心，质量非常好，赶上活动购买非常的划算，安装满意，服务态度很好。,pos
一***6,16114630036,5,60升,【新品首发】电子镁棒零电洗,2021-08-10 14:29:27,宝贝收到了，质量非常好，送货师傅热情服务好，这款热水器给家人买的，爸爸妈妈都很喜欢，操作简单易懂，值得购买，安装师傅也非常热情，服务态度非常好。下次家里需要家电的时候还会再次购买的，京东值得信赖！,pos
尤***儿,16691499094,5,60升,【高端旗舰】电子镁棒涡旋速热,2021-11-20 13:31:34,双十一购买的热水器，昨天安装完成，师傅安装很心细&;&; 外形外观：漂亮大方，家人很喜欢，颜色很配 加热速度：加热速度快 耗能情况：一级节能，节能效果好 洗浴时间：冬天洗澡方便,pos
随***牛,16258459297,5,60升,【高端旗舰】电子镁棒即开即热,2021-09-06 11:11:04,实物与描述的一样，质量相当好，卖家态度也好，有问必答，发货速度杠杠的，值得购买哦?值得购买！没有什么味道，用起来还可以?，没有不舒服的地方?，所以我还蛮喜欢的真的很喜欢，完全超出期望值，发货速度非常快，包装非常仔细、严实，运送速度很快，很满意的一次购物质量没得说，跟专卖店一样，特别特别喜欢，而且价格优惠大品牌，用起来很放心，质量非常好，赶上活动购买非常的划算,pos
****3,14822756258,5,60升,【新品首发】电子镁棒零电洗,2020-11-01 08:20:34,外形外观：外观简单大方，是我喜欢的颜色。好看好看好看，颜值没的说，喜欢的很，第一眼看的就是颜值，然后看品质性能啥的，确实也会因为是新款的有点担心品质，免换镁棒啥的怕是假的，但是觉得也不至于骗我，骗人是要付出代价的。  加热速度：速度比我之前用的快的多。那个用了不到一年就坏了，因为洗衣机是美的的所以直接选美的。 其他特色：专门等了这个价格来买的，超级划算。关键是售后特别好。,pos
****r,15051979128,5,60升,【鸿蒙智联】除氯净水护发柔肤,2020-12-15 22:10:15,颜值太好看了满满的科技感，发货速度快两天到家，预约时间上门安装，师傅服务好有问题都帮忙解答，第一次用满满的智能感，功能十分强大，满意,pos
雨***霖,16597448050,5,60升,??【黑科技】电子镁棒零电洗,2021-11-08 09:20:35,热水器已经收到了 头一天下单 第二天就到了  由于自己买的一些配件还没到  跟美的售后那边推迟了两天 今天过来安装的 安装师傅非常热情 安装的非常认真  非常满意,pos
****h,16560063160,5,60升,【极地套系】电子镁棒免清洗,2021-11-02 15:51:05,美的大品牌值得信赖，产品好高大时尚，加热很快有出水断电功能安全有保障。,pos
葛***-,16607617248,5,80升,【高端旗舰】电子镁棒涡旋速热,2021-11-09 19:02:23,售后服务真的好，安装快， 外形外观：好看 加热速度：快,pos
C***点,14950870968,5,60升,【新品首发】电子镁棒零电洗,2020-11-23 15:15:55,外形外观：简洁大方 加热速度：很快 很方便 耗能情况：级能耗 其他特色：电子镁棒 免更换 更放心 安装师傅很认真 安装迅速 耗材使用放心 上门安装工服整洁 美的品牌值得放心信赖,pos
****滴,16695700741,5,60升,【高端旗舰】电子镁棒涡旋速热,2021-11-21 09:59:26,送货速度快，安装师傅十分的专业。热水器颜值高，加热快，相信大品牌的实力。很满意的一次购买,pos
柳***莺,16736402674,5,60升,??【黑科技】电子镁棒零电洗,2021-11-28 14:49:32,物流很快，白色的外壳很漂亮，师傅安装技术很到位，还细心讲解了如何使用,pos
****y,14823659119,5,60升,【新品首发】电子镁棒零电洗,2020-11-01 11:31:06,外形外观：大气漂亮 其他特色：总体说非常符合我的审美标准,pos
****q,15711405355,5,60升,【新品首发】电子镁棒零电洗,2021-05-24 09:35:57,外形外观：高端大气上档次，温度显示也设计的足够大，方便查看 加热速度：很快就热了， 耗能情况：比较费电，买给老妈用的 其他特色：看中的不用管镁棒，方便老妈用，老年人管东西容易搞不清楚着急,pos
a***0,15374228274,5,60升,【新品首发】电子镁棒零电洗,2021-03-03 08:33:10,热水器用起来很棒，可以连接软件使用，还有净水功能以及变频速热技术。回家前，打开软件，预约洗浴时间，到家后就可以享受到沐浴的舒服，真的是很便捷。搭配大屏幕的数字显示，满满的科技感。电子镁棒不用几年一换，实在是很方便。从一款热水器，喜欢上沐浴。,pos
满***灿,16504839385,5,80升,【高端旗舰】电子镁棒即开即热,2021-10-23 10:07:47,热水器已收到 外观大方精致 值得一提的是送货师傅服务细心周到 送货安装一条龙服务 真的是超赞 不愧为大品牌以后家里家电就选美的 必须五星好评!,pos
****h,15858244201,5,80升,【新品首发】电子镁棒零电洗,2021-06-23 16:46:19,宝贝完美，值得拥有。外观漂亮，安装师傅服务好，做工好，期待使用效果也很完美！,pos
蛋***烦,15495210727,5,60升,【新品首发】电子镁棒零电洗,2021-04-03 16:56:59,热水器很好，电子镁棒，免更换很方便，加热很快，智能联网，值得购买。,pos
你***泽,16559840409,5,60升,??【黑科技】电子镁棒零电洗,2021-11-02 15:13:17,外形外观：好看大气 喜欢白色的 加热速度：加热速度很快 耗能情况：还不错吧 比较省电 其他特色：电器一直都买美的的 主要还能用控制我比较喜欢,pos
****n,14824331710,5,60升,【新品首发】电子镁棒零电洗,2020-11-01 13:55:35,其他特色：物流速度超级快，昨晚下单的，现在就收到了。售后师傅十分专业，十分满意 外形外观：美观大方，液晶屏幕高端大气上档次  洗浴时间：加热超级快，钛棒高科技,pos
6***m,16582006490,5,60升,??【黑科技】电子镁棒零电洗,2021-11-05 18:49:51,外观大气漂亮，加热很快。。很满意。安装师傅也特别好。,pos
j***n,15967016558,5,60升,【新品首发】电子镁棒零电洗,2021-07-11 16:01:11,家里热水器有几年了，特挑选一个不必换镁棒的这一款，相信美的品牌，相信京东平台，物流很快，预约安装很顺利，师傅很给力。原本担心乡下不给送，结果送达没问题，感谢京东物流。师傅预约准时到达，安装耐心细致，装完又调试，干下来出了一身的汗，师傅辛苦啦。,pos
l***g,15311134552,3,60升,【新品首发】电子镁棒零电洗,2021-02-09 21:46:02,还是十分失望的。冬天只能洗分钟热水。升的电热水器的极限了吧。再热提示要一个小时了。所以广告里不会告诉你，冬天持续洗澡时间的。可以方便查看热水器信息，还是挺方便的。可以加个星星。安装能符合基本安全标准，离墙壁有空隙 洗浴时间：分钟 外形外观：比较美观 加热速度：小时,pos
花***M,14888614380,5,60升,【高端旗舰】电子镁棒即开即热,2020-11-12 18:27:28,外形外观：金色外观大气，耐看，耐脏，大小合适，显示屏一目了然，操作很简单，性价比很高的一款 加热速度：安装完就插电加热，速度很快不一会的功夫就有温度了变频加热很实用，生活洗漱，洗澡可用不同功率加热 耗能情况：有待观察，一级能耗应该不会太高 手机预约洗浴很方便 咱们当地安装师傅很用心，点赞！！ 用过一段时间再来评论吧,pos
1***3,14199763037,5,80升,【高端旗舰】电子镁棒即开即热,2020-05-26 19:35:01,美的 - 电热水器，昨天下午送货到我家，今天下午师傅上门安装。热水器加热速度快，还可以出水断电，安全系数高，我很喜欢。热水器处表漂亮大气。安装师傅服务到位我很满意。送货员从楼送到楼辛苦了。黄山和美的客服服务态度好我很满意。感谢京东！感谢卖家！！给五星好评！！！,pos
d***g,15288847773,5,80升,【新品首发】电子镁棒零电洗,2021-02-03 22:09:13,静音。加热迅速。省电。遥控灵敏且操作界面简单明了。没有复杂的配件，自己安装方便快捷。包装箱内配备双份专用膨胀螺栓。箱体自带安全地线。收到操作简洁灵敏。智能联网。总之非常顺心。,pos
****n,16275088598,5,60升,【新品首发】电子镁棒零电洗,2021-09-09 12:03:40,符合家庭的需求，看上去还很高档，安装师傅也很专业，很快就装好了，不用担心再需要清洗了,pos
****a,15054287063,5,60升,【鸿蒙智联】除氯净水护发柔肤,2020-12-16 13:34:28,这款电热水器是美的双十二首发新产品，外观美丽大方，颜值高。今天收货，当天就来安装了，美的师傅服务态度好，安装得很到位。这是一款终身免换镁棒的产品，还有一个除氯过滤器，对头发和皮肤大有益处。八年免费维修，可以放心使用。用的感受有待追评。总之我很满意，给个好评并推荐大家购买。,pos
****k,15063160925,5,60升,【鸿蒙智联】除氯净水护发柔肤,2020-12-18 11:52:48,一打开就惊艳了，太漂亮了，家里都很满意，师傅人特别好，服务也好，安装非常漂亮，测试之后也很不错，家里再也不用担心冬天水凉了，机器很完美，感谢美的，全五分好评哈哈 外形外观：漂亮 加热速度：快 耗能情况：一级 其他特色：服务太棒了,pos
浮***丹,15719884699,5,60升,【高端旗舰】电子镁棒即开即热,2021-05-26 10:44:25,热水器安装很及时，安装师傅十分专业，很满意。商品很不错，预约安装后马上就给致电预约安装后安装了，商品看起来高档大气，美的热水器内含镁棒净水设备，不用担心水质问题，可以放心使用。,pos
****m,15436107690,5,60升,【新品首发】电子镁棒零电洗,2021-03-18 21:47:35,第二次在美的购买热水器咯，物流依旧送货很快呢，热水器到货一直没让我失望，外观很漂亮，很大气很喜欢，使用起来超方便的，手机下载直接开关电源既方便又省电，安装的师傅上门很快，做事情很认真，服务很到位，还很认真的和我讲解，真心没话说了，美的升电热水器电子镁棒免更换 ，安全零电洗智能家电控制-()值得购买哦，,pos
d***业,15750455792,5,60升,【新品首发】电子镁棒零电洗,2021-06-02 17:18:26,东西质量还可以，快递速递也很给力。很满意的一次购物，包装很好，颜值不错，发货速度快，很惊喜，材料和做工都不错，服务态度一流，点赞！,pos
木***唧,14825059286,5,60升,【新品首发】电子镁棒零电洗,2020-11-01 16:23:12,月号凌晨下单，没想到上午这么快就到了，安装师傅很热情，热水器高端大气上档次，质量真的不错，朱老板生意兴隆财源广进,pos
施***请,14711567323,5,60升,【新品首发】电子镁棒零电洗,2020-10-03 15:04:09,首先说配送：非常快速，而且专业 再说安装上，师傅很耐心 ，而且辅料价格真的不贵 起码比较专业 再说功能上，几乎满足日常需要，无论是免更换镁棒，还是出水断电，还是变频，不仅能在遥控器上操作，还能再手机和面板上自行操作，外观很漂亮我很喜欢，值得购买，加热速度很快，安装师傅也很好，安装很有耐心，出水断美的功能简直太好了，以前洗澡总担心，现在好了，美的热水器这个牌子值得信赖,pos
****1,16548534491,5,60升,【高端旗舰】电子镁棒智能杀菌,2021-10-31 21:00:48,颜值很高，热水速度也很快。挺好用的,pos
冰***丽,16206491448,5,60升,【新品首发】电子镁棒零电洗,2021-08-27 13:33:31,装好了！装完之后挺好看的 外观很漂亮 性能也很好 烧水挺快的 也很节能 就是安装的时候还需要另外交钱 我觉得以后可以把这一项写在价格里面 这样 大家心里会有点谱,pos
****d,15059914843,5,60升,【鸿蒙智联】除氯净水护发柔肤,2020-12-17 16:48:03,一看外观就是属于高端热水器，正好我的手机也是华为手机，使用起来非常方便，安装师傅装的也很认真，有滤芯过滤以后用起来能享受清净好水，值得购买使用的。,pos
星***1,16588627703,5,60升,??【黑科技】电子镁棒零电洗,2021-11-06 20:30:12,东西还是很不错的 当时没有安装 另约了时间 可以推荐，,neg
****2,16732477120,5,60升,【高端旗舰】电子镁棒涡旋速热,2021-11-27 18:47:43,外形外观：高端大气漂亮完美 加热速度：很快，洗澡热水非常快很满意 耗能情况：一级能耗比较节能 洗浴时间：一家人刚好够用,pos
l***r,14823996426,5,60升,【新品首发】电子镁棒零电洗,2020-11-01 12:44:39,京东物流一如既往的给力，才下单半天就收到货了，新款电热水器颜值很高，能效一级也省电，镁棒新工艺也很让人期待，具体使用效果等安装完成后再进行追评,pos
清***e,15568560855,5,60升,【新品首发】电子镁棒零电洗,2021-04-17 07:44:03,家里太阳能的加热功坏了，不得不买一个电热水器，看了好几个牌子的，感觉美的的这个还不错吧，今天下单，明天就到了，配送非常快速，功能上，几乎满足日常需要，无论是免更换镁棒，还是出水断电，还是变频，不仅能在遥控器上操作，还能再手机和面板上自行操作，外观很漂亮我很喜欢，值得购买，加热速度很快，安装师傅也很好，安装很有耐心，辅料用了，那个塑料的混水阀就不好了，出水的时候声音很大。不过出水断电的功能简直太好了，以前洗澡总担心，现在好了，美的热水器这个牌子值得信赖,pos
****e,14882686800,5,60升,【新品首发】电子镁棒零电洗,2020-11-11 21:34:28,刚装上感觉特别大气，晚上特地试了试，加热速度很快。一次洗三到四人绝对没问题，特别是喜欢冲热水澡的人福音。,pos
a***9,15194367502,5,60升,【奢华净浴】除氯净水护发柔肤,2021-01-12 19:19:49,高颜值，高品质，非常好，一分钱一分货，材质外观和质量一看就很上档次，非常喜欢 安装人员热情规范到位 科技感满满 还能控制 相信美的,pos
Z***p,16686143747,5,80升,【高端旗舰】电子镁棒涡旋速热,2021-11-19 15:09:09,已经安装开始使用了，送货上门，免费安装，非常棒，建议加购，质量和店里面一样的,pos
****d,16730818776,5,60升,【鸿蒙智联】除氯净水护发柔肤,2021-11-27 13:35:45,热水器很好很满意  安装师傅态度也很好  使用也很方便,pos
夏***一,16486662639,5,60升,【高端旗舰】电子镁棒即开即热,2021-10-19 18:48:07,外观大气，这个颜色看起来很高档 ，全家人很喜欢,pos
1***满,16563267104,5,60升,??【黑科技】电子镁棒零电洗,2021-11-03 00:00:03,果然是京东物流，前一晚下单，第二天下午就送货上门，安装师傅还很贴心提前电话预约时间，第二天就上门安装了，热水器外观很好看，相信大品牌质量，活动价格很优惠，开心！,pos
京***户,16573882455,5,60升,??【黑科技】电子镁棒零电洗,2021-11-04 15:37:38,物流速度快，快递小哥也很热情，一个人给背到六楼，真正做到了送货上门的服务，包装也很好，看着质量很不错，立马叫了安装师傅就给装上了，期待花洒到货后赶紧试一下！,pos
****d,15109848881,5,60升,【鸿蒙智联】除氯净水护发柔肤,2020-12-29 12:13:19,一眼就相中了这款热水器，物流很快新款颜色太喜欢了，功能也很强大，安装师傅安装的很好，安装完也耐心等待给我讲解用法，大品牌值得信赖,pos
****l,15215358548,5,60升,【高端旗舰】电子镁棒即开即热,2021-01-18 09:45:44,外形外观：高端大气上档次 加热速度：非常快，一家三口接力洗没问题！ 耗能情况：自动断电，恒温节能，保温效果很好！ 洗浴时间：分钟接力洗！ 其他特色：其他特色：沐浴智能化热水如期而至 ，有防电墙，有效解决漏电问题，美棒免更换，节能省电，加热速度快。,pos
***萝,15243273292,5,60升,【鸿蒙智联】除氯净水护发柔肤,2021-01-24 17:50:53,等这个热水器很久了，终于等到搞活动。颜色超爱！比较独特！安装师傅也特别好！安装的很完美！之前一直犹豫买空气能还是热水器，最后还是选择热水器！很高兴买到自己钟意的东西！感谢美的,pos
I***笑,14824606733,5,60升,【新品首发】电子镁棒零电洗,2020-11-01 14:51:09,外形外观：外观设计时尚大方，放到卫生间很好看。 加热速度：大功率加热速度很快。 耗能情况：变频设计节能省电。 其他特色：无线网远程控制非常方便，在外也能控制热水器，出水断电也可以解决漏电问题了,pos
纪***r,16614408696,5,60升,【极地套系】电子镁棒免清洗,2021-11-10 20:48:32,加热速度很快，家里原来就是美的的，用了多年了，品质特别好，想换个新的，所以直接买了同品牌的，客服态度特别好，售后人员也特别好，正赶上北京大雪，顶着大雪送的货。真心不错！,pos
****6,16691438659,5,80升,【高端旗舰】电子镁棒涡旋速热,2021-11-20 13:19:47,这款特别好非常高大上，不但颜值高，东西也很棒。省电烧水快非常智能。服务也非常到位送货上门????美的值得信赖 外形外观：很高高大上 加热速度：非常快 耗能情况：很节能 洗浴时间：轻轻松松七、八个人没关系,pos
大***e,15792706600,5,60升,【新品首发】电子镁棒零电洗,2021-06-11 13:30:52,这个热水器颜值很高大上，功能齐全新颖，免更换镁棒这个功能太贴心。制热快，出水均匀充足。 安装师傅提前两天就联系我了，安装专业，高效率，还细心教我如何使用智能连接，非常感谢！,pos
****c,15390969592,5,80升,【奢华净浴】除氯净水护发柔肤,2021-03-07 11:08:25,美的热水器质量还好，高端大气，我很喜欢，热水加热快，客服服务态度好又有耐心，物流很快但送货快递服务态度差，安装师傅服务态度好。,pos
白***3,14103231466,5,60升,【高端旗舰】电子镁棒即开即热,2020-05-02 13:34:49,外形外观：热水器包装完美，颜值很亮，显示屏配色也很好看 加热速度：加热速度很快，日常洗澡再也不需要过长时间等待 耗能情况：一级能效应该很省电 其他特色：链接可以操控，很方便。安装师傅服务很好，安装的又快又好,pos
****4,16687460455,5,80升,??【黑科技】电子镁棒零电洗,2021-11-19 18:40:01,外观还不错，很耐看，超值，值得推荐，美的家里很多都是这个牌子的小家电，，，，,pos
阳***宝,16711326259,5,60升,??【黑科技】电子镁棒零电洗,2021-11-23 20:02:16,千挑万选的热水器，外观大气，很新潮，颜色很好看，功能也比较全面，随时都能有热水，水流也比较大，推荐购买&; 加热速度：非常快,pos
c***g,16218370170,5,60升,【奢华净浴】除氯净水护发柔肤,2021-08-29 15:49:57,外观非常漂亮，可以手机控制，智能方便。安装服务很棒。根据我们的要求安排师傅上门安装，师傅很热心。活动期间买的，便宜很多呢。,pos
加***翔,15759736623,5,60升,【新品首发】电子镁棒零电洗,2021-06-04 14:43:21,非常好的一次购物体验，非常好用的一款热水器。买之前做了很多功课，研究了不同厂家不同品牌。最后还是选择了美的，大品牌，质量好，价格实惠，售后服务好。 外形外观：外形时尚大气，很适合家庭使用 加热速度：功率大，加热速度快 耗能情况：一级能耗，保温效果好 洗浴时间：出水快，容量大，足够家庭使用  总之，对这个热水器很满意，给五星好评，推荐大家购买,pos
碎***j,15965064493,5,80升,【新品首发】电子镁棒零电洗,2021-07-11 11:10:57,物流配送很快；热水器外观大方，比我原来的好看的多了。变频加热速度很快，很实用。买这款主要相中他免换镁棒。安装师傅也很给力，还帮忙把家里水管改装了,pos
1***p,16636158276,5,60升,【奢华净浴】除氯净水护发柔肤,2021-11-13 18:43:29,外形外观：外观干净大气'功能齐全   对比多家后选择的这家 加热速度：加热速度快'非常适合一家人使用 洗浴时间：淋雨时间久'储水多 耗能情况：耗能小'非常省点'总之性价比很高,pos
b***n,16572652201,5,80升,??【黑科技】电子镁棒零电洗,2021-11-04 12:38:41,赶上活动，非常划算，头一天下单，第二天就到了，安装师傅态度好，制热效果棒！,pos
****8,15907688024,5,60升,【新品首发】电子镁棒零电洗,2021-07-02 05:37:45,家里旧的热水器洗澡水小忽冷忽热，换的这个，看了很久也对比了实体店，价格优惠，东西也很好看，还可以远程控制，没有出现过任何问题，安装师傅也很好，很满意，五星好评,pos
****l,16508285406,5,60升,【内胆免清洗】电子镁棒零电洗,2021-10-23 21:10:40,很好用，以旧换新完美收官，让生活更美好，电子镁棒不用担心里面有水垢了，还省电，居家生活必备，最重要的是价格实惠了，好用就行,pos
s***爱,15832487732,5,60升,【鸿蒙智联】除氯净水护发柔肤,2021-06-19 11:29:01,颜色大气，送货很快。安装的师傅很负责，安完以后告诉注意事项，怎么保养，怎么清洁，很耐心，赞一个,pos
文***帅,14131491876,5,60升,【高端旗舰】电子镁棒即开即热,2020-05-09 15:27:24,外形外观：高端大气上档次 耗能情况：一级耗能，省电好选择 其他特色：非常智能，可以连接，手机连接非常方便，还可以按键，遥控机控制，多样选择 服务一级棒，无论是配送还是安装都提前联系确认时间，配送送货上门，安装师傅安装后垃圾都给处理好，认真告知如何使用，态度超级好,pos
****g,16629614640,5,60升,??【黑科技】电子镁棒零电洗,2021-11-12 19:37:46,热水器收到啦，非常购买好，安装师傅人很好，安装完还教怎么用，值得大家～,pos
呼***静,16277920848,5,60升,【新品首发】电子镁棒零电洗,2021-09-09 23:28:52,外观高端大气上档次，功能齐全，最主要还能手机远程遥控，最让我心动的就是这款不用清洗内胆的热水器，颜色款式都是我喜欢的样子。物流也超给力，家里没人，通知我后我联系老妈去收货，快递小哥不辞辛苦隔着一栋楼搬来又搬去的，很贴心。赞啦！安装师傅很专业，耐心地讲解这款机型的各种功能，还耐心地教会我父亲怎么使用超控，我父亲都说这小师傅态度好，信心又为客户考虑周全，很满意选择了美的还有美的的售后服务，超超赞！,pos
****U,15337692275,5,60升,【新品首发】电子镁棒零电洗,2021-02-21 19:19:09,实际颜色比网图要更白一点，特别简约时尚大方，刚开始感觉挺大的，装完感觉就没那么大了，特别好看实用，安装人员也非常专业，服务非常周到，特别推荐大家购买。,pos
登***7,16647735657,5,60升,??【黑科技】电子镁棒零电洗,2021-11-15 11:03:41,外形外观：白色简约大气 加热速度：变频加热，很快 耗能情况：一级能效省电 其他特色：安装师傅很耐心负责 相信美的质量～,pos
爱***8,16565541068,5,60升,??【黑科技】电子镁棒零电洗,2021-11-03 11:27:48,安装满意！热水器也很好，看上去高大上，我们家都是美的产品值得购买！,pos
****c,15849969704,5,60升,【高端旗舰】电子镁棒即开即热,2021-06-22 10:41:21,颜值很高，性能很强，优惠很大，功能齐全，使用方便，安装师傅特别热情，服务到位,pos
苗***G,15028560322,5,60升,【新品首发】电子镁棒零电洗,2020-12-11 10:50:36,白色的外观，简约美观，速热北方很需要，一级能效省电，可以连接，主要看中电子镁棒，免更换设计，省去换镁棒的烦恼。,pos
z***3,14723232751,5,80升,【高端旗舰】电子镁棒即开即热,2020-10-06 20:28:38,这次过节买的热水器非常超值，安装使用上水量特别大，加热很快，而且特别省电，总之感受非常棒,pos
l***g,15746345883,5,60升,【新品首发】电子镁棒零电洗,2021-06-01 20:19:20,这次翻新家里电器基本都是美的，热水器空调烟机之类的，美的品质没得说。我的热水器位置比较小，考虑更换镁棒和清洗，选了这款免更换镁棒的，这样就不用担心更换镁棒排水啊之类的一系列的问题了，售后质保也很好,pos
[***孑,15801615466,5,80升,【高端旗舰】电子镁棒即开即热,2021-06-13 15:20:30,外形外观：外型非常漂亮。 加热速度：的加热速度还是很快的。 耗能情况：安装好以后还没怎么用，能耗还真的不是很清楚。 洗浴时间：升的洗多久也没什么问题。 其他特色：可以用来控制不知道是这款热水器的特色,pos
不***酋,16617197157,5,80升,??【黑科技】电子镁棒零电洗,2021-11-11 09:42:05,终于安装好了，之前调货调了好久，今天一大早就预约了安装，很棒，安装师傅也很用心,pos
0***-,16181002357,5,60升,【新品首发】电子镁棒零电洗,2021-08-23 09:49:50,外观很漂亮，加热速度也很快，安全性能高，也不怎么耗电，安装师傅人很好！,pos
棉***哦,15916986171,5,80升,【奢华净浴】除氯净水护发柔肤,2021-07-03 14:45:23,外观很舒服，颜色好看，功能强大。物流安装非常到位。是个不错的选择,pos
h***g,16431347497,5,60升,【内胆免清洗】电子镁棒零电洗,2021-10-08 10:41:56,很满意，很省心，出水断电，不用换镁棒，安装师傅很热情，空间正好。,pos
k***0,15415091173,5,60升,【新品首发】电子镁棒零电洗,2021-03-13 12:00:28,家里的热水器用时间长了，怕不安全，果断买了这款无需换镁棒热水器，很方便，加热速度也挺快的，质量不错，极力推荐大家购买哦！！！,pos
H***蒙,16425998923,5,60升,【鸿蒙智联】除氯净水护发柔肤,2021-10-07 12:39:19,热水器质量很好，操作方便很智能，安装师傅安装也很专业，只是购买时间与到货时间相差天，官方需采购也未及时说明，差点耽误国庆假期，询问免辅材费的问题售前与售后客服相互推诿，不知道相关政策，确实表现欠佳！,pos
盈***店,15095429932,5,60升,【新品首发】电子镁棒零电洗,2020-12-25 19:57:36,新家必备，免清洗智能净热水器 。热水器一用就八年免清洗热水器 日后更省心 。自动清洁更省心 给你一个偷懒的理由 免换钛兴更省心，新家有它不操心 。采用高纯度电子镁棒释放电子 有效阻止镁棒消耗 耐腐蚀性高。钛芯达到零消耗 水质干净无污染 。升级自动进水器 管路多效抑菌金率 %抑菌 亲肤水 每寸肌肤都要细节呵护 。双管是瓦到瓦 变频速热洗浴无需等待 。开启云管家功能 通过智能算法 闲时不加热 灵活开启关闭加热 比你更懂省电 。一贴断电很给力 洗澡不用拔插头 。防电墙保护更全面 漏电断电 漏电实时报警 安全一体化用电安全监测 。 体检象牙白大白搭理的潮时尚线条圆润温和，极地简约 白色百搭 当下时尚风格点缀浴室浴室 沐浴满满愉悦感 。,pos
h***g,16591423388,5,60升,??【黑科技】电子镁棒零电洗,2021-11-07 11:49:10,非常好，第一个也是美的用了十年了，这个更好更智能，送货很快，安装速度很快,pos
R***港,15246132427,5,60升,【新品首发】电子镁棒零电洗,2021-01-25 11:42:20,美的的新品，免换镁棒，变频版，非常满意，安装也专业，安装师傅说价格便宜，还有，能用手机直接控制。感谢！,pos
右***助,14426594807,5,60升,【高端旗舰】电子镁棒即开即热,2020-07-17 10:56:46,外形外观：外观很漂亮的，简洁大方，面板渐变色很时尚 加热速度：加热速度还不错，几分钟从度到度 耗能情况：功耗有待观察，刚装上还没用 洗浴时间：洗浴时间得有待体验，刚装上来不及试 其他特色：带功能，带遥控器，应该控制起来很方便，速热功能很高效，还有自动除菌功能,pos
****m,16489244331,5,60升,【内胆免清洗】电子镁棒零电洗,2021-10-20 11:11:33,东西不错   售后非常好    安装师傅非常细心    干活干净立正    每一步都非常认真   好评！,pos
香***1,16396661883,5,80升,【内胆免清洗】电子镁棒零电洗,2021-10-01 22:41:56,一直喜欢用品牌的东西，这个热水器很好，还可以预约时间，还可以连网络，热水快，很好,pos
李***7,15224021005,5,60升,【新品首发】电子镁棒零电洗,2021-01-20 10:47:04,非常好的的一款热水器，出水自动断电，烧水非常的快,pos
****o,16565220733,5,60升,??【黑科技】电子镁棒零电洗,2021-11-03 10:35:56,服务态度非常好，机器款式也非常好看，颜色漂亮，反正非常满意,pos
****梦,14823729849,5,60升,【新品首发】电子镁棒零电洗,2020-11-01 11:47:15,号凌晨下单，转天上午就收到货了，物流很快，美的是大品牌，一直买他家电器，师傅也很好！客服也不错，耐心讲解！货物保存完好！期待安装后的效果，使用后再评价！,pos
喔***佛,15230782205,5,60升,【奢华净浴】除氯净水护发柔肤,2021-01-21 19:04:20,非常满意。外观设计相当时尚，各种信息显示清晰明了。功能上除菌、去氯、滤垢都全了。水热速度也很快。还能通过远程控制以及查看各项状态数值，预定加热时间，很方便。上门安装的师傅也非常认真负责。,pos
芒***店,16702513407,5,80升,【高端旗舰】电子镁棒涡旋速热,2021-11-22 14:53:07,外观不错，高端大气上档次，实用方便，相信美的！,pos
任***西,16515456166,5,60升,【内胆免清洗】电子镁棒零电洗,2021-10-25 12:36:34,安装完感觉是很好看的，还没有使用， 听说有遥控，也可以手机控制！总体很满意，美的，大企业，值得保障！,pos
数***R,15765087089,5,80升,【高端旗舰】电子镁棒即开即热,2021-06-05 16:37:05,可以，总算安装用上了，泄压阀坏了漏水，师傅及时更换，好评，安装师傅很专业,neg
赵***阳,15035240285,5,60升,【高端旗舰】电子镁棒即开即热,2020-12-12 17:52:49,安装师傅非常给力，干活麻利，收费合理，服务满意！ 外形外观：外观怎么说呢？实在是太好康简直好看到爆，非常完美，总之就是很喜欢水果会喜欢的哦，就是起哄 加热速度：加热速度可以说是最快，匆匆的就跟坐火箭一样。,pos
w***7,16047691929,5,60升,【新品首发】电子镁棒零电洗,2021-07-27 16:36:36,一直相信美的品牌，家电系列，美的是市场占有份额最多的，家里的大家电都是美的，此款热水器性价比很高，出水断电，语音控制，电子镁棒，层内胆，无论在功能和安全性是都是很优良了，已经安装，期待使用。,pos
A***冷,16516271233,5,80升,【极地套系】电子镁棒免清洗,2021-10-25 15:48:43,产品到货非常快，质量也非常好，安装的师傅也是很细心帮忙安装,pos
r***7,15829025221,5,60升,【新品首发】电子镁棒零电洗,2021-06-18 19:22:14,变频就是省电，一级能效，关键是水热的很快，一家人洗澡也不用等，随时想洗就洗。最喜欢的还是出水断电功能，电热水器就怕漏电，尤其给孩子洗澡的时候，多少会不放心。有了断电出水，安心多了?,pos
s***1,15874031480,5,60升,【新品首发】电子镁棒零电洗,2021-06-26 18:19:07,美的产品的品质好，售后服务非常好，热水器安装师傅按约准时到位，安装过程顺利。并且安装师傅对热水器的操作进行了演示介绍，对美的安装师傅的服务点赞。,pos
Y***_,15210455554,5,80升,【新品首发】电子镁棒零电洗,2021-01-16 21:26:47,加热速度：速度与激情，肉眼可见的温度提升，淋在身上那叫一个爽！ 洗浴时间：固定&; 两三个人淋浴不成问题。 其他特色：手机可以遥控，还有非常先进的免换镁棒设计，高端大气！,pos
潘***轻,16549175005,5,60升,【奢华净浴】除氯净水护发柔肤,2021-10-31 22:24:43,装修没完成，还没安上，邻居家用的就是这款 外形外观：颜值高好看 加热速度：加热速度好 耗能情况：特别省电 其他特色：就喜欢这金色，土豪金,pos
F***r,16585293792,5,60升,??【黑科技】电子镁棒零电洗,2021-11-06 11:19:54,热水器收到了 颜值很高 热的速度也快 很满意 一如既往的支持美的  大屏显也好看 主要是不用换镁棒 免去麻烦 以后家电还买美的,pos
W***I,16701029026,5,80升,??【黑科技】电子镁棒零电洗,2021-11-22 10:32:26,双十一的时候买的，还有礼品，快递也特别给力，安装师傅特别好，也没有乱收费的现象,pos
****c,14686351883,5,60升,【新品首发】电子镁棒零电洗,2020-09-26 14:11:46,外形外观：外观精美耐看，符合个人审美。配送师傅非常好，送完货还给联系安装师傅，服务太赞了。 加热速度：相信大品牌的实力，还没开始正式使用，非常期待。 耗能情况：听装机师傅说每天就一度电的耗电量，我觉得都可以接受。,pos
****t,15845194915,5,60升,【新品首发】电子镁棒零电洗,2021-06-21 13:56:40,昨天收到的货，今天安装师傅就上门来安装，态度特别好，安装也认真，热水器不管是外观还是质量都很满意，很符合我理想中的哪一种。使用效果等后期用过再来追评,pos
****1,15496771290,5,60升,【新品首发】电子镁棒零电洗,2021-04-04 07:17:22,这次选择热水器是经过多次比较非常慎重考虑的，最后确定选择这款老牌子美的，老品牌值得信赖，京东更值得信赖，果然不负众望，热水器外观设计简洁漂亮、时尚、实用，功能齐全超前，服务周到，收费合理，八年质保让客户用着放心，这次购物很满意。,pos
士***士,16564954109,5,60升,??【黑科技】电子镁棒零电洗,2021-11-03 09:53:20,热水器颜值很高，安装师傅专业快速，十分满意，一下子买了两个,pos
****e,16695860879,5,80升,??【黑科技】电子镁棒零电洗,2021-11-21 10:32:29,外包洋气，可以用遥控器控制。两个功率，平时不用的话会自动保温，降低能耗，洗澡的时候切换到.功率，热起来非常快，值得购买！,pos
太***6,15171760573,5,80升,【新品首发】电子镁棒零电洗,2021-01-09 09:39:44,我关注了很长时间。元旦抢到了这一款。物流发货很快。快递小哥服务态度非常好。直接送到我家中。由于天气寒冷，零下十五六度。安装师傅打电主动打电话三四遍。等温度上升以后再安装。自来水全部冻坏。等安装以后再加评论。,pos
****9,16559877827,5,60升,【奢华净浴】除氯净水护发柔肤,2021-11-02 15:17:17,速度非常快，号付完尾款，以为要等好几天，结果月号已经到了，安装师傅当天就联系安装上了，美的打品牌效率是不一样，物流师傅好评，安装师傅也很耐心，总体体验感十足！,pos
o***c,14867474120,5,60升,【奢华净浴】除氯净水护发柔肤,2020-11-09 13:05:58,外形外观：金色的 挺好看的 加热速度：家里还没有住人，试用了一下，加热速度挺快的 其他特色：电子显示屏很大，数据清晰，操作方便，灵敏度很高 耗能情况：目前还不确定，以后使用看看，好在是一级能效的,pos
S***e,15631640816,5,60升,【新品首发】电子镁棒零电洗,2021-05-04 10:33:14,很不错不错了，价格便宜，性价比超高，还送美的电动牙刷。电子镁棒免换镁棒，内胆免清洗，特别人性化，烧水也特别快，安全系数很高。该说不说确实是一款特别好的热水器选择。爆赞！,pos
t***d,15922681938,5,60升,【奢华净浴】除氯净水护发柔肤,2021-07-04 11:11:51,美观大方，很适合我家卫生间搭配，加热快，智能控制，非常值得购买。,pos
l***i,15859479921,5,60升,【奢华净浴】除氯净水护发柔肤,2021-06-23 20:30:21,东西很好，大牌子值得信赖。安装小哥很敬业很用心，细心讲解注意事项与使用方法，很棒！,pos
夜***黑,16187246013,5,60升,【新品首发】电子镁棒零电洗,2021-08-24 16:04:07,预约了安装，过程很细致，边边角角的问题也都解决了，考虑得很全面，小哥技术很过硬！,pos
仲***雪,14684224262,5,60升,【新品首发】电子镁棒零电洗,2020-09-25 21:30:09,外形外观：这是我网购以来最满意的一个商品，比我预期的要好很多，外观颜值、产品功能都非常出色，五星推荐哦 加热速度：不错.刷会视频热水就可以了 其他特色：包装非常好，很严实，值这个价格大品牌值得信赖.外观漂亮.质量好款式新.制热效果快. 保温效果过.电子镁棒免换.免清洗.遥控方便.一级能效省电.信赖美的！！！,pos
s***9,14540656966,5,60升,【高端旗舰】电子镁棒即开即热,2020-08-17 15:22:03,美的热水器是当天零点秒杀拿到的，超级激动，特别实惠。家里本身就是用美的热水器的，用了很多年，现在家里加盖二层了，就需要添加新的热水器了。由于第一台好用，因此第二台又入美的品牌。我们是在农村的，但是物流还是很快，三天就送到了。但由于家里的线之前没布好，所以一直没有安装。周末总算安装上了，安装师傅也很专业。外形很时尚，功能齐全。,pos
F***C,15268637297,5,60升,【鸿蒙智联】除氯净水护发柔肤,2021-01-30 11:23:32,商品完整没有破损，工人安装速度很快。虽然家里墙砖很硬，打眼就花了快小时，师傅也没有抱怨，收费合理，样品美观，赠送的过滤装置也不错，晚上试一下。,pos
****r,14689969548,5,60升,【新品首发】电子镁棒零电洗,2020-09-27 12:53:05,外形外观：外观时尚，很好看 加热速度：加热速度很快 耗能情况：耗能不大，一级能效， 洗浴时间：还没用，不过感觉很好。 其他特色：快递很快，安装很迅速，师傅很耐心，很专业。,pos
****j,15309089149,5,60升,【新品首发】电子镁棒零电洗,2021-02-09 10:21:55,产品外观高雅大气，功能齐全，对干净卫生的热水充满期待。产品有单独的底线，安全有底。送货神速，安装师傅热情周到，技术娴熟。,pos
糖***飞,16421227826,5,60升,【内胆免清洗】电子镁棒零电洗,2021-10-06 15:13:39,智能机就是高端，手机远程能遥控，师傅特别细心耐心，安装到位，还帮忙解决了房子水管的问题！赞,pos
温***0,14830665937,5,60升,【新品首发】电子镁棒零电洗,2020-11-02 16:37:03,外形外观：漂亮，简洁大气的款式， 加热速度：速度很快，师傅刚安装测试没几分钟温度就上去了， 洗浴时间：三口之家足够啦～ 耗能情况：一级能效，新款更省电 其他特色：太喜欢了，看了很久，趁活动把新款拿下。了解美的热水器很久，最中意的就是出水断电功能。,pos
-***-,15403899297,5,60升,【高端旗舰】电子镁棒即开即热,2021-03-10 13:35:20,外观很漂亮，我买东西质量是一方面，外观也占有很大一面，是真的很喜欢。， 由于卫生间太小，安装师傅帮忙想办法加装了支架，最后顺利安装。,pos
****5,14458363670,5,60升,【高端旗舰】电子镁棒即开即热,2020-07-25 22:02:00,外形是香槟色的，美观大方。加热的速度非常快，即开即用。耗能非常低，节能。洗浴时间还能接受，主要看容量，两个浴室同时使用还是可以的。物流和售后服务也非常不错，物流会事先打电话预约送货时间，在家的时候才送货上门，安装师傅也是态度好，尽快就给安装好了。非常棒啦！,pos
C***g,15852618225,5,60升,【极地套系】电子镁棒免清洗,2021-06-22 18:25:28,搞活动买的，优惠力度很大，还不错。安装服务人员态度很好，服务周到，热水器质量很好，还没用，用了以后再来追评。物美价廉。不错，,pos
赵***9,15341856983,5,60升,【新品首发】电子镁棒零电洗,2021-02-22 23:39:41,宝贝收到了，物流很快，安装师傅及时上门安装好了，美观大方，免换美棒的，除去了后顾之忧，还有出水断电攻能，这款热水器真是爱了。,pos
半***寞,16233238661,5,60升,【高端旗舰】电子镁棒即开即热,2021-09-01 12:58:44,热水器看着很高端大气上档次，还有免维护功能，太棒了?,pos
s***7,15867458525,5,60升,【极地套系】电子镁棒免清洗,2021-06-25 12:03:57,热水器安装还挺好看的，不占空间，安装师傅特别好，认真负责。装修完还帮忙打扫干净，特别满意。,pos
L***1,15607599016,5,60升,【新品首发】电子镁棒零电洗,2021-04-27 13:03:19,热水器整洁大方，美观好看。烧水特别快。智能联网预约，使用非常方便省心。售后服务很好，安装师傅很专业。,pos
****f,16495964434,5,60升,【内胆免清洗】电子镁棒零电洗,2021-10-21 16:02:51,非常棒，主要还有远程遥控，随时调节温度和开关。,pos
v***行,16571927234,5,60升,??【黑科技】电子镁棒零电洗,2021-11-04 10:39:18,发货特别快，晚上买隔天就到了；东西使用感也不错，有智能功能！安装师傅装的很好。总体非常满意！,pos
靓***峰,16579790277,5,60升,??【黑科技】电子镁棒零电洗,2021-11-05 13:04:15,价格很实惠，预约安装也很便捷，微信预约，第二天就上门来安装，师傅的态度也很好，很快就给安装好了，希望能够耐用一点，不要那么容易漏水。,pos
f***i,14661406958,5,60升,【高端旗舰】电子镁棒即开即热,2020-09-19 22:07:59,外形外观：做工精细，美观大方！ 加热速度：速度很快，一会儿水就热了。 耗能情况：才安装，具体耗电情况使用后才了解！ 其他特色：支持手机互联，手机管理真的很方便，回家不用去开手机就可以预约了，真心方便！,pos
****k,16672267278,5,60升,??【黑科技】电子镁棒零电洗,2021-11-17 15:40:30,家里一直用的美的热水器，这次给父母买了一款，物流快，送货和安装师傅都很负责，已经开始用了，值得信任的品牌,pos
****5,16650849414,5,80升,??【黑科技】电子镁棒零电洗,2021-11-15 16:40:23,"热水器安装好使用几天后才来评价,物流速度很快，安装师傅也很负责与细心。 这款热水器外观很漂亮，一家四口使用足够,双管速热加温很快; 电子镁棒真正免清洗是亮点所在，遥控  操作很方便，做工很好，比较有质感，跟浴室墙面颜色很搭配。出热水也很稳定，老妈很喜欢！",pos
L***X,16408308854,5,60升,【内胆免清洗】电子镁棒零电洗,2021-10-04 12:13:08,安装师傅服务态度好，安转技能精湛，专业水准很高，五星好评！热水器时尚美观，物超所值，点赞???,pos
****1,15111101629,5,60升,【新品首发】电子镁棒零电洗,2020-12-29 17:24:45,外观漂亮大气，加热速度很快。保温效果好，智能遥控很实用，下班前设定温度，到家就可以洗澡了。,pos
清***9,14825677067,5,60升,【新品首发】电子镁棒零电洗,2020-11-01 18:20:06,安装师傅服务特别好，特别快。特别棒棒哒～点三十二个赞?,pos
超***傲,16701411394,5,60升,【高端旗舰】电子镁棒涡旋速热,2021-11-22 11:36:52,非常好，安装快捷，使用方便，美的的东西就是不错，很好用,pos
u***m,16573170609,5,60升,【高端旗舰】电子镁棒涡旋速热,2021-11-04 13:58:56,安装满意。安装师傅很热情服务很满意，装得也很快，安装师傅装备也非常齐全，全程半个小时完事，热水器也很好用，分钟就可以用了。,pos
****5,14950801292,5,60升,【新品首发】电子镁棒零电洗,2020-11-23 15:02:39,外形外观：颜色外形是我钟意那款，超喜欢 加热速度：加热速度很快 耗能情况：且耗电量低，很满意,pos
九***物,14723139467,5,60升,【新品首发】电子镁棒零电洗,2020-10-06 20:02:35,外形外观：看着很不错，又是美的智能家居，外形看着就超级好看！ 加热速度：速度很快，以后冬天再也不怕冷了！ 耗能情况：我家用电量大，不觉得热水器有啥耗电的 洗浴时间：洗起来很舒服！ 其他特色：装起来效果就很好，安装人员很专业，还抢着帮忙打扫卫生，很感谢他们的付出，让我省心很多,pos
u***l,14355943939,5,60升,【高端旗舰】电子镁棒即开即热,2020-06-28 20:31:22,客服服务态度很好，随时打电话跟踪订单进度，像我们讲解美的热水器后期的售后问题，师傅上门安装手艺很棒.专业，增加的配件，使用费用讲解的非常清楚，热水器安装的非常美观漂亮，快递师傅服务热情，主动送货上门，推荐京东购买，顾客就是上帝。,pos
秦***明,16115219695,5,80升,【新品首发】电子镁棒零电洗,2021-08-10 16:39:09,外观高端大气，颜色和我的浴室很搭，安装师傅也十分专业，功能使用，操作步骤、使用注意事项做了详细的说明，美的值得信赖。,pos
Y***l,15838578269,5,80升,【奢华净浴】除氯净水护发柔肤,2021-06-20 12:12:23,安装非常满意！师傅态度很好！非常不错！热水也很快！,pos
奋***c,16441239063,5,80升,【极地套系】电子镁棒免清洗,2021-10-10 10:25:16,对比了好几个品牌，最终选择了美的，已经安装完成，感觉很不错，智能热水器，可以连接手机，在手机上操作，有，和速热，加热很快，还可以预约，还有智能杀菌和出水断电等功能，镁棒是电子免更换的，总之性价比很高，值得购买。,pos
文***江,15238539360,5,60升,【奢华净浴】除氯净水护发柔肤,2021-01-23 16:06:18,颜值很高，热水很快，液晶智能控制面板，有净水功能，给宝宝洗澡很担心，一级能效，比较省电，一家人洗澡很充足，其他功能待研究，买的是最新款，还没空研究,pos
****z,15797144906,5,60升,【新品首发】电子镁棒零电洗,2021-06-12 14:21:47,外形外观：超大显示操作屏，大气好看 加热速度：加热效果好！ 其他特色：出水断电，安全性能高，自带杀菌.免清洗！,pos
R***4,15778779006,5,60升,【鸿蒙智联】除氯净水护发柔肤,2021-06-08 13:29:47,之前就收藏了这款电热水器，看中了颜值和鸿蒙系统，趁活动入手，整体做工非常优秀，比之前的热水器相同的，体积小了很多。支持碰碰链接手机，也支持华为的智慧生活控制，但是控制选项不如美的自己的丰富，期待后续更多功能接入鸿蒙。 平时加热的时候也没有什么声音，整体很安静，水压也不错。,pos
5***m,14344897689,5,60升,【高端旗舰】电子镁棒即开即热,2020-06-26 10:53:53,外形外观：外观颜色很漂亮，金色机体，彩色触摸板 加热速度：加热速度挺快的 耗能情况：使用一段时间以后才能知道，一级能效，应该很省电 洗浴时间：可以预约，可以连接，用美的美居控制，很方便 安装师傅很负责，安装到位，还讲解了使用方法，收费也很合理,pos
我***棍,16635914509,5,60升,??【黑科技】电子镁棒零电洗,2021-11-13 18:08:13,挺好的，物流速度嗖嗖的，安装师傅也很尽责。热水器美观大方，功率也大，加热速度快，还是一级能效，省电。 热水器各种功能齐全，控制，防电墙，电子镁棒等科技含量高，父母很是满意。,pos
成***8,16636404200,5,80升,【高端旗舰】电子镁棒涡旋速热,2021-11-13 19:14:35,很不错，一直用的美的的热水器，旧的那个用了十多年了。京东商城物流也快。,neg
春***师,16580115112,5,60升,??【黑科技】电子镁棒零电洗,2021-11-05 13:57:03,物流还是很快的，安装也很及时，换了新机器，洗澡更舒心了。,pos
血***华,15861272759,5,80升,【奢华净浴】除氯净水护发柔肤,2021-06-24 09:22:18,师傅送货上门 服务周到 产品颜值很高 还给送好多小配件 爆赞?,pos
千***叶,14963575932,5,60升,【高端旗舰】电子镁棒即开即热,2020-11-26 11:00:15,安装满意，安装师付工作认真负责，服务热情，着装整洁，管路施工整洁有序。机器很好用，加热很快。双参加活动，价格是十分实惠的。很满意的一次购物体验。,pos
天***i,15491650932,5,60升,【高端旗舰】电子镁棒即开即热,2021-04-02 19:34:41,快递很快，安装师傅很专业，态度也很好！热水器外观高端大气上档次，渐变的显示屏很好看！热水器加热很快，还可以用遥控和手机操作，赞！美的大品牌有保障，因为还没装修好，等后期使用后再追评,pos
****2,16483727473,5,60升,【鸿蒙智联】除氯净水护发柔肤,2021-10-19 09:05:40,"外形外观时尚,臻奢经典 加热速度:加热不错,很快 其他特色:一直用很多美的产品,值得信赖,本 机搭配鸿蒙智联.,秒快速配网,很不错的体 验感 耗能情况;能耗迪,节约能源 洗浴时间:水箱容量大,可以多人沐浴,使用方 便",pos
杨***1,14837511505,5,60升,【高端旗舰】电子镁棒即开即热,2020-11-03 19:31:33,外形外观：外观都一样的吧，就不做评价了，不过颜色还是很好看的，满满的质感。 加热速度：加热速度特别快，速热很有用，尤其是冬天。 耗能情况：耗能一级能效，应该听省电的。 洗浴时间：洗浴时间挺长的，足够家里人用。 其他特色：其他特色用了再来追加评价，喜欢的可以尽管入手，性价比特别高。,pos
****n,15053318442,5,60升,【鸿蒙智联】除氯净水护发柔肤,2020-12-16 10:12:37,外形外观：简约的造型让的容量看起来毫不臃肿 售后服务：服务周到快递到家，免费安装让用户省心 功能：功能多样，期待鸿蒙系统的智能化体验 特色：镁棒加热，免去更换的烦恼 电话预约安装，下午就来安装了，安装后再追加评论，很期待，赞赞赞！！！,pos
淘***爱,15493965633,5,80升,【奢华净浴】除氯净水护发柔肤,2021-04-03 10:49:09,不错，喜欢，性价比高，以后会经常光顾正品，买的放心，价钱也公道，满意！宝贝物超所值，很喜欢，下次还会来的非常值得信赖的品牌，质量有保障，价格还亲民，相当满意物流超级超级快！质量也非常不错，的确物有所值产品质量，客服服务态度特别好，很喜欢，好评质量很好，收到货第一时间打开看了，很不错，很满意绝对是最开心的一次购物，店家服务态度很好，售后也是很好，物流很快，东西很给力，性价比很高！,pos
仓***哈,16726566455,5,60升,??【黑科技】电子镁棒零电洗,2021-11-26 17:29:18,热水器外观很漂亮，用着也非常好用，非常不错，家里人很喜欢，非常舒服,pos
吉***部,16680167838,5,80升,【奢华净浴】除氯净水护发柔肤,2021-11-18 16:08:17,外形外观：好 耗能情况：耗能低 其他特色：安装态度服务很好,neg
M***秋,16132917449,5,60升,【新品首发】电子镁棒零电洗,2021-08-14 08:39:22,美的热水器，好用，又实惠外观大气简约产品质量有保障，售后安装服务非常好，一直信赖美丽品牌，家里小家电都是美的品牌的，这款热水器是活动的时候购买的，价格优惠很满意,pos
y***g,16573134291,5,60升,【奢华净浴】除氯净水护发柔肤,2021-11-04 13:52:19,师傅非常专业，安装速度快，没多会儿就搞定了，服务也很热情，看来这个热水器是选对了,pos
可***人,15383579082,5,60升,【新品首发】电子镁棒零电洗,2021-03-05 12:52:48,活动时候抢的，美的大品牌，又是京东自营，首先说物流超快，一键预约上门安装，收费标准，热水器外观大方，省电，用了一个月效果很好(??)。,pos
流***丶,15100160717,5,80升,【新品首发】电子镁棒零电洗,2020-12-26 23:08:38,外形外观：这款热水器的外观非常的简洁漂亮。 加热速度：那速度有商品加热，既可以有瓦的低频，又可以有瓦的高频。但是家里因为电信的线是只选择了低平加热。 耗能情况：耗能情况并不是很多，这款电器带着自动节电功能，非常的省电。 洗浴时间：我选升的热水器足够使用的，而且温度不用调到很高。 其他特色：师傅安装的非常好，还有美的的九折券，用起来非常的划算。,pos
****0,14363841996,5,60升,【高端旗舰】电子镁棒即开即热,2020-06-30 18:28:47,外观漂亮，有软件智能控制，很方便。以后早上洗脸有热水了。希望耐用。好评！,pos
y***x,16652600526,5,60升,【极地套系】电子镁棒免清洗,2021-11-15 18:47:10,送货速度快，按预约的时间送到，安装师傅服务很好，安装的很不错。电热水器外观好看，容量大，显示屏显示清晰，加热速度快。买这款还看中电子镁棒可以不用换镁棒和出水断电的功能，使用方便，也安全放心。,pos
石***L,16639552063,5,60升,【高端旗舰】电子镁棒涡旋速热,2021-11-14 10:24:54,使用了两三天再来写评价。这款确实挺好用的，相比需要更换镁棒的热水器来说，镁棒每年更换也是一笔支出，而且长时间还容易水垢，经常用水垢的水，其实容易掉头发。漩涡加热，出热水效果也特别好。价格便宜了很多，性价比超高，真的特别划算，包装也很高端大气上档次，值得购买， 加热速度：加热速度挺快的，漩涡加热真不赖 外形外观：金色的外观挺大气的,pos
1***a,16011097370,5,60升,【高端旗舰】电子镁棒即开即热,2021-07-20 10:01:46,安装师傅很专业，服务很好，设计的很合理，质量很好，很满意的一次购物。,pos
奇***_,15302741159,5,60升,【新品首发】电子镁棒零电洗,2021-02-07 14:40:53,外观很大气，央视也不错，之前一直用美的的产品。感觉非常不错。安装的师傅很用心。而且干活很利索还得功能，感觉挺高大上的。感觉非常不错。,neg
汉***泪,14682585141,5,60升,【新品首发】电子镁棒零电洗,2020-09-25 13:59:34,"外形外观：非常漂亮，出水断电很好用。安装人员开的很快。外观很大气,稳重,颜色很好看,大屏幕看着方便清楚，回家前用手机设置好温度进门就能享受热水澡,太方便了加热效果:根据用水情况选择加热瓦数,很方便实用",pos
原***呀,15443915126,5,60升,【新品首发】电子镁棒零电洗,2021-03-21 03:14:22,热水器样式很精美，有杀菌功能不用担心皮肤过敏了，升正好够一家人用，感觉很棒，手机互联功能也很棒，每天洗澡前用手机控制热水器加热断电,pos
灰***玖,16074555464,5,60升,【新品首发】电子镁棒零电洗,2021-08-02 16:33:40,用了天下面就来说说使用感受吧。 一、预约安装守时，价格公道，美的售后服务真心没的说了。 二、外观是老婆喜欢的白色，精美、大气、稳重。 三、操控显示屏设计简洁大方，家里老人一教就会。 四、电子镁棒免清洗自动净（和家里另一台要换镁棒的比，这台真心不错，少了件麻烦事），还智能 杀菌。 五、热水器安装在楼，联上美的家居，设个分段预约，不上楼也能随心控制了（我真懒到家 了）。 六、热水器的出水断电功能，大大加强了安全性，真是太赞了！ 建议：热水器设计的很合理了，希望美的家居再设计的简单点，方便老人使用。 总结：额&;&;再也不用担心回家没热水了！,pos
H***卢,15498012132,5,60升,【新品首发】电子镁棒零电洗,2021-04-04 14:44:34,安装很满意，师傅服务很好。我这个买了十几天才让师傅来安装，师傅很有耐心。安装很方便个多小时就搞定了，还帮我把晾东西的架子也装好了，谢谢安装的师傅。,pos
l***j,14885714528,5,60升,【新品首发】电子镁棒零电洗,2020-11-12 11:22:38,外形外观：白色的，百搭颜色，干净清爽。 加热速度：额定功率，口之家足够用了。 耗能情况：一级能耗，应该很省电。 洗浴时间：足够了。 其他特色：电子镁棒省心省钱，双十一价格划算。,pos
q***n,16105302357,5,60升,【高端旗舰】电子镁棒即开即热,2021-08-08 08:29:43,外形外观：高端大气上档次，颜值挺好！ 加热速度：加热速度快，只需要几分钟 耗能情况：超级省电，买这个产品也是看上了这个特色 其他特色：智能控制，即使人在外边也可以提前操作加热，回到家就可以使用，太方便了！！,pos
锦***儿,15675434266,5,60升,【高端旗舰】电子镁棒即开即热,2021-05-15 14:46:09,外形外观：高端大气上档次，低调奢华有内涵。 加热速度：杠杠的。 其他特色：颜值高，京东自营服务好。 安装师傅高大帅气，认真负责，点赞点赞！！！,pos
大***米,16574608691,5,80升,??【黑科技】电子镁棒零电洗,2021-11-04 17:09:42,买的第二台美的热水器了 依旧很完美 安全又好用 安装师傅也很给力,pos
布***熊,16416277193,5,80升,【高端旗舰】电子镁棒即开即热,2021-10-05 21:07:32,产品挺好的，水也热，洗澡也舒服。 发货速度很快，卖家服务也好，目前很满意 宝贝真不错，做的真细心，值得拥有,pos
蓝***x,16596289036,5,60升,【高端旗舰】电子镁棒涡旋速热,2021-11-07 23:11:36,颜值很高，性价比超高容量完全足够 了， 加热功能很好用 加热效果:很快，很烫，很棒棒选热水器的时候纠结了很久，史密斯跟美的之间，最后还是选择了美的，性价比超高，最后安装用完以后，发现自己的选择没有错，美的值得信赖的好产品!,pos
****a,16593645441,5,60升,??【黑科技】电子镁棒零电洗,2021-11-07 17:20:36,关注很久了对比很多款热水器最终认定这一款设计非常棒很大气颜值很高,pos
顾***8,16216464477,5,60升,【高端旗舰】电子镁棒即开即热,2021-08-29 07:44:53,美的大牌子值得信赖，很好用，很省电，大气时尚好用，京东值得信赖,pos
闭***梦,16591437274,5,60升,??【黑科技】电子镁棒零电洗,2021-11-07 11:50:51,物流真的超级快，安装师傅也很复制，外观很好看，因为是新房，还没完工，相信美的的大品牌！！！,pos
Z***e,16738694031,5,60升,??【黑科技】电子镁棒零电洗,2021-11-28 23:06:26,外形外观：好看的外观 加热速度：很快 耗能情况：一级能效 其他特色：功能齐全出水断电  快递哥真心棒棒的&;谢谢快递哥 安装哥安装的很到位&;谢谢安装哥,pos
景***景,15826279350,5,80升,【高端旗舰】电子镁棒即开即热,2021-06-18 11:12:21,外观精美，加热速度快，耗电低，洗浴时间长，能洗好几个人，整体来说很棒，喜欢的可以入手，值得信赖,pos
A***u,15838558193,5,80升,【新品首发】电子镁棒零电洗,2021-06-20 12:09:22,快递到家，安装是主动联系的，速度很快，师傅很好，收费公开,pos
****e,15286889352,5,60升,【鸿蒙智联】除氯净水护发柔肤,2021-02-03 14:21:58,美的热水器很好，很高档大气，安装师傅很用心。很满意的一次购物。,pos
****u,16256776039,5,60升,【新品首发】电子镁棒零电洗,2021-09-05 21:32:39,客服服务态度非常好，耐心介绍产品，产品质量也特别好，产品外观好看，还是新品首发性价比高,pos
4***8,14343659287,5,60升,【高端旗舰】电子镁棒即开即热,2020-06-25 23:19:50,外观很漂亮，有档次，价格也实惠，升的桶不是很大，放在家里也不占地方，关键是出热水快呀，加热速度超级快，耗电量也还好，毕竟要求加热速度快出热水快肯定相对会耗电一点，这个正好满足要求，实在太好了，送货师傅送货及时，服务也好,pos
强***茶,14959963361,5,60升,【高端旗舰】电子镁棒即开即热,2020-11-25 14:49:47,外形外观：外形漂亮，颜值很高，特别是这个渐变色，看的很舒服。 加热速度：加热速度刚刚滴，温度上升很快，冬天的第一次热水澡，哈哈? 耗能情况：特地选的这个一级能耗，具体耗电度数倒是没有去统计。 洗浴时间：一家人洗的话，还是很足够的。,pos
酸***酸,16003114018,5,80升,【新品首发】电子镁棒零电洗,2021-07-18 17:10:14,性价比超级的高  安装速度很快  师傅非常的专业  速度很快  很满意 。京东配送的很快，速度很好  继续相信美的家电  加油,pos
G***h,16569170490,5,60升,??【黑科技】电子镁棒零电洗,2021-11-03 20:54:10,师傅安装的很好，解答问题也很耐心，产品检查合格，还有智能控制，非常方便，一切都非常！,pos
落***落,14649153953,5,60升,【奢华净浴】除氯净水护发柔肤,2020-09-16 15:48:35,高端大气上档次，性价比高，热水器很好看，功能很多，新品福利多，礼品多，还送一年京东会员，超值京东物流一如既往的快，太棒了,pos
r***y,15290516726,5,60升,【新品首发】电子镁棒零电洗,2021-02-04 12:15:33,外形外观：外形美观 加热速度：看着温度显示，加热挺快的 耗能情况：刚装上去还不清楚，后续再评 其他特色：安装师傅速度很快，很专业,pos
****l,16615205549,5,60升,??【黑科技】电子镁棒零电洗,2021-11-10 22:24:45,外形好看，屏幕高大上，一级能效，电子镁棒，还能连手机控制，十分方便，还有出水断电功能十分安全。,pos
****8,15008304619,5,60升,【新品首发】电子镁棒零电洗,2020-12-06 18:54:41,热水器收到已安装好，外观设计漂亮，加热速度很快，功能很好，安装服务人员很热情，安装配件收费小贵但还能接受，暂时不用，其它功能以后再追评。感谢京东！,pos
余***h,16635930237,5,60升,??【黑科技】电子镁棒零电洗,2021-11-13 18:11:06,卖家发货非常快，产品质量有保证。送货师傅态度很好，安装师傅很专业很有耐心！安装准时，态度好，很愉快的一次购物 外形外观：高大上 加热速度：很快 其他特色：好用,pos
****4,16525161920,5,60升,【内胆免清洗】电子镁棒零电洗,2021-10-27 09:44:00,物流很快！安装师傅很给力！特意用了十天以后才来评价，总体来说都好，值得大家入手！,pos
婷***妖,15378895268,5,60升,【新品首发】电子镁棒零电洗,2021-03-04 10:45:25,外观非常漂亮，白色不扎眼，功能这块暂时还没用，不太清楚，不过安装师傅说这款热水器挺好，安装师傅很用心，装的很仔细，安的的也非常完美，特别好,pos
雷***空,14826650227,5,60升,【高端旗舰】电子镁棒即开即热,2020-11-01 21:12:57,点抢购，相当划算，外形设计很赞?，控制方式很多，能用遥控器，手机都能控制。京东快递不是一般的快，点下单，下午点不到就收到了，为京东快递点个赞?！,pos
****x,16586830425,5,80升,??【黑科技】电子镁棒零电洗,2021-11-06 15:48:37,热水器价格实惠，家里人多买的的，颜值也高，很不错，用用再来评价。值得购买呦,pos
A***r,15074509017,3,60升,【高端旗舰】电子镁棒即开即热,2020-12-20 22:29:27,一般吧，而且安装费用不便宜,pos
v***纵,15255942615,5,80升,【新品首发】电子镁棒零电洗,2021-01-27 12:32:32,很好，看中电子镁棒，不用更换，额定功率，在广东的水温下，热的很快，还能预约定时开关机，家里很多电器都是美的的，可以，支持国货,pos
****1,16580288130,5,60升,【高端旗舰】电子镁棒涡旋速热,2021-11-05 14:27:04,颜值很高，很喜欢的一件东西。安装师傅也很到位安装的很好,pos
熊***淘,15788984116,5,60升,【新品首发】电子镁棒零电洗,2021-06-10 16:15:26,东东质量很好，电子镁棒可以不结垢，还免换镁棒省心省事，安装师傅很熟练，一会儿就安装完了，下次还买美的电器，大品牌信得过，京东好评,pos
*****,16459803255,5,60升,【极地套系】电子镁棒免清洗,2021-10-14 12:24:31,非常满意，美的产品值得信赖，支持京东，正品保证。师傅服务也很好，很贴心，态度很好。,pos
天***S,16642624771,5,60升,??【黑科技】电子镁棒零电洗,2021-11-14 17:24:16,热水器很好，服务很好，到货速度很快，整体很满意。。。,pos
****k,15713472817,5,60升,【新品首发】电子镁棒零电洗,2021-05-24 17:52:30,外形外观：外观漂亮 耗能情况：耗能低 加热速度：加热速度很快，节省很多时间 其他特色：可以遥控，非常便捷,pos
夜***寐,14686340141,5,60升,【新品首发】电子镁棒零电洗,2020-09-26 14:09:16,外形外观：清爽大方，白色， 加热速度：很快，自己可以调节-加热速度 耗能情况：一技能效，节能省电。,pos
玲***买,16586425866,5,60升,【高端旗舰】电子镁棒涡旋速热,2021-11-06 14:41:13,产品美观，质量好，安装预约快，客服耐心，安装满意！ 家里空间有限，安装师傅很负责的给规划好了怎么安装，全程服务态度好，非常棒！,pos
****b,16470814776,5,60升,【内胆免清洗】电子镁棒零电洗,2021-10-16 14:58:56,热水器质量不错，很好用，有了它随时都有热水很方便。,neg
行***风,14648478217,5,60升,【奢华净浴】除氯净水护发柔肤,2020-09-16 12:42:20,外形外观：非常高端大气，好看 加热速度：速度快，用的很方便 其他特色：安装师傅非常专业，服务非常好，特别优秀，热水器很好 耗能情况：节能好用,pos
****l,16590766736,5,60升,??【黑科技】电子镁棒零电洗,2021-11-07 10:08:26,安装很快，联网很方便，很满意，价格很实惠，把家里年的老美的换掉了。,pos
****Y,16611949207,5,80升,【奢华净浴】除氯净水护发柔肤,2021-11-10 14:23:48,物流很快，服务也特别好，因为房子还没装好，暂时不安装，师傅让存了电话说后期随时联系上门安装，收到货后出乎意料，这个颜色简直爱了，太好看了，比普通白色更上档次，升大容量完完全全够了，而且还是智能的，用起来应该会更方，后期安装使用再来追评，大牌子，还是值得信赖。,pos
m***3,16641310487,5,60升,【高端旗舰】电子镁棒涡旋速热,2021-11-14 14:39:53,双十一活动，电子镁棒不用担心，换镁棒的问题，还有杀菌的功能，智能联网，真的是太方便了，回家前提前烧水，回到家马上洗澡，师傅安装到位,pos
a***0,16095299657,5,80升,【新品首发】电子镁棒零电洗,2021-08-05 20:38:38,热水器是升的，够两个人洗澡用的了，价格也不贵，美的大牌子，是李现做广告的牌子，还赠送了一个小厨宝，安装师傅也很好，预约安装非常方便,pos
u***l,16639457413,5,60升,??【黑科技】电子镁棒零电洗,2021-11-14 10:09:05,安装服务好，非常满意安装服务好，非常满意,pos
王***8,16163993082,5,60升,【新品首发】电子镁棒零电洗,2021-08-19 20:02:03,外形外观：外观很漂亮，大小合适，出水自动断电，安全有保障。快递小哥也很给力，非常满意。,pos
****c,16647546434,5,60升,??【黑科技】电子镁棒零电洗,2021-11-15 10:37:15,美的（）升电热水器，好品牌，好质量，外观优雅大方，白色外套与我的浴室搭配完美，货美价廉，值得拥有！,pos
p***r,15057170800,5,60升,【新品首发】电子镁棒零电洗,2020-12-17 00:09:23,外形外观：外观好看，新品，免换镁棒，省心省力 加热速度：小时打开，保温效果很好，加热速度很快 洗浴时间：够个人洗了，热水不够的时候还可以极速加热 其他特色：安装师傅手艺很好,pos
y***3,15594990129,5,80升,【奢华净浴】除氯净水护发柔肤,2021-04-24 07:38:40,外观大气，颜色上档次，大屏显示也是非常漂亮，京东服务也是非常不错，从送货的速度和态度来看都是完美的，安装师傅服务也是非常不错，主动询问发现耗材免费，帮我省了耗材费用，家电选择京东绝对没毛病！,pos
****9,14857453422,5,60升,【新品首发】电子镁棒零电洗,2020-11-07 15:09:04,售后很好很热情，美的高大上值得信赖，家里电器都是美的的?,pos
3***8,15899375610,5,60升,【高端旗舰】电子镁棒即开即热,2021-07-01 03:31:12,希望我们以后有更多的交易吧，选项还多，很人性化，给五星好评，很有质感特别漂亮，服务也好当天就收到了，忍不住先来评价了，很满意的一次购物宝贝很大气，大品牌就是不一样宝贝心仪很久了，质量杠杠的，非常好，超贴心的设计啊，不孬，才好，外观漂亮简洁大方，赞，发货迅速，态度很好，摸起来质量还不错，配送师傅也很负责，装好试用半个月了，噪音很小，性价比高，,pos
恒***行,15844073310,5,60升,【新品首发】电子镁棒零电洗,2021-06-21 10:47:23,货收到了，物流很快，因为还没装修好，暂时无法安装。棒！,pos
宿***3,15913521158,5,60升,【高端旗舰】电子镁棒即开即热,2021-07-03 07:09:48,高大尚得感觉，之前一个美的热水器用了十多年，质量很好，支持国产，,pos
我***1,15039096040,5,60升,【新品首发】电子镁棒零电洗,2020-12-13 13:39:35,外形外观：外观漂亮，高端大气上档次 加热速度：瓦分钟加热度左右吧 耗能情况：正常级能效 洗浴时间：还没有用，后期来评价 其他特色：送货快当天到达，安装快第二天安装完成，客服耐心解释问题，全星好评,pos
千***叶,15851025897,5,60升,【高端旗舰】电子镁棒即开即热,2021-06-22 13:55:20,京东送货很快，安装师傅技术很好，服务规范，热水器安装走线规则，十分满意这次购物。京东活动优惠，一直京东购物，十分好的一次购物体验。,pos
****o,15749684391,5,60升,【奢华净浴】除氯净水护发柔肤,2021-06-02 14:37:40,新家装修，看热水器看了好久，最后决定还是选择电子镁棒健康免清洗美的()型号热水器，下单当天就送到我手里，第二天美的专业师傅就联系我跟我预约时间，由于我的问题，今天才安装完成，美的安装师傅简直太专业了，帮我避免了很多灰尘，并且第一时间带上了鞋套，给美的师傅好评。美的客服也很尽心尽责。热水器等进一步使用够来追加好评。,pos
****2,16733342534,5,60升,??【黑科技】电子镁棒零电洗,2021-11-27 21:25:59,棒棒的，双十一期间，送货虽然有点慢，师傅上门也很快，服务态度很好，安装很耐心讲解，款式也好看,pos
念***头,14463696808,5,60升,【高端旗舰】电子镁棒即开即热,2020-07-27 12:31:42,外形外观：金色的机身看上去和高大上。渐变的屏幕看上去很漂亮，超喜欢的。 加热速度：因为家里正在装修，还没有使用，只是通电试了试。,pos
q***o,16670331438,5,60升,??【黑科技】电子镁棒零电洗,2021-11-17 10:43:23,东西不错，大品牌值得信赖，物流给力，安装也不错，活动优惠力度很大，值得购买！,pos
****s,16561244753,5,60升,??【黑科技】电子镁棒零电洗,2021-11-02 18:46:33,家里很多电器都是美的的，这次买热水器依然选择美的，京东物流第二天就送到了，隔天就上门给安装好了，给物流和售后点赞?,pos
我***诶,15216749365,5,60升,【新品首发】电子镁棒零电洗,2021-01-18 15:22:15,很智能功能齐全，外观高端大气，比较喜欢这个出水断电功能家里没有地线，一直不放心,pos
k***1,16627838595,5,60升,【极地套系】电子镁棒免清洗,2021-11-12 15:38:53,非常智能的一款热水器 外观美观大方 加热速度很快,pos
w***5,15277186315,5,80升,【新品首发】电子镁棒零电洗,2021-02-01 11:00:33,正品店铺，放心购买，客服态度也很，整个购物过程非常顺利！下次还会再来的！赞！非常不错，质量超好，颜值又高?  颜值高又实用，超级喜欢！性价比很高，很实惠，使用起来感觉很好，非常完美.^?^.???,pos
w***8,16586017574,5,60升,??【黑科技】电子镁棒零电洗,2021-11-06 13:26:44,号当晚付的尾款第二天中午就到了。速度真的超级快。下午客服就打电话来预约安装。安装的小哥态度也很好，因为电路问题要等电工排完才能用，小哥也留了电话有任何问题可以继续找他。给美的点个赞。正式使用之后我在看情况追加评论。,pos
a***e,14937918701,5,60升,【新品首发】电子镁棒零电洗,2020-11-20 19:36:35,外形外观：经典外观，大显示很清晰易操作 加热速度：有快速的变频速热模式，在现在的广东气温下没得说，快赶上即热式的了 耗能情况：这两天气温度，三个人用，设置度，一天，度电吧 其他特色：出水断电让人安心不少，美居的功能也很赞，可以定时开关，省了不少事，一段时间后再试试云省电看看有没用,pos
秋***,14994693936,5,60升,【新品首发】电子镁棒零电洗,2020-12-03 13:46:05,外形外观：很好看 加热速度：变频加热很快 耗能情况：一天一洗，度电 洗浴时间：分钟，够两个人,pos
让***动,16569851279,5,60升,【超级新品】电子镁棒涡旋速热,2021-11-03 22:37:14,非常好，功能很全，早上送到后打电话预约安装，下午师傅就到了，装好后很完美！,pos
呆***9,15270509762,5,60升,【新品首发】电子镁棒零电洗,2021-01-30 18:43:09,很方便的一款热水器，远程控制，功能超乎你想象，保温效果也好，一天了还有热水，很满意，家里人也说好用方便，价格也很亲民，大赞！,pos
不***果,15582824150,5,60升,【新品首发】电子镁棒零电洗,2021-04-20 21:12:48,热水器真的非常好，非常好用，方便快捷，京东物流杠杠的!而且还有师傅专门上门安装，省去了很多麻烦事。热水器外观好好看，一眼就被它的颜值吸引了。而且加热功能很好，烧水很快速。,pos
****5,16467561485,5,60升,【内胆免清洗】电子镁棒零电洗,2021-10-15 21:15:56,冬天来了 气温骤降 连着下了好几天雨?? 北方的暖气还没有送上 家里还是挺冷的 搬了新家  预报说过两天气温还会降 果断入手 热水器还是选择美的 一直都在用没有啥问题 价钱也可以比起史密斯便宜不少 性价比高 这次选择电子镁棒 京东自营的东西品质质量还是有保障的 最后现在了这个款式 看着颜值也大气 物有所值 用几天感觉不错下次还会入手 京东物流也是杠杠的 昨天下单今天就到了 售后安装师傅专业 没有给提供人字梯自己想办法给解决了 墙上钻孔有收灰尘袋子 鞋套 很专业 收费也是按照标准 不错,pos
d***1,16294209195,5,60升,【新品首发】电子镁棒零电洗,2021-09-12 21:00:52,外观干净漂亮，做工很不错，没发现什么瑕疵，个人感觉大小也挺合适，找了很久选的这款，大爱！安装师傅服务特别好，安装完之后垃圾全部收拾干净,pos
蔓***y,16730890516,5,60升,【极地套系】电子镁棒免清洗,2021-11-27 13:48:44,安装师傅很用心，款式比较好看。家用比较好,pos
安***-,14626406052,5,60升,【高端旗舰】电子镁棒即开即热,2020-09-10 12:55:14,外形外观：外形和颜色都很喜欢 加热速度：加热速度很快 耗能情况：省电级 洗浴时间：洗澡热水用不完,pos
****0,14833717391,5,60升,【新品首发】电子镁棒零电洗,2020-11-03 07:47:57,热水器高端大气上档次，下单到发货到手三天时间，非常迅速，购买第二台了，很耐看，加热迅速，电子镁棒，能耗低，给三四个人洗澡够用，价格给力，相信美的品牌。,pos
R***d,15067480767,5,60升,【鸿蒙智联】除氯净水护发柔肤,2020-12-19 11:57:13,"这款美的-()电热水器挺好的，做工挺好的,大品牌！美的-()鸿蒙性价比也蛮高的。个人感觉美的-()真的好的，热水器还是很不错，加热声音很小，安装会提前预约上门安装，师父态度好，热水器能对得起美的这个老牌子，用久点总体来说价格还是比较划算的，而且有优惠券的，选择入手不后悔！！",neg
****c,15830246345,5,80升,【高端旗舰】电子镁棒即开即热,2021-06-18 22:41:21,热水器外观好看，简约而大气，性能也很好，电子镁棒加热还能自动清洗，出水量也挺好，热水速度快，一次够三四个人洗澡，特别满意的一次购物,pos
请***点,16649192790,5,60升,??【黑科技】电子镁棒零电洗,2021-11-15 14:15:37,外形外观：白色跟我家瓷砖颜色比较搭配。 美的嘛，大品牌，主要是不用换镁棒这点很好，省的麻烦了，加热嘛都那样，能热就行。,pos
****杨,15813528914,5,80升,【新品首发】电子镁棒零电洗,2021-06-16 08:58:53,大品牌值得信赖，水热的很快，保温效果很好，而且是自动续水的，非常满意，安装师傅很专业细心，总体来说满意。,pos
m***8,15387600920,5,60升,【新品首发】电子镁棒零电洗,2021-03-06 13:29:11,热水器外观不错，功能可以，能联网不用换镁棒很好，安装师傅上门时间准，安装仔细，好评,pos
P***光,14165926151,5,80升,【高端旗舰】电子镁棒即开即热,2020-05-18 10:50:35,快递服务很好，服务态度很好。热水器外形漂亮高档，开水断电，免清洗免换镁棒，功能实用非常好，手机监测控制。,pos
c***6,15385692649,5,60升,【新品首发】电子镁棒零电洗,2021-03-05 21:57:49,美的买的新款，出水断电功能安全性很高。水容量挺大的，冬天一桶水省着点差不多可以洗两个人。京东物流真的好，改期后配送物流还反复确认送货时间。美的安装师傅人也超好的，安装专业。,pos
魏***羡,16581672482,5,80升,【高端旗舰】电子镁棒涡旋速热,2021-11-05 17:55:38,"热水器外观好看，简约而大气，性能也很好,电子镁棒加热还能自动清洗，出水量也挺好，热水速度快，- -次够三四个人洗澡，特别满意的一-次购物 快递服务很好，服务态度很好。开水断电，免清洗免换镁棒，功能实用非常好，手机监测控制。",pos
彩***-,14902107044,5,60升,【新品首发】电子镁棒零电洗,2020-11-14 18:25:02,外形外观：时尚 加热速度：很快 耗能情况：节能 洗浴时间：很长 其他特色：变频  产品很好，用美的的空调、抽烟机、煤气灶、热水器、电饭锅、电磁炉、平底锅，以后会接着买电冰箱、洗衣机，美的品牌，值得信赖！ 售后服务也很不错，很人性化，态度很好！,pos
c***1,16344288992,5,60升,【新品首发】电子镁棒零电洗,2021-09-22 11:33:44,安装的特别的好，安装师傅很用心，打孔的时候还用了袋子接着尘土，是装修以来最用心的安装师傅,pos
****r,14645897055,5,60升,【奢华净浴】除氯净水护发柔肤,2020-09-15 18:02:50,外形外观：时尚大气上档次。性价比非常高的一款热水器 当天下单就收到了，安装师傅非常耐心，技术也不错，总体来说非常愉快的购物体验。,pos
不***哥,14904820818,5,60升,【奢华净浴】除氯净水护发柔肤,2020-11-15 08:23:31,外形外观：外观好看时尚和瓷砖百搭 加热速度：加热非常快，不用等时间长，还可以提前加热 耗能情况：这是一种节能新款电热水器用了感觉电费没怎么高 洗浴时间：已经够用的了，一大家够了，加热也快 其他特色：这是新款，里面功能强大，太多功能了,pos
****O,14748439588,5,60升,【高端旗舰】电子镁棒即开即热,2020-10-13 14:58:44,外形外观：造型非常的时尚，符合现代年轻人的视觉效果 加热速度：非常好的一款产品质量很好，加热的速度快 耗能情况：一级能耗的省电模式开启? 洗浴时间：很持久 其他特色：性价比很高，很实惠，使用起来感觉很好，非常完美.^?^.京东商城购物方便快捷，快递给力！大品牌值得信赖！安装售后服务态度很好,pos
谢***生,15037429358,5,60升,【新品首发】电子镁棒零电洗,2020-12-13 07:27:47,外形外观：外观偏年轻化，时尚，超级好看 加热速度：加热速度很快，双胆速热，好评 耗能情况：一级能耗，省电 其他特色：美的热水器知名度很高，口碑很好，产品品质可靠，安全性能很高，杜绝了漏电的安全隐患；相对燃气热水器来讲，没有燃气泄露，或一氧化碳中毒之类的安全隐患，因而具有更卓越的安全性能。,pos
棒***8,16081084097,5,60升,【高端旗舰】电子镁棒即开即热,2021-08-03 19:09:08,产品新颖很满意，做工真的非常棒，真心不错值得入手，宝贝收到了 很满意 ，一定会推荐朋友用的，样子也比较时尚，节能省电质量可靠性能优秀，够大用着，看到整体包装精美，干活认真仔细，用起来很舒服，喜欢，包装完整，完全超出期望值，外观很漂亮，宝贝收到了，看着很漂亮，爱啦爱啦，安装小哥态度极其好，,pos
倾***旭,15962050708,5,60升,【高端旗舰】电子镁棒即开即热,2021-07-10 23:05:09,一款实实在在的好产品。不仅仅是从颜值，品牌，品质，售后，各个方面都体现出了产品的定位和对顾客的贴心。物流速度也是一如既往的快，安装师傅操作的过程非常的流畅，安装时间也很短。,pos
唐***乜,15885345020,5,60升,【新品首发】电子镁棒零电洗,2021-06-28 20:30:04,美的的东西肯定是特别放心。重点夸一下安装师傅。师傅特别认真负责。安装的既美观又结实。安装完还帮着清理垃圾。果然大品牌的员工也如此优秀！,pos
j***0,16605257731,5,80升,【超级新品】电子镁棒涡旋速热,2021-11-09 12:59:54,美的电热水器外观不错，很大气的，加热速度也很快。,neg
a***7,16604320334,5,80升,【超级新品】电子镁棒涡旋速热,2021-11-09 10:34:14,热水器收到了对比旧款非常不错，安装师傅也非常准时负责安装完成。,pos
b***2,15077171652,5,80升,【新品首发】电子镁棒零电洗,2020-12-21 15:54:13,送货速度非常快，双十二下单，第二天就送来了。预约安装也很方便，隔天就有技术员上门，安装挺专业的，一个人把机器整上去，还贴心的推荐了过滤器，延长使用寿命，也使水质更健康。现在使用效果满意，用水自动断电感觉安全有保障，还支持～,pos
为***呢,14956070680,5,60升,【高端旗舰】电子镁棒即开即热,2020-11-24 17:09:48,热水器已收到，对京东购物体验还是非常满意的，热水器外观颜值挺高，可以控制，还有无线遥控，非常方便，也可以在智慧屏上控制，这样使用起来还是非常方便的。特别值得一提的是安装师傅服务态度特别好，主动打电话预约安装时间，安装很及时。,pos
u***d,15171961360,5,60升,【高端旗舰】电子镁棒即开即热,2021-01-09 10:37:43,用了一段时间才来评价的   首先是发货很快 对快递小哥满意 再者是安装师傅服务到位  商品好看  功能齐全  出水断电  特别是可以手机控制很是方便  总之来说各方面都很满意的,pos
k***1,14847995729,5,60升,【新品首发】电子镁棒零电洗,2020-11-05 17:59:45,外观设计美观，而且出水断电安全放心，变频加热速热，智能杀菌，健康呵护肌肤，手机遥控方便快捷，非常满意。京东物流配送服务超好。,pos
6***6,16396376634,5,60升,【内胆免清洗】电子镁棒零电洗,2021-10-01 21:49:36,家里原来的就是美的的热水器用了年，老化漏水了。京东电器值得信赖，我家大小的家电基本在京东购买，送货及时，现场验货，安装师傅第一时间联系我们，进户安装，非常好，点赞点赞点赞！,pos
我***e,16574214036,5,60升,??【黑科技】电子镁棒零电洗,2021-11-04 16:22:59,已经收到货了，实物很好看，暂时还没安装，期待安装后的效果~,pos
s***8,15502495808,5,60升,【新品首发】电子镁棒零电洗,2021-04-05 19:51:30,外形外观：外观低调，功能齐全 加热速度：还没有使用，但是功率在那摆着呢，应该很快。 其他特色：能用手机控制，出水断电很安全，电子镁棒。,pos
****丨,16735156778,5,60升,【超级新品】电子镁棒净垢因子,2021-11-28 10:33:16,安装小哥哥很热情，服务很好，很快就装好了，马上就可用了。,pos
****a,16657898297,5,60升,【高端旗舰】电子镁棒涡旋速热,2021-11-16 11:07:05,外观时尚，功能齐全也实用，能远程操控温度，非常方便。安装师傅也很负责，非常满意。推荐购买。,pos
四***才,15432572284,5,60升,【鸿蒙智联】除氯净水护发柔肤,2021-03-17 23:00:22,物流很快，?产品很快就收到了，比想象中还好，不错不错！希望能耐用宝贝和介绍的一样，质感很好，功能强大，用了感觉不错以前一直都是在实体店买，这次选择了网上买，不光是正品，价格还实惠！真的很好用，对商品非常满意，属于无限回购款，推荐！精挑细选很久?，最后决定买这一款?，到货后果然没有让我失望，实物很漂亮?，做工很精细?，特别满意?已经收到啦，很不错，还有赠品，性价比太高啦，爱了爱了,pos
r***u,16149309697,5,80升,【奢华净浴】除氯净水护发柔肤,2021-08-17 10:51:46,热水器看着质量就特别好，安装师傅也很负责，确认管路后才负责安装，过程规范，果然是大公司，美的棒棒哒！,pos
-***康,14305664391,5,60升,【高端旗舰】电子镁棒即开即热,2020-06-18 22:42:47,外形外观：外观香槟金色挺好看的，比传统的白色要漂亮很多，很惊艳，然后渐变的显示屏也很漂亮 加热速度：暂时还没安装，等安装后才能知道 耗能情况：一级能耗还是不错的，实际还没有使用应该能省电 其他特色：带遥控器和手机可以控制，这点很方便随时随地控制，还有智能杀菌什么的,pos
不***啦,16594143502,5,60升,??【黑科技】电子镁棒零电洗,2021-11-07 18:23:46,昨天晚上安装师傅来给安装的，非常辛苦，安装很有耐心也很认真，热水器是之前就认真选好的，等到双十一活动时买的，价格也很合适，就是现在家里还在装修中还不能用，等用过之后再来追评,pos
F***3,16671541453,5,60升,??【黑科技】电子镁棒零电洗,2021-11-17 13:52:27,京东很方便，旧机拆了时候，新机送来，很快使师傅就来安装了，师傅很专业，很周到，安装的很快，给京东和师傅点个赞！赞赞赞赞！好,pos
w***m,15115942147,5,60升,【新品首发】电子镁棒零电洗,2020-12-30 21:35:28,热水器收到了非常满意，快递师傅态度很好，包装完好，颜色很满意，送有配件，一个小遥控，热水器可以手动也可以连接，都特别方便。家里人自己安装，安装说明很详细，安装好后直接可以用，很方便，热水器是免更换镁棒，水温上升快速，最低度，最好度，不用等太久，就可以洗澡，值得推荐，值得购买。,pos
f***2,15731620986,5,60升,【高端旗舰】电子镁棒即开即热,2021-05-29 09:21:24,看上去金色的，没有拍出来。 美的售后安装很给力。 安装也都配合客户的需求。 整体看上去不比国外品牌差。 家人速度很快。一个小时就到了设定的度。 希望可以用的更长久一些。,pos
大***n,15058864428,5,60升,【鸿蒙智联】除氯净水护发柔肤,2020-12-17 12:56:55,外观是自己非常喜欢的颜色 期待用后 安装师傅很用心 客服很热情,pos
大***7,16749076460,5,80升,??【黑科技】电子镁棒零电洗,2021-11-30 21:34:52,加热速度很快，开机不一会就能出热水，耗能也少，大容量一家人使用正好！,pos
****8,15436239916,5,80升,【奢华净浴】除氯净水护发柔肤,2021-03-18 22:26:26,感觉很不错，送货速度很快，第一时间有客服联系，东西也很好，有人来上门安装，速度快，效果好，服务一流。,pos
4***1,14655356206,5,60升,【奢华净浴】除氯净水护发柔肤,2020-09-18 10:26:23,"外形外观：高颜值，非常不错，好看， 耗能情况：一级能效不错，估计比二级能效省电， 其他特色：还送个过滤器，非常不错，支持， 下单第天就收到货了，这是美的的新品，还带,非常满意，非常好用，，，， 洗浴时间：加热速度快，嗷嗷的， 加热速度：,比以前的快不少，，，",pos
尚***彤,15766138139,5,80升,【高端旗舰】电子镁棒即开即热,2021-06-05 20:25:32,首先说一下物流，京东物流特别快，送货上门，辛苦师傅了，安装的师傅也特别给力，赞一个，热水器外观很好看，金色很喜欢，特别满意，赞一个,pos
啊***人,15732261415,5,60升,【新品首发】电子镁棒零电洗,2021-05-29 12:05:56,"前天收到了购买的美的热水器,今天师傅上门，觉得操作很方便,很短时间内，水温就达到了度,样式也很美观大方，据说还是智慧型的，可以与手机联网。客服服务态度很好，百问不烦，耐心解答所提出的任何问题。安装师傅的工作很认真细致,怎么安装好，处处为客户着想，美的的服务确实名不虚传，这是我最为满意的一次购物。",pos
小***骏,15440351040,5,60升,【新品首发】电子镁棒零电洗,2021-03-20 06:35:37,安装的师傅很不错挺仔细的，改了一下水管也没有加钱非常满意！加热速度挺快的颜值也挺好看，关键是手机控制真的挺方便的，人再外面就可以控制提前加热，出水断电也挺安全，挺满意的!,pos
半***子,15407397177,5,60升,【新品首发】电子镁棒零电洗,2021-03-11 11:25:29,物流非常不错，超级快，隔天到，东西很不错，外观漂亮，功能强劲，很适合家庭使用，热水超级快，非常好用，值得够买，价格也很合适。,pos
l***g,16587562505,5,80升,??【黑科技】电子镁棒零电洗,2021-11-06 17:43:52,按装专业，师傅主动帮忙解决问题，非常满意！！！,pos
****5,14122891416,5,80升,【高端旗舰】电子镁棒即开即热,2020-05-07 12:32:42,外形外观：比一般的热水器美观一些 加热速度：很好很快 洗浴时间：够一家人用很宽裕 其他特色：售后还行安装确实没有收费，但需要一些材料钱，物流很快，超过我想象。产品很给力，加热速度很快，现在比原来的快很多左右，再也不必为等待烦恼了。人性的设计有多长保护，尤其是进水过滤功能，我觉得非常好。不必担心使用久了要请人清理的麻烦。总之物有所值，性价比很高。,pos
****8,14835337637,5,60升,【新品首发】电子镁棒零电洗,2020-11-03 13:02:03,加热速度： 京东物流很快，今天下单第二天就到了，安装师傅也很快，当天打电话就来安装了并且服务态度给分，客服也非常有耐心，随时问随时回复。美的是老牌子，一直使用值得信赖，外观也非常喜欢，不需要考虑家里的装饰。,pos
质***靠,15130788803,5,60升,【新品首发】电子镁棒零电洗,2021-01-03 19:42:59,老机器功能老化，各种不方便，所以要换个新的。经过仔细筛选，选择了这款，各方面都很满意。师傅安装很专业细心，也很美观，非常满意。,pos
v***e,15056150990,5,60升,【高端旗舰】电子镁棒即开即热,2020-12-16 20:01:58,外形外观：大气，形状紧凑，颜色很好看 加热速度：第一次加热，就觉得挺快的 总体感觉非常喜欢，具体的使用情况，以后再追加 其他特色：可以手机操控，预约时间，开水断电,pos
东***2,15714368225,5,60升,【新品首发】电子镁棒零电洗,2021-05-24 21:43:00,之前用的史密斯，用了年，最后因为内胆清洗原因坏了，所以买的号称免换镁棒，免清洗内胆的美的热水器，用了一个多月了，感觉还行，外观是我喜欢的颜值，纯白色很清新，加热速度也很快，耗能没有办法参照。安装的时候，师傅说其实最好也要年左右清洗一次，所以年后见吧。,pos
u***s,16557374623,5,60升,??【黑科技】电子镁棒零电洗,2021-11-02 08:20:22,样子美观、安装师傅也很用心、主要功能挺好的、出水就断电、还可以调温、美的还是值得信赖、建议购买,pos
****e,14116625820,5,80升,【高端旗舰】电子镁棒即开即热,2020-05-05 19:56:27,外形外观：特别漂亮高端大气上档次，液晶屏清晰很大 加热速度：加热速度很快 耗能情况：一级能效，省电 洗浴时间：沐浴时间长，有超大水量 其他特色：安装师傅按时上门安装，安装很满意，安装完还把卫生打扫了，教了热水器如何使用,pos
****s,16107862349,5,60升,【新品首发】电子镁棒零电洗,2021-08-08 19:26:48,东西不错，特别表扬一下安装的师傅，很负责，安排活儿也灵活，速度快，态度好。,pos
****f,15081152046,2,80升,【新品首发】电子镁棒零电洗,2020-12-22 14:13:40,不过滤水中杂质，虚假宣传,neg
o***9,15017237423,5,60升,【高端旗舰】电子镁棒即开即热,2020-12-08 18:34:23,外形外观：这个颜色应该是比较耐脏，没有白色的好看！外形还好！中规中矩 加热速度：很快，比很久以前传统的加热棒好很多，也健康很多，希望寿命也有进步 耗能情况：没有测算出来，毕竟刚装不久！ 洗浴时间：一家人，升的容量，都是十多分钟左右的洗浴时间，都够用。 其他特色：美的的安转师傅太水了！管路我自己没工具，没办法重新装，他给我装的插排？小学生水平？把墙打得千疮万孔！备注要水钻，也不拿！广西贺州市美的售后真垃圾！瘸腿老板一看就不是好人！,pos
****v,15298404759,5,60升,【新品首发】电子镁棒零电洗,2021-02-06 12:07:04,外形外观：高大尚 加热速度：就是快！ 耗能情况：物超所值 洗浴时间：随心所浴 其他特色：安装服务态度好,pos
甘***人,15756344375,5,60升,【新品首发】电子镁棒零电洗,2021-06-03 20:16:18,棒极了!发货速度快，安装人员热情，态度好。热水器很是美观。还没使用，用完了再来追评!,pos
****d,15828926780,5,60升,【新品首发】电子镁棒零电洗,2021-06-18 19:03:23,大品牌就是值得信赖，机器很美观，美的安装于师傅服务很满意，一次愉快的购物，给好评,pos
u***k,15761131681,5,60升,【新品首发】电子镁棒零电洗,2021-06-04 19:40:40,京东活动下单购入 ，发货非常迅速， 第二天直接到货 ，送货上门， 非常方便 ，安装师傅当天下午就上门给安装好了， 直接联网调试成功 。期待日后的使用效果,pos
****r,16690150655,5,80升,??【黑科技】电子镁棒零电洗,2021-11-20 09:21:28,质量很好安装师傅很细心的安装好 也试水了 真心不错 外形外观：很精美,pos
****o,15068932536,5,60升,【鸿蒙智联】除氯净水护发柔肤,2020-12-19 17:41:27,外形外观：外观设计漂亮，颜色很大气 加热速度：速度快，温度控制很稳定 其他特色：功能效果很好,pos
****8,16695648114,5,80升,【高端旗舰】电子镁棒涡旋速热,2021-11-21 09:45:46,很好用，配送也很快，京东服务真好，好评好评好评！下次有需要还来,pos
风***声,15045647406,5,60升,【新品首发】电子镁棒零电洗,2020-12-14 17:58:43,安装工程师王天军师傅服务特别好  我家安装比较繁琐 王师傅不厌其烦的安装到位 活干得也特别漂亮 安装得比我们想象的要完美好多 而且还帮忙把我家的排风插头一块给改造到热水器插座里  太感谢王师傅了  要不排风还不知道怎么弄好呢  我家因为线是平方的 所以只能使那档  的那档没法使 容易烧线 建议宝宝们买时一定要看好了  热水器的效果使用后再来评价,pos
3***6,15972805033,5,60升,【新品首发】电子镁棒零电洗,2021-07-12 14:00:08,性价比足，买了第二天就到了，非常好，非常愉快的购物，功能强大，不错，个人很喜欢，无论是掌柜的态度还是物品都非常满意的，只信京东！没有之一，款式好看简约美观，真的是老牌子，真是性价比很高，智能互联，动动手指便可操作，非常安静 不用担心有杂音，太棒了然后重点表扬一下小姐姐服务态度，期待呢，总之完美棒棒哒，,pos
****6,16510152448,5,60升,【极地套系】电子镁棒免清洗,2021-10-24 10:52:15,美的现在不管是质量和售后都做的很好也很大，价格十分适中，现在家里的电气大多是美的，这次还是选择这个品牌，外观漂亮，免清洗比较省心，以后看看耐用性如何！,pos
****f,16569006850,5,60升,??【黑科技】电子镁棒零电洗,2021-11-03 20:31:48,宝贝收到了，是我想要的，手感很好，质量也很好。客服态度非常好，有问题及时解决，总体来说非常满意，快递收到了质量情况，建议购买正品棒棒糖。还会再次光临好大小，精致个体，总体很好，送货，小伙子服务到位，物美价廉。师傅专业认证。做工细致柔软的好像是得了精工神速。体现品质，发货还是安装都是很快，宝贝非常满意，师傅很专业，非常准时，各种功能齐全，当天来安装。总之买美的就不会错了,pos
嫦***月,16594927588,5,60升,【高端旗舰】电子镁棒涡旋速热,2021-11-07 20:02:59,热水器很棒，发货快安装也快。服务一条龙。电器一直都在京东买，美的信得过,pos
滔***户,16693079641,5,60升,??【黑科技】电子镁棒零电洗,2021-11-20 18:22:09,美的电热水器升，下午安装上去了，非常好用，第二次购买,pos
z***4,16463680280,5,60升,【内胆免清洗】电子镁棒零电洗,2021-10-15 08:55:29,这个热水器白色外观很喜欢，触屏灵敏，安装师傅尺寸，高度都把握的很好，专业。京东客服服务态度也很好。希望美的产品不要令人失望。,pos
****e,16611869718,5,80升,【高端旗舰】电子镁棒涡旋速热,2021-11-10 14:08:01,美的热水器已收到了，并且按装好了，觉得很好用，美的值得信赖，家用电器选美的吧好评,pos
梁***3,14848468709,5,60升,【新品首发】电子镁棒零电洗,2020-11-05 19:27:59,外形外观：很漂亮 加热速度：加热速度：加热速度快  其他特色：安装师傅很热心，安装的很满意，是自己喜欢的，非常感谢安装师傅,pos
****d,16425473265,5,80升,【奢华净浴】除氯净水护发柔肤,2021-10-07 10:47:18,东西发货很快，配送到家，虽然是自己安装的，安装师傅超级热情主动打电话来询问，热水器超级智能，我是家里人推荐买的同一个型号,pos
****s,15470225405,5,60升,【新品首发】电子镁棒零电洗,2021-03-28 09:06:39,外形外观：中规中矩，尺寸比我两年前买的会小一些，体积相对不用那么大。 加热速度：挺快的，毕竟有。 耗能情况：新国标的一级能耗 洗浴时间：还没试过 其他特色：京东送货很快，安装师傅服务也很到位。,pos
0***g,14696880767,5,60升,【新品首发】电子镁棒零电洗,2020-09-29 08:57:10,外形外观：外观非常漂亮，触摸屏加遥控还有远程手机操控非常方便。 加热速度：加热很快 耗能情况：才开始使用，具体还要看以后。一级变频应该不会很费电。 其他特色：防电墙加出水断电可以很安心的使用了，安装师傅非常认真负责点赞。,pos
性***牛,15467130327,5,60升,【新品首发】电子镁棒零电洗,2021-03-27 11:22:29,新款电子镁棒免洗款，看着挺不错的，性价比还可以，安装服务很不错，买了了很多美的产品，性价比很高，质量很好，售后服务很到位。,pos
我***呀,16297121166,5,80升,【新品首发】电子镁棒零电洗,2021-09-13 14:43:25,"燃气热水器安装好之后使用了一段时间. 总的来说比较满意：产品简洁大方是我喜欢的，产品简单易用; 烧水速度挺快的. 目前还没有发现明显的缺点 售前售后都很专业, 师傅很认真负责，售后师傅上门快，预约时间准时到达，安装好之后耐心讲解，水管走的美丽，横平竖直，有需要还会继续购买。",pos
封***昌,16075806347,5,80升,【高端旗舰】电子镁棒即开即热,2021-08-02 21:36:40,安装快，服务好，很满意，,pos
成***麻,14321205537,5,60升,【高端旗舰】电子镁棒即开即热,2020-06-21 14:33:14,外形外观：高大上的外形 加热速度：加热速度快 其他特色：可预约时间，特别特别方便,pos
k***n,16735678100,5,60升,??【黑科技】电子镁棒零电洗,2021-11-28 12:16:41,热水器已经安装完毕，颜值很高，出热水快，美的产品值得信赖,pos
m***2,16655138708,5,60升,【高端旗舰】电子镁棒涡旋速热,2021-11-15 22:13:59,外形外观：不错 洗浴时间：持续加热适合两人 加热速度：很快 安装很不爽，没有按时上门,pos
覃***-,15937924525,5,80升,【新品首发】电子镁棒零电洗,2021-07-07 07:00:43,服务很好，物流很快。 加热速度：挺快的 耗能情况：不怎么费电 其他特色：                                    服务很好，好评,pos
****8,15131970561,5,60升,【高端旗舰】电子镁棒即开即热,2021-01-04 05:37:18,这款热水器 外形外观：大气 加热速度：很快 耗能情况：节省 洗浴时间：可控 物流，安装服务都很好，值得购买。,pos
地***雷,16691676675,5,60升,??【黑科技】电子镁棒零电洗,2021-11-20 13:57:30,热水器很漂亮，功能强大，热的也很快，而且是电子镁棒，终身不用换，经济划算。,pos
j***l,15297380442,5,60升,【新品首发】电子镁棒零电洗,2021-02-06 01:38:04,外形外观：大白条。很好看。颜值很不错。就是插头大家要稍微注意。热水器是要的。 加热速度：速度正常。使用简单易上手。 其他特色：安装师傅很好约。安装服务齐全。不用操心。基本上就是花小钱解决大问题。很不错。,pos
****c,14421469482,5,60升,【高端旗舰】电子镁棒即开即热,2020-07-15 20:55:33,外形外观：金色的外观好赞，看起来好高大上，还有那个渐变的面板太好看了，真的是太好看了,pos
智***玲,16626250779,5,80升,??【黑科技】电子镁棒零电洗,2021-11-12 11:51:10,收到美的电热水器一台，价格实惠，非常满意老牌子值得信赖,pos
藕***肉,16218527628,5,60升,【新品首发】电子镁棒零电洗,2021-08-29 16:17:09,灰常不错?，老爸老妈很开心，特意嘱咐给安装师傅点个星? 外形外观：不错?很时尚 其他特色：手机控制，爸妈把热水器放的有点高&;.,pos
p***5,15395255488,5,60升,【新品首发】电子镁棒零电洗,2021-03-08 12:16:58,外观漂亮简洁，加热速度非常快。安装师傅技艺熟练，很快就给装上了?,pos
****户,15984453042,5,60升,【新品首发】电子镁棒零电洗,2021-07-14 19:25:47,宝贝收到了，颜值不错，质量也没有问题物超所值。安装师傅服务非常好。,neg
小***o,15183768203,5,60升,【鸿蒙智联】除氯净水护发柔肤,2021-01-11 11:15:51,外形外观：漂亮  银色很耐看 比金黄色白色显的高级 加热速度：双管加热 其他特色：智能控制  免换镁棒省的以后麻烦,pos
2***m,15877361701,5,60升,【新品首发】电子镁棒零电洗,2021-06-27 12:51:47,这个是给弟媳娘家买的，安装的时候我不在场，听弟媳说师傅安装很负责很仔细，谢谢师傅啦！辛苦啦！一起还给老爸家也买了一台，老爸也还喜欢！图片,pos
****x,16761878361,5,60升,??【黑科技】电子镁棒零电洗,2021-12-03 11:14:14,? 外形外观：美观整洁干净美观 加热速度：加热速度可以自调 耗能情况：刚安装好，后续看看 洗浴时间：很满意，温度够了,pos
z***7,16750319904,5,60升,??【黑科技】电子镁棒零电洗,2021-12-01 07:21:17,家里用的都是美的 不仅外观漂亮而且还很节能 售后服务也很不错 值得信赖 特别镁棒的设计 贴心了,pos
p***n,16756032664,5,80升,【高端旗舰】电子镁棒涡旋速热,2021-12-02 09:35:24,非常好的购物体验，美的的产品质量一直杠杠滴！已经用上了，冬天洗澡很舒服。赞??,pos
王***N,16762979328,5,80升,【奢华净浴】除氯净水护发柔肤,2021-12-03 14:23:59,比较了很久，最后决定买这款，优质国货，颜值高，好操作，满足一家四口需求，很满意，安装师傅也态度很好，售后有保障,pos
攒***儿,16762284917,5,60升,【奢华净浴】除氯净水护发柔肤,2021-12-03 12:28:11,真的很喜欢，超出期望值，发货速度非常快，包装非常仔细、严实，运送速度很快；安转衔接也非常到位，安装师傅非常给力，很耐心的讲解使用说明，很满意的一次网购，点赞??,pos
S***O,16767791418,5,80升,??【黑科技】电子镁棒零电洗,2021-12-04 15:03:03,外形外观：经典的颜色搭配细节做工还不错，是大厂风范。 加热速度：千瓦的加热速度，加了一箱升的水，也就是半个小时左右。 洗浴时间：基本上水开最大能够很舒服的洗两个人，升的体验确实非常的好。,pos
****X,16768825135,5,60升,【高端旗舰】电子镁棒涡旋速热,2021-12-04 18:50:40,颜色特别好看，热水时间短，水质温和，触屏按键，并且是渐变色按钮，非常愉快的一次购物。,pos
