天山大峡谷,AAAAA,https://file.geeker.com.cn/uploadfile/server/test/cultural-tourism-cloud/夏季宣传片.mp4,"自然风景区,自然风光,旅游度假区","情侣,家庭,亲子"
天山天池风景区,AAAAA,https://file.geeker.com.cn/uploadfile/server/test/cultural-tourism-cloud/天池宣传片15秒 (2)_1587464524034.mp4,"自然风景区,自然风光,网红打卡,深度探索,历史人文","学生,情侣,家庭"
吐鲁番葡萄沟风景区,AAAAA,https://file.geeker.com.cn/uploadfile/server/test/cultural-tourism-cloud/吐鲁番.mp4,"自然风光,深度探索,历史人文","家庭,单身贵族,亲子"
博斯腾湖景区,AAAAA,https://file.geeker.com.cn/uploadfile/server/test/cultural-tourism-cloud/28c2fe5e85723dfa394614e3d43fa7ff.mp4,"自然风光,美食体验","情侣,家庭"
博斯腾湖莲海世界景区,AAAAA,,"赏花,自然风光,游船,网红打卡,研学旅游基地","学生,商务,家庭"
那拉提旅游风景区,AAAAA,https://file.geeker.com.cn/uploadfile/server/test/cultural-tourism-cloud/那拉提2018冰雪节2-27.mp4,"自然风光,网红打卡,深度探索,历史人文,小众秘境","情侣,家庭,亲子"
克拉玛依世界魔鬼城景区,AAAAA,,自然风景区,"老人,儿童,家庭"
巴音布鲁克景区,AAAAA,https://file.geeker.com.cn/uploadfile/server/test/cultural-tourism-cloud/c6c20a6b4b1d3c78e50cfb03519e4228.mp4,"自然风光,深度探索,历史人文,小众秘境,美食体验","个人,情侣,家庭"
可可托海风景区,AAAAA,https://file.geeker.com.cn/uploadfile/server/test/cultural-tourism-cloud/可可托海四季.mp4,"网红打卡,深度探索,历史人文,小众秘境,美食体验","学生,老人,家庭"
喀拉峻景区,AAAAA,https://file.geeker.com.cn/uploadfile/server/default/cultural-tourism-cloud/喀拉峻_1587646508194.mp4,"自然风光,深度探索,历史人文,小众秘境,美食体验","家庭,单身贵族,亲子"
天山大峡谷,AAAAA,https://file.geeker.com.cn/uploadfile/server/test/cultural-tourism-cloud/夏季宣传片.mp4,"自然风景区,自然风光,旅游度假区","情侣,家庭,亲子"
天山天池风景区,AAAAA,https://file.geeker.com.cn/uploadfile/server/test/cultural-tourism-cloud/天池宣传片15秒 (2)_1587464524034.mp4,"自然风景区,自然风光,网红打卡,深度探索,历史人文","学生,情侣,家庭"
吐鲁番葡萄沟风景区,AAAAA,https://file.geeker.com.cn/uploadfile/server/test/cultural-tourism-cloud/吐鲁番.mp4,"自然风光,深度探索,历史人文","家庭,单身贵族,亲子"
博斯腾湖景区,AAAAA,https://file.geeker.com.cn/uploadfile/server/test/cultural-tourism-cloud/28c2fe5e85723dfa394614e3d43fa7ff.mp4,"自然风光,美食体验","情侣,家庭"
博斯腾湖莲海世界景区,AAAAA,,"赏花,自然风光,游船,网红打卡,研学旅游基地","学生,商务,家庭"
那拉提旅游风景区,AAAAA,https://file.geeker.com.cn/uploadfile/server/test/cultural-tourism-cloud/那拉提2018冰雪节2-27.mp4,"自然风光,网红打卡,深度探索,历史人文,小众秘境","情侣,家庭,亲子"
克拉玛依世界魔鬼城景区,AAAAA,,自然风景区,"老人,儿童,家庭"
巴音布鲁克景区,AAAAA,https://file.geeker.com.cn/uploadfile/server/test/cultural-tourism-cloud/c6c20a6b4b1d3c78e50cfb03519e4228.mp4,"自然风光,深度探索,历史人文,小众秘境,美食体验","个人,情侣,家庭"
可可托海风景区,AAAAA,https://file.geeker.com.cn/uploadfile/server/test/cultural-tourism-cloud/可可托海四季.mp4,"网红打卡,深度探索,历史人文,小众秘境,美食体验","学生,老人,家庭"
喀拉峻景区,AAAAA,https://file.geeker.com.cn/uploadfile/server/default/cultural-tourism-cloud/喀拉峻_1587646508194.mp4,"自然风光,深度探索,历史人文,小众秘境,美食体验","家庭,单身贵族,亲子"
赛里木湖景区,AAAAA,https://file.geeker.com.cn/uploadfile/server/test/cultural-tourism-cloud/赛里木湖.mp4,"自然风光,网红打卡,深度探索,历史人文","情侣,家庭,亲子"
喀纳斯景区,AAAAA,https://file.geeker.com.cn/uploadfile/server/wl-cloud/cultural-tourism-cloud/1_1600775726099.mp4,"自然风景区,亲子休闲,自然风光,生态旅游示范区","儿童,家庭,亲子"
喀什古城景区,AAAAA,https://file.geeker.com.cn/uploadfile/server/default/cultural-tourism-cloud/喀什老城宣传片.mp4,"自然风光,网红打卡,历史人文,小众秘境,美食体验","学生,情侣,家庭"
泽普金湖杨国家森林公园,AAAAA,,"自然风光,深度探索,历史人文","情侣,家庭,单身贵族"
帕米尔旅游区,AAAAA,https://file.geeker.com.cn/uploadfile/server/default/cultural-tourism-cloud/水印 新疆维吾尔自治区喀什地区帕米尔旅游区宣传片（最新）.mp4_1.mp4,"文化旅游区,自然风景区,民族风情,自然风光,民俗文化","儿童,情侣,家庭"
阿合奇县小木孜都克景区,AAA,https://file.daqsoft.com/uploadfile/server/wl-cloud/cultural-tourism-cloud/IMG_1074.MP4,"文化旅游区,自然风景区,民族风情,自然风光,深度探索","个人,情侣,亲子"
乌鲁木齐南公园,无等级,,"赏花,民族风情",学生
乌鲁木齐市体育公园,无等级,,,"老人,个人,亲子"
乌鲁木齐天山公园,无等级,https://file.daqsoft.com/uploadfile/server/wl-cloud/cultural-tourism-cloud/ts_1644296367001.mp4,主题乐园,"个人,情侣"
新和县通古斯巴西城址,AAA,,"文化旅游区,博物馆,研学旅游基地,历史人文",
阿克苏地区文博院(博物馆),AAAA,,,
阿克苏市阿依库勒镇月亮泊新村生态文旅建设项目,AAA,,"文化旅游区,温泉,水上乐园,民族风情,旅游度假区","商务,情侣,亲子"
阿克苏市皇宫湖沙漠湖泊旅游度假区,AAA,,"水上乐园,亲子休闲,自然风光,游船,文旅小镇","商务,情侣,家庭"
额敏县也迷里滑雪场,AAA,,"自然风景区,滑雪,自然风光,主题乐园","儿童,情侣,家庭"
克斯勒度假村,AAA,,"文化旅游区,自然风景区,红色文化,旅游度假区","个人,情侣,家庭"
黄杏之乡景区,AAA,,"自然风景区,民族风情,赏花踏青,旅游度假区","情侣,家庭"
红沙漠景区,AAA,,"自然风光,深度探索","情侣,家庭"
齐兰古城,AAA,,"文化旅游区,历史人文",家庭
瑰觅玫瑰风情园,AA,,"赏花,亲子休闲,自然风光",
吉音景区,AAA,https://file.daqsoft.com/uploadfile/server/wl-cloud/cultural-tourism-cloud/吉音.mp4,"自然风景区,避暑,工业旅游示范基地,深度探索","学生,商务,家庭"
阿瓦提县红色逐梦文旅小镇,AAA,,"文化旅游区,亲子休闲,红色文化,文旅小镇","学生,老人,家庭"
库车甬库文化园,AAA,,"自然风景区,滑雪,赏花,亲子休闲,展览演出","儿童,家庭,亲子"
甘家湖梭梭林自然保护区,无等级,,"自然风景区,森林公园",情侣
青格里度假村,无等级,,自然风景区,所有人群
沙湾市森林公园,AAA,,"植物园,避暑,森林公园","老人,家庭,亲子"
江格尔文化景区,AA,,,
英吉沙县全域旅游服务中心,无等级,,"游客集散,非遗文化",全部
玉和小镇景区,AAA,,"亲子休闲,民族风情,文旅小镇","老人,家庭,亲子"
恐龙文化苑,AAA,,"亲子休闲,游船,主题乐园","儿童,家庭,亲子"
叶城县烈士陵园,AAA,,"红色文化,历史人文,红色教育基地","学生,老人,儿童"
塔城市文旅产业园,AAA,,,
伊犁丝绸之路文化旅游城景区,AAA,,自然风光,"学生,个人,家庭"
紫苏丽人薰衣草创意产业园,AAA,,自然风景区,"家庭,单身贵族,亲子"
白马旅游服务区,AA,,文化旅游区,"老人,个人,家庭"
乌孙山旅游服务区,AA,,"文化旅游区,自然风光","商务,家庭,亲子"
霍尔果斯市馕产业园,AAA,https://file.daqsoft.com/uploadfile/server/wl-cloud/cultural-tourism-cloud/馕产业园7_1635826308737.15（精简）.mp4,"民族风情,展览演出,网红打卡,工业旅游示范基地,美食体验","商务,情侣,家庭"
拜格托别垂钓公园,AA,,,
橡园,AA,,,
巴克图口岸景区,AAA,,,
甘家湖沙漠公园,AAA,,,
乌苏市胡杨林乐园,AAA,,,
乌苏市九莲泉水景公园,AAA,,"植物园,水上乐园,亲子休闲,网红打卡","老人,家庭,亲子"
乌鲁木齐燕儿窝风景区,AA,,,
克兰河滨河景区,AAAA,,"演出,亲子休闲,名胜古迹,避暑,红色文化","商务,情侣,家庭"
额敏县滨河公园,AAA,,,
额敏县杰勒阿尕什镇纳仁恰汗库勒村旅游景区,AAA,,,
额敏县也迷里广场,AAA,,,
孟布拉克千泉谷景区,AAA,,,
飞鹅保护区“鹅园”观光基地,AAA,,,
西部农业生态园,AAA,,,
大西北热带景观生态园,AAA,,,
萨尔巴斯民俗村,AAA,,,
喀拉也木勒景区,AA,,,
阿克苏水上乐园,AA,,,
也迷里古城遗址,AA,,,
阿贡盖提草原石人景区,AAAA,,"博物馆,动物园,演出,民族风情,历史人文","学生,情侣,家庭"
阿勒泰喀纳斯酒业有限公司,AAA,,"文化旅游区,博物馆,红色文化","学生,儿童,个人"
双山公园景区,AAA,,"亲子休闲,自然风光","老人,青年,亲子"
世界和平公园,AAA,,"文化旅游区,赏花,亲子休闲,民族风情,自然风光","家庭,青年,亲子"
伊犁哈萨克自治州昭苏县昭苏镇知青馆景区,无等级,https://file.daqsoft.com/uploadfile/server/wl-cloud/cultural-tourism-cloud/知青馆.mp4,"红色文化,网红打卡,文旅小镇","老人,家庭,亲子"
乌尔禾纪氏部落影视城,AAA,https://file.daqsoft.com/uploadfile/server/wl-cloud/cultural-tourism-cloud/2b78d7c2b6de3568dac56c78135a401f.mp4,"演出,亲子休闲,网红打卡,研学旅游基地,历史人文","学生,情侣,家庭"
霍尔果斯国门景区,AAAA,,"名胜古迹,旅游度假区,深度探索","老人,家庭,亲子"
高台民居,AAA,,"文化旅游区,民族风情,历史人文","家庭,单身贵族,亲子"
汉诺依文化产业园,AAA,,"文化旅游区,亲子休闲,避暑,红色文化,研学旅游基地","情侣,家庭,亲子"
喀食味道馕文化产业园,AAA,,"演出,历史人文,美食体验","情侣,家庭,亲子"
新疆塔克拉玛干N39°沙漠旅游景区,AAA,,"亲子休闲,自然风光,深度探索,沙漠越野,露营","个人,家庭,亲子"
七个星佛寺遗址,AAA,,,
克尔古提景区,AAA,,"自然风景区,亲子休闲,名胜古迹,森林公园,历史人文","情侣,家庭,亲子"
和静县东归北山生态景区,AAAA,,"自然风景区,动物园,红色文化,生态旅游示范区,研学旅游基地","学生,情侣,家庭"
新疆天塞酒庄景区,AAA,,"自然风景区,避暑,旅游度假区","商务,情侣,家庭"
白石峰森林公园,AAA,,"自然风景区,自然风光,森林公园","情侣,家庭,亲子"
伊犁河谷万亩薰衣草主题公园,AAA,,,
“绿梦飞扬”稻田画景区,AA,https://file.daqsoft.com/uploadfile/server/wl-cloud/cultural-tourism-cloud/察布查尔县稻田画1_1629169516565.mp4,"文化旅游区,亲子休闲,主题乐园","老人,家庭,亲子"
稻蟹飘香文化旅游景区,AA,,"亲子休闲,主题乐园,网红打卡","家庭,亲子"
1764文体公园,AAA,,"文化旅游区,亲子休闲","个人,家庭,亲子"
小白杨“戍边”文化纪念馆,AA,,"文化旅游区,红色文化","老人,家庭,亲子"
科古尔琴薰衣草园景区,AA,,"自然风景区,赏花踏青,生态旅游示范区","老人,家庭,亲子"
布隆温泉景区,AA,,,
吉晟寺景区,AA,,"历史人文,小众秘境","个人,家庭,亲子"
喀什河达坂旅游景观带,AA,,"文化旅游区,自然风景区,自然风光","老人,家庭,亲子"
城市展览馆,AA,,"文化旅游区,历史人文","个人,家庭,亲子"
阿克塔斯度假村,AA,,"亲子休闲,旅游度假区","老人,家庭,亲子"
天浴温泉山庄景区,无等级,,"文化旅游区,避暑,旅游度假区","老人,家庭,亲子"
乔尔玛烈士陵园纪念馆,AAA,,红色文化,"学生,家庭,亲子"
天山黑蜂庄园,AAA,,"亲子休闲,赏花踏青","老人,家庭"
西域秦汉文化暨生态特色旅游景区,AA,,"文化旅游区,旅游度假区,生态旅游示范区","老人,家庭,亲子"
龙坤农林生态旅游观光园,AA,,"自然风景区,植物园,避暑","老人,家庭,亲子"
裕民县哈拉赛民俗风情园,AA,,"民族风情,美食体验","商务,家庭,亲子"
裕锦生态园,AAA,https://file.daqsoft.com/uploadfile/server/wl-cloud/cultural-tourism-cloud/生态园.mp4,"赏花,自然风光,生态公园","情侣,家庭,亲子"
生态休闲健身公园,AAA,https://file.daqsoft.com/uploadfile/server/wl-cloud/cultural-tourism-cloud/克拉玛依-1080_1631848229073.mp4,"亲子休闲,体育竞技","老人,儿童,亲子"
文化街景区,AAA,,"文化旅游区,网红打卡,旅游度假区","学生,家庭,亲子"
荒漠绿洲生态园,AAA,,"自然风景区,自然风光,旅游度假区,生态旅游示范区","老人,家庭,亲子"
海洋之心水世界游泳馆,AA,,"水上乐园,亲子休闲,避暑,体育竞技","个人,家庭,亲子"
小拐乡芳香植物园,AAA,https://file.daqsoft.com/uploadfile/server/wl-cloud/cultural-tourism-cloud/民宿30s.mp4,"水上乐园,亲子休闲,民族风情","个人,家庭,亲子"
慕士塔格峰-喀拉库勒湖景区,AAA,,"自然风景区,自然风光","家庭,亲子,自驾游"
公格尔峰景区,无等级,,"文化旅游区,自然风景区,自然风光","情侣,家庭,自驾游"
布伦库勒湖,无等级,,"自然风景区,亲子休闲,自然风光,避暑","家庭,亲子,自驾游"
恰克拉克湖,无等级,,"自然风景区,自然风光,避暑","儿童,家庭,亲子"
其克拉孜冰川,无等级,,"文化旅游区,自然风景区,自然风光,小众秘境","家庭,亲子,自驾游"
阿依拉尼什雪山,无等级,,"自然风景区,自然风光,主题乐园","家庭,亲子,自驾游"
520垂钓公园,AAA,,"自然风景区,亲子休闲,避暑,主题乐园,美食体验","商务,情侣,亲子"
河谷林景区,AAAA,,"自然风景区,亲子休闲,自然风光,避暑,森林公园","老人,家庭,亲子"
哈夏草原景区,无等级,,"自然风景区,赏花,自然风光,赏花踏青,避暑","儿童,家庭,亲子"
阿日夏特仙泉景区,AA,,"自然风景区,自然风光,名胜古迹,避暑,深度探索","学生,家庭,亲子"
木特塔尔沙漠景区,AAA,,"自然风景区,网红打卡,研学旅游基地,深度探索,小众秘境",所有人群
乌苏市乌拉斯台旅游景区,AAA,,"自然风景区,民族风情,自然风光","情侣,家庭,单身贵族"
乌苏市乌斯图旅游景区,AAA,,"自然风景区,民族风情,自然风光","学生,商务,家庭"
乌苏市和谐公园,AAA,,"文化旅游区,赏花踏青","老人,家庭,亲子"
乌苏市花海・喜世界,AAA,,"赏花,赏花踏青,主题乐园","老人,家庭,亲子"
乌苏市儿童公园,AAA,,"赏花,亲子休闲,主题乐园","老人,家庭,亲子"
乌苏市街心花园,AAA,,"自然风光,避暑,主题乐园","老人,儿童,亲子"
乌苏市苏里坊田园综合体,AAA,,"文化旅游区,亲子休闲,网红打卡","情侣,家庭,亲子"
沙湾市文化广场景区,AAA,,"赏花,演出,亲子休闲,赏花踏青,灯会","情侣,家庭,亲子"
沙湾市雪水坊汉唐文化酒庄旅游景区,AAA,,"博物馆,亲子休闲,赏花踏青,旅游度假区,文旅小镇","老人,家庭,亲子"
鹿角湾景区,AAAA,https://file.daqsoft.com/uploadfile/server/wl-cloud/cultural-tourism-cloud/7a980f58f03ecaea5e4c5c83bab42fae_1628561046564.mp4,"自然风景区,民族风情,自然风光,避暑,旅游度假区","个人,家庭,亲子"
蒲类海滑雪场,无等级,https://file.daqsoft.com/uploadfile/server/wl-cloud/cultural-tourism-cloud/9T2A9330_1628502720771.MOV,滑雪,"学生,家庭,亲子"
蒲类大观园,无等级,https://file.daqsoft.com/uploadfile/server/wl-cloud/cultural-tourism-cloud/9T2A9330_1628501682682.MOV,"文化旅游区,民族风情,主题乐园,历史人文",
托里县塔斯特,AAA,,"自然风景区,避暑,森林公园","商务,情侣,家庭"
托里县白杨河湿地人文景区,AAA,,"自然风景区,亲子休闲,网红打卡","商务,情侣,家庭"
托里县沙孜湖景区,AAA,,"自然风景区,民族风情,自然风光,避暑","商务,情侣,家庭"
艾兰盐湖,AAA,,"自然风景区,自然风光,盐湖风光","情侣,家庭,亲子"
骆驼石高台人类活动遗迹景区,AAA,,"博物馆,名胜古迹,历史人文","家庭,青年,亲子"
准噶尔古城遗址景区,AAA,,"文化旅游区,自然风景区,名胜古迹","情侣,家庭,亲子"
土尔扈特民俗文化村,AAA,,"民族风情,网红打卡,历史人文","商务,情侣,家庭"
达里布依景区,AAA,,"自然风景区,自然风光,名胜古迹,历史人文","学生,个人,单身贵族"
和田地区洛浦县玉龙湾沙漠乐园,AA,https://file.daqsoft.com/uploadfile/server/wl-cloud/cultural-tourism-cloud/玉龙湾沙漠乐园宣传.mp4,"亲子休闲,自然风光,旅游度假区",所有人群
和田地区洛浦县博物馆,AA,,"博物馆,红色文化,历史人文",所有人群
无花果王景区,AAA,,"植物园,民族风情,古树","个人,情侣,家庭"
喀拉喀什河渠首爱国主义教育基地王蔚事迹陈列馆,AA,,"红色文化,历史人文,爱国主义教育基地","学生,商务,家庭"
和田博物馆,AAAA,,"文化旅游区,博物馆,历史人文","学生,商务,个人"
其娜民俗风情园景区,AAA,,"自然风景区,亲子休闲,自然风光,旅游度假区","个人,家庭,亲子"
夏合勒克庄园景区,AAA,,"文化旅游区,历史人文,文物保护单位","个人,家庭,亲子"
桑皮纸一条街景区,AAA,,"文化旅游区,历史人文","个人,家庭,亲子"
玉海滩景区,A,,"自然风景区,自然风光","个人,家庭,亲子"
墨玉老城景区,AAAA,,"文化旅游区,民族风情,历史人文","个人,家庭,亲子"
拉里昆国家湿地公园景区,AAAA,,"自然风景区,自然风光,研学旅游基地","个人,家庭,亲子"
皮山县塔吉克民族风情园,AAA,,民族风情,"情侣,家庭,亲子"
桑株古核桃园景区,AA,,植物园,"老人,家庭,亲子"
车师古道景区,AAA,,"自然风景区,历史人文","家庭,单身贵族,亲子"
千佛洞景区,AAAA,,"文化旅游区,自然风景区,自然风光","老人,家庭,亲子"
杜氏旅游景区,AAAA,,水上乐园,"学生,商务,情侣"
昌吉市人民公园,AAA,,"赏花,游船,避暑","老人,家庭,亲子"
昌吉小吃街,AAA,,"文化旅游区,民族风情,文旅小镇,工业旅游示范基地,美食体验","商务,家庭,亲子"
榆泉酒厂,AA,,"深度探索,美食体验","商务,情侣,单身贵族"
玛纳斯县博物馆,AAA,,"博物馆,研学旅游基地,历史人文","老人,个人,家庭"
奇台县七户乡一棵树,AAA,,"自然风景区,赏花,历史人文","学生,个人,家庭"
南湖欢乐谷,AAA,,"滑雪,亲子休闲,主题乐园","情侣,家庭,亲子"
奇台博物馆景区,AAA,,"文化旅游区,博物馆,名胜古迹,红色文化,研学旅游基地","个人,家庭,亲子"
三道海子,AAAA,,自然风景区,"情侣,家庭"
额河奇石馆,AA,,"亲子休闲,展览演出","老人,家庭,亲子"
喀纳斯酒厂,AA,,"网红打卡,小众秘境","商务,情侣,单身贵族"
布尔津博物馆,AA,,"博物馆,展览演出","老人,家庭,亲子"
克兰大峡谷风景区,AA,,"自然风景区,自然风光,避暑","老人,家庭,亲子"
驼峰景区,AA,,"自然风景区,自然风光","老人,家庭,亲子"
恰其乐和乡村,AAA,,"文化旅游区,民族风情,网红打卡,生态旅游示范区","商务,家庭,亲子"
红林子景区,无等级,,"自然风景区,自然风光","老人,家庭,亲子"
刀郎故里景区,AAA,,"民族风情,网红打卡","家庭,亲子"
温宿托木尔大峡谷,AAAA,,自然风光,"家庭,单身贵族,亲子"
天山神木园,AAAA,,"自然风景区,自然风光","情侣,家庭,亲子"
阿克布拉克景区,AA,,"自然风景区,避暑","老人,家庭,亲子"
龙泉湖公园,AAA,,"赏花,赏花踏青,避暑","学生,老人,亲子"
柯柯牙生态纪念馆,AAAA,,"文化旅游区,红色文化,生态旅游示范区","学生,儿童,家庭"
金华新村汉易水乡,AAA,,"赏花,植物园,赏花踏青,避暑","家庭,单身贵族,亲子"
核桃王景区,AAA,,"民族风情,网红打卡,古树","商务,家庭,亲子"
天籁加依,AAAA,,"文化旅游区,自然风景区,民族风情,网红打卡,旅游度假区","学生,商务,老人"
库车大馕城,AAA,,"文化旅游区,民族风情,名胜古迹","学生,商务,个人"
哈密市非物质文化遗产保护中心,AAA,https://file.daqsoft.com/uploadfile/server/wl-cloud/cultural-tourism-cloud/哈密市非遗中心视频_1627977306620.mp4,"文化旅游区,民族风情,历史人文",
库车王府,AAAA,,"文化旅游区,民族风情,展览演出,研学旅游基地","学生,商务,老人"
森林公园,AAA,,"赏花,赏花踏青,避暑,森林公园","老人,家庭,亲子"
幸福公园,AAA,,"赏花,避暑","老人,亲子"
拜城县亚曼苏生态乐园,AAA,,"自然风景区,主题乐园","家庭,单身贵族,亲子"
月亮湾,AAA,,"自然风景区,水上乐园,民族风情","家庭,单身贵族,亲子"
凤泉河公园,AAA,,"赏花,游船,避暑","老人,家庭,亲子"
卡普司浪河景观带,AAA,,自然风景区,"家庭,单身贵族,亲子"
奥普坎艺术家村落景区,AAA,,"文化旅游区,自然风景区,民族风情","个人,情侣,单身贵族"
魔鬼林景区,无等级,,"自然风景区,网红打卡,小众秘境","个人,情侣,单身贵族"
玛疯窝景区,无等级,,,"儿童,个人,家庭"
归园田居・塔村,AAAA,,自然风景区,"老人,家庭"
额尔齐斯河,无等级,,,
阿克齐湿地,无等级,,湿地公园,"儿童,家庭,亲子"
哈密回王墓,AAAA,,"民族风情,历史人文","学生,老人,家庭"
东大塘景区,AAAA,,"自然风景区,自然风光","商务,家庭,亲子"
松海湾景区,AAA,,"自然风景区,自然风光","商务,个人,家庭"
吉木萨尔县红旗沙漠,AAA,,"自然风景区,亲子休闲,自然风光","老人,个人,家庭"
库车大寺,无等级,,"自然风景区,自然风光","儿童,家庭,亲子"
苏巴什古城,无等级,,"自然风景区,自然风光","情侣,家庭,亲子"
菊花台风景区,无等级,,"自然风景区,自然风光","老人,家庭,亲子"
吉木萨尔县蝴蝶谷,无等级,,"亲子休闲,网红打卡","商务,个人,家庭"
百花谷景区,无等级,,"赏花,植物园,自然风光","商务,个人,家庭"
葡萄乐园接待中心,AAA,,"避暑,旅游度假区","商务,个人,家庭"
火焰山大景区,AAA,,"自然风光,网红打卡,研学旅游基地,深度探索","学生,家庭,亲子"
火云谷景区,无等级,,"自然风景区,自然风光","家庭,亲子"
交河驿・坎儿井源,AAA,https://file.daqsoft.com/uploadfile/server/wl-cloud/cultural-tourism-cloud/交河驿宣传片_1619782229595.mp4,"文化旅游区,自然风光","家庭,亲子"
东白杨沟风景区（冬休闭园中）,AAA,,自然风景区,"情侣,家庭"
乌鲁瓦提风景区,AAAA,,"自然风光,游船,爱国主义教育基地,水利风景区","商务,个人,家庭"
坎儿井民俗园,AAAA,,"文化旅游区,自然风景区,历史人文","商务,个人,家庭"
温泉县新疆北鲵文化科技园,AAA,,"文化旅游区,主题乐园,红色文化,网红打卡,研学旅游基地","家庭,亲子"
托克逊县玫瑰公园景区,AA,,"自然风景区,自然风光","商务,个人,家庭"
柏孜克里克千佛洞景区,AAA,,"文化旅游区,历史人文","商务,个人,家庭"
火山红酒庄,AAA,https://file.daqsoft.com/uploadfile/server/wl-cloud/cultural-tourism-cloud/火山红酒庄_1617071469875.mp4,"赏花,旅游度假区,美食体验","商务,个人,家庭"
交河古村,AA,https://file.daqsoft.com/uploadfile/server/wl-cloud/cultural-tourism-cloud/交河古村宣传片_1616488678652.mov,"文化旅游区,历史人文","商务,个人,家庭"
艾丁湖景区,AAA,,"自然风景区,网红打卡","商务,个人,家庭"
新疆昌吉老龙河胡杨林,AAA,,"自然风景区,水上乐园,亲子休闲,旅游度假区,研学旅游基地","学生,家庭,团队"
南湖杏花村,AA,,自然风景区,"商务,个人,家庭"
盘吉尔怪石林,AAA,,"自然风景区,网红打卡","商务,个人,家庭"
大交河景区,AAAA,,"自然风景区,民族风情,历史人文,小众秘境","商务,个人,家庭"
新疆坎儿井研究会吐鲁番坎儿井乐园,AAAA,https://file.daqsoft.com/uploadfile/server/wl-cloud/cultural-tourism-cloud/e724110331aea5d4f72dba6c1f96b3d9_1610699852371_1616416267880.mp4,"文化旅游区,自然风景区,自然风光,研学旅游基地,历史人文","商务,个人,亲子"
吐鲁番郡王府,AA,,"民族风情,历史人文","商务,个人,亲子"
岳普湖县柳树王生态景区,AAA,,自然风景区,家庭
喀什博物馆,AAA,,历史人文,"商务,个人,家庭"
丝路之光旅游小镇,AAA,,"灯会,网红打卡,美食体验","商务,家庭,亲子"
塔什库尔干塔吉克自治县博物馆,AA,,"文化旅游区,博物馆,自然风光,展览演出,民俗文化",
阿拉干自驾游营地,无等级,,,
若羌县米兰古城,无等级,,,
若羌县台特玛湖,无等级,,"文化旅游区,自然风景区,自然风光","情侣,单身贵族,亲子"
女儿湖,无等级,,,
楼兰文化公园,无等级,,,
若羌河西支景观带,无等级,,,
楼兰玉都,无等级,,,
若羌县康拉克湖,无等级,,"文化旅游区,自然风景区,自然风光","情侣,家庭,亲子"
十八罗汉峰,无等级,,,"家庭,亲子,自驾游"
五彩山,无等级,,自然风景区,"个人,亲子,自驾游"
阿拉山口综合保税区购物中心,无等级,,网红打卡,"商务,家庭"
独山子大峡谷,AAAA,https://file.daqsoft.com/uploadfile/server/wl-cloud/cultural-tourism-cloud/独山子大峡谷宣传片（无水印）.mp4,"自然风景区,亲子休闲,自然风光,网红打卡,研学旅游基地","情侣,家庭,亲子"
和田团城,AAAA,,"民族风情,网红打卡,美食体验","个人,情侣,家庭"
科桑溶洞国家森林公园,AAA,,,
昌吉恐龙馆,AAA,,博物馆,"学生,家庭,亲子"
阿图什市柯尔克孜文化展示馆,AAA,,"文化旅游区,民族风情","情侣,家庭,亲子"
阿克陶县白山湖湿地公园景区,AAA,,"展览演出,赏花踏青","情侣,家庭,亲子"
塔尔巴哈台山景区,AAA,https://file.daqsoft.com/uploadfile/server/wl-cloud/cultural-tourism-cloud/塔尔巴哈台山11_1614161549118.mp4,"自然风景区,赏花,亲子休闲,自然风光","家庭,单身贵族,亲子"
天山木垒中国农业公园,AAAA,,"自然风光,网红打卡,传统村落,民宿客栈,历史人文",
独库公路博物馆,AAA,,"文化旅游区,博物馆,红色文化,研学旅游基地","个人,家庭,亲子"
新疆朗青畜牧有限公司,AAA,,"赏花,亲子休闲,主题乐园,旅游度假区,研学旅游基地","学生,老人,亲子"
呼图壁县公园,AA,,,
阜康市瑶池园景区,AA,,"文化旅游区,植物园,亲子休闲,森林公园,历史人文","老人,家庭,亲子"
特变电工总部科技研发基地,AAA,,"文化旅游区,红色文化,研学旅游基地,工业旅游示范基地","学生,商务"
昌吉市乐活小镇,AAA,,,
新疆笑厨食品有限公司,AAAA,,"文化旅游区,生态旅游示范区,研学旅游基地,工业旅游示范基地,美食体验","学生,老人,亲子"
昌吉市闽昌公园,AA,,"文化旅游区,亲子休闲","老人,家庭,亲子"
昌吉市芸农庄,AAA,,"亲子休闲,避暑,主题乐园,生态旅游示范区,美食体验","情侣,家庭,亲子"
霍城县妖魔山滑雪场,A,,"自然风景区,网红打卡","家庭,单身贵族,亲子"
新疆农业博览园,AAAA,https://file.daqsoft.com/uploadfile/server/wl-cloud/cultural-tourism-cloud/新疆农业博览园12.mov,"亲子休闲,自然风光,赏花踏青,生态旅游示范区,研学旅游基地","学生,家庭,亲子"
若羌县楼兰博物馆,AAA,,博物馆,
华兴・悠游谷,AAA,,"动物园,水上乐园,亲子休闲,避暑,生态旅游示范区","儿童,情侣,家庭"
昌吉市滨湖河景区,AAA,,"赏花,亲子休闲,赏花踏青,避暑","情侣,家庭,亲子"
且末县昆仑古村,AAA,,"自然风景区,自然风光,旅游度假区,文旅小镇","商务,个人,家庭"
新疆天山野生动物园,AAAA,,动物园,"情侣,家庭,亲子"
果子沟-赛里木湖旅游风景区,AAA,,"文化旅游区,自然风景区,自然风光","家庭,单身贵族,亲子"
阿伊朵薰衣草文化旅游景区,AAA,,"文化旅游区,自然风景区,自然风光","家庭,单身贵族,亲子"
霍城县丝路农桑园,AAA,,"文化旅游区,自然风景区,自然风光","家庭,单身贵族,亲子"
汉家公主薰衣草园,AAA,,自然风光,
迎宾公园,AAA,,"水上乐园,亲子休闲,游船,避暑,小众秘境","情侣,家庭,亲子"
阿克苏馕产业园,AAA,,"民族风情,工业旅游示范基地,美食体验","情侣,家庭,亲子"
黑加仑工业生态园景区,AA,,"美食体验,购物展示","个人,家庭,亲子"
八卦城景区,AAAA,,"自然风景区,特克斯历史文化","个人,家庭"
易经文化园,AAA,,"文化旅游区,特克斯历史文化","个人,家庭"
江格尔文化旅游景区,AA,,"文化旅游区,文旅小镇",
龙脊谷景区,AAA,,,
雅丹热气泉,AAA,,气泉康养,
罗布泊大裂谷,无等级,,"自然风景区,自然风光,网红打卡,深度探索,小众秘境","情侣,家庭,亲子"
额敏县杰勒阿尕镇纳仁恰汗库勒村,AAA,,"文化旅游区,民族风情,历史人文","儿童,家庭,亲子"
可克达拉草原之夜风情园,AAA,,"文化旅游区,自然风景区,自然风光,避暑","个人,家庭,亲子"
乌苏市体育公园,AAA,,"亲子休闲,赏花踏青","学生,老人,家庭"
土炮营国家沙漠公园,AAA,,,
国家森林公园神榆台,AAA,,,
黑梁湾山庄,AAA,,,
克孜尔尕哈烽燧世界文化遗产公园,AAAA,,"文化旅游区,名胜古迹,研学旅游基地,深度探索,历史人文","学生,家庭,亲子"
新和县沙漠花海景区,AAAA,,"滑雪,赏花,亲子休闲,避暑,滑沙","情侣,家庭,亲子"
天南木耳第一村景区,AAA,https://file.daqsoft.com/uploadfile/server/wl-cloud/cultural-tourism-cloud/7村生态园（1）.mp4,"民族风情,赏花踏青,旅游度假区,文旅小镇,工业旅游示范基地","情侣,家庭,亲子"
花儿为什么这样红景区,AAAA,,"乡村旅游区,民俗演出,田园风光,民俗文化",所有人群
燕泉河景区,AAA,https://file.daqsoft.com/uploadfile/server/wl-cloud/cultural-tourism-cloud/景观河_1612504146153.mpg,"赏花踏青,避暑,主题乐园,网红打卡,历史人文","情侣,家庭,亲子"
阿瓦提葡萄村,AAA,https://file.geeker.com.cn/uploadfile/server/wl-cloud/cultural-tourism-cloud/葡萄村.mp4,"文化旅游区,自然风景区,网红打卡,生态旅游示范区,文旅小镇","情侣,家庭,亲子"
蝶湖公园,AAA,,"自然风光,赏花踏青,网红打卡","学生,情侣,家庭"
恰西塔里木景区,AAA,,"民族风情,自然风光,避暑,美食体验","情侣,家庭,单身贵族"
万亩海棠生态园景区,AAA,,"自然风景区,自然风光,赏花踏青","商务,家庭,亲子"
奎屯市锦绣园风景区,AAAA,,"自然风景区,森林公园,历史人文","商务,情侣,家庭"
库尔勒体育公园,AAA,,"自然风景区,森林公园","商务,家庭,单身贵族"
铁门关景区,AAA,,,
伽师县馕文化产业园,AAA,,"博物馆,植物园,亲子休闲,避暑,美食体验","情侣,家庭,亲子"
白沙山沙漠公园,AAA,,"自然风景区,自然风光,网红打卡","个人,家庭,亲子"
花海那拉提,AAA,,,
肖尔布拉克酒文化小镇,AAAA,https://file.daqsoft.com/uploadfile/server/wl-cloud/cultural-tourism-cloud/肖尔布拉克申报片最终版(1).mp4,"自然风景区,博物馆,工业旅游示范基地",
十二木卡姆广场,AAAA,,主题乐园,"个人,情侣,家庭"
伽师县城中胡杨生态园景区,AAA,,"水上乐园,自然风光,展览演出,游船,主题乐园","情侣,家庭,亲子"
泽普县古勒巴格景区,AAA,,"文化旅游区,自然风景区,亲子休闲,美食体验","情侣,家庭,亲子"
伽师县森林旅游生态园景区,AAA,,"演出,游船,主题乐园,森林公园,美食体验","儿童,情侣,亲子"
泽普县布依鲁克塔吉克风情小镇,AAA,,"文化旅游区,民族风情,美食体验","情侣,家庭,亲子"
巴里坤怪石山景区,AA,,"自然风景区,亲子休闲,自然风光","家庭,单身贵族,亲子"
巴旦木景区,AAA,,"赏花,自然风光,美食体验,巴旦木观赏","情侣,家庭,亲子"
新疆民族乐器村,AAA,,,"个人,情侣,亲子"
米夏樱桃园,AAA,https://file.daqsoft.com/uploadfile/server/wl-cloud/cultural-tourism-cloud/米夏樱桃园_Trim.mp4,"美食体验,采摘,樱桃小镇,国家旅游示范村","个人,家庭,亲子"
可可苏里景区,AAAA,https://file.daqsoft.com/uploadfile/server/wl-cloud/cultural-tourism-cloud/苏珊视频.mp4,,
维斯特灯光滑雪场（闭园中）,无等级,,滑雪,"情侣,家庭,单身贵族"
商业步行街（馕文化产业园）,AAA,,"文化旅游区,民族风情,展览演出,工业旅游示范基地,历史人文","商务,情侣,家庭"
喀尔苏沙漠,AA,https://file.daqsoft.com/uploadfile/server/wl-cloud/cultural-tourism-cloud/b53e4da4c34eddaa6ab9195c181267d2.mp4,"自然风景区,自然风光,沙漠","情侣,家庭,亲子"
叶河馕观苑,AAA,https://file.daqsoft.com/uploadfile/server/wl-cloud/cultural-tourism-cloud/lv_0_20210128190033_1611833255257.mp4,"文化旅游区,展览演出,美食体验,馕文化","老人,单身贵族,亲子"
古城景区,AAA,https://file.daqsoft.com/uploadfile/server/wl-cloud/cultural-tourism-cloud/b759174e293db0998e73aa5e40ca5c21.mp4,"文化旅游区,民族风情,历史人文","个人,情侣,亲子"
阿克苏地区拜城县康其湿地景区,AAAA,https://file.daqsoft.com/uploadfile/server/wl-cloud/cultural-tourism-cloud/视频_1606828034083.mp4,"自然风景区,赏花,避暑,红色文化","个人,情侣,家庭"
阿克苏地区文博院（博物馆）,AAAA,https://file.daqsoft.com/uploadfile/server/wl-cloud/cultural-tourism-cloud/阿克苏地区文博院（博物馆）宣传片.mp4,"深度探索,历史人文","个人,情侣,家庭"
六星街,无等级,,"文化旅游区,自然风景区,民族风情","个人,家庭,亲子"
那拉提国家湿地公园,AAAA,,"自然风景区,自然风光","个人,家庭,亲子"
温泉县博格达（圣泉）景区,AAAA,,"自然风景区,温泉,研学旅游基地,全域旅游示范区","情侣,家庭,单身贵族"
民俗文化村,无等级,,自然风景区,"情侣,家庭,亲子"
西域努尔加滑雪场,无等级,,"文化旅游区,自然风景区,滑雪,自然风光","个人,情侣,亲子"
阿合奇县柯尔克孜非遗小镇景区,AAA,,"文化旅游区,自然风景区,民族风情,自然风光,历史人文","个人,家庭,亲子"
和田地区洛浦县热瓦克佛寺遗址景区,AAA,,"文化旅游区,名胜古迹,历史人文",所有人群
塔城乌沙安集海大峡谷,AAA,,,
华录文化广场,AAA,,,
绢道影视城,AAA,,,
沙湾县千泉湖景区,AAA,,,
大盘美食城,AAA,,,
百泉镇白杨树村生态旅游度假区,AAA,,,
沙舟酒庄,AAA,,,
九间楼乡荷花池景区,AAA,,,
巴音沟景区,AAA,,,
九莲泉水景公园,AAA,,,
和布克赛尔国家湿地公园景区,AAA,,,
托里县生态园,AAA,,,
哈拉赛民俗景区,AA,,,
阿西尔达斡尔民族风情园,AA,,,
文化广场,AAA,,,
西部美食城,AAA,,,
红楼博物馆,AAA,,,
绿色科技示范采摘园,AA,,,
桃花岛景区,AA,,,
太极岛景区,AA,,,
库热旅游小镇,AA,,,
昭苏河谷次森林,AA,,,
玛热勒特村旅游区,AA,,,
阿克萨依民俗村旅游区,AA,,,
达力图民俗史馆,AA,,,
高原特色农业科技示范园,AA,,,
天马科技园,AA,,,
别斯喀拉盖生态旅游区,AA,,,
阿舍勒矿业景区,AAA,,工业旅游示范基地,
康庄生态园,AAA,,自然风景区,"个人,情侣,家庭"
红色达西村景区,AAA,,自然风景区,"个人,情侣,家庭"
东归生态公园景区,AAA,,自然风景区,"老人,个人,情侣"
五德玉苑风情园,AAA,,自然风景区,"个人,情侣,家庭"
乡都酒堡景区,AAA,,自然风景区,"个人,情侣,家庭"
北山森林公园景区,AAAA,,自然风景区,"个人,情侣,家庭"
怪石峪风景区,AAA,,,
库木塔格沙漠景区,AAAA,https://file.geeker.com.cn/uploadfile/server/wl-cloud/cultural-tourism-cloud/库木塔格宣传片改1.mp4,"自然风景区,博物馆,植物园,演出,自然风光","家庭,单身贵族,亲子"
车师酒庄景区,AAA,,工业旅游示范基地,"家庭,单身贵族,亲子"
农耕文化园旅游景区,AA,,自然风景区,"家庭,单身贵族,亲子"
毛主席像章陈列馆,AAA,,红色文化,"家庭,单身贵族,亲子"
达玛沟佛教文化遗址,AAAA,,"文化旅游区,博物馆,历史人文","家庭,单身贵族,亲子"
板兰格高山草原景区,AAAA,,自然风景区,"家庭,单身贵族,亲子"
新疆杜氏旅游度假区,无等级,https://file.geeker.com.cn/uploadfile/server/wl-cloud/cultural-tourism-cloud/3e06e1f315b9eef2c37cbf4ccc3bed65.mp4,"文化旅游区,水上乐园,亲子休闲,游船,主题乐园","家庭,亲子,老少皆宜"
吐峪沟景区,AAA,,"自然风景区,民族风情,深度探索","商务,个人,家庭"
楼兰酒庄景区,AAA,,工业旅游示范基地,"家庭,单身贵族,亲子"
塔提力克苏景区,AA,,,
和田市吉亚丽人艾特莱斯丝绸,AAA,,"文化旅游区,亲子休闲,民族风情","家庭,单身贵族,亲子"
红色记忆收藏馆,AA,,"文化旅游区,展览演出,红色文化","家庭,单身贵族,亲子"
欣明・南国城,AAA,,,"家庭,单身贵族,亲子"
六亩半手作文创园,无等级,,亲子休闲,"儿童,家庭,亲子"
雨泽旅游观赏园,无等级,,赏花,"家庭,单身贵族,亲子"
天地园,AAA,,,"家庭,单身贵族,亲子"
五彩湾古海温泉,AAA,,温泉,"家庭,单身贵族,亲子"
北庭园,AAA,,自然风景区,"家庭,单身贵族,亲子"
北庭故城,AAAA,,历史人文,"家庭,单身贵族,亲子"
马桥古城,无等级,,,"家庭,单身贵族,亲子"
狼塔古道,无等级,,,"家庭,单身贵族,亲子"
馨・天地景区,AAA,,,"家庭,单身贵族,亲子"
西域春,无等级,,,"家庭,单身贵族,亲子"
乡村葫芦园,无等级,,,"家庭,单身贵族,亲子"
大唐西域酒庄,AAA,,,"家庭,单身贵族,亲子"
百里丹霞,无等级,,,"家庭,单身贵族,亲子"
康家石门子景区,AAA,,"自然风景区,亲子休闲,自然风光,名胜古迹,历史人文","个人,家庭,亲子"
天鹅泉湿地公园,AAA,,"自然风景区,深度探索","家庭,单身贵族,亲子"
愉群翁乡花儿旅游区,AAA,,民族风情,"家庭,单身贵族,亲子"
托乎拉苏旅游风景区,AAAA,,自然风景区,"家庭,单身贵族,亲子"
伊帕尔汗薰衣草景区,AAAA,,"旅游度假区,工业旅游示范基地","家庭,单身贵族,亲子"
猎鹰之乡,无等级,https://file.geeker.com.cn/uploadfile/server/default/cultural-tourism-cloud/猎鹰.mp4,"自然风景区,历史人文",
卡伦遗址,无等级,https://file.geeker.com.cn/uploadfile/server/default/cultural-tourism-cloud/胡杨林  卡伦遗址.mp4,自然风光,
高原生态胡杨旅游景区,无等级,https://file.geeker.com.cn/uploadfile/server/default/cultural-tourism-cloud/胡杨林.mp4,自然风景区,
红山谷景区,无等级,https://file.geeker.com.cn/uploadfile/server/default/cultural-tourism-cloud/红山谷.mp4,自然风景区,
公格尔峰、公格尔九别峰,无等级,https://file.geeker.com.cn/uploadfile/server/default/cultural-tourism-cloud/公格尔峰―公格尔九别峰.mp4,自然风景区,
古海遗址贝壳山景区,无等级,https://file.geeker.com.cn/uploadfile/server/default/cultural-tourism-cloud/贝壳山.mp4,自然风光,
阿图什盐湖,无等级,https://file.geeker.com.cn/uploadfile/server/default/cultural-tourism-cloud/6_1588764366781.盐湖,,
奥依塔克风景区,无等级,,"自然风景区,自然风光","学生,个人"
乌鲁木齐海洋馆,AA,,"动物园,避暑,主题乐园","学生,情侣,家庭"
湿地古杨风景区,AAAA,,"自然风景区,亲子休闲,自然风光,森林公园,生态旅游示范区","家庭,单身贵族,亲子"
黑油山景区,AAAA,https://file.daqsoft.com/uploadfile/server/wl-cloud/cultural-tourism-cloud/大油泡30s.mp4,"文化旅游区,自然风景区,自然风光,红色文化,研学旅游基地","学生,家庭,亲子"
金沙滩旅游度假区,AAAA,,"文化旅游区,自然风景区,游船,避暑,旅游度假区","学生,情侣,亲子"
世纪园景区,AAAA,,"自然风景区,亲子休闲,自然风光","老人,个人,家庭"
克拉玛依河景区,AAAA,,自然风光,"情侣,家庭,亲子"
塔里木胡杨林公园,AAAA,,,
巴尔鲁克景区,AAAA,https://file.geeker.com.cn/uploadfile/server/test/cultural-tourism-cloud/裕民旅游宣传片5分钟版_1587529394157.mp4,自然风景区,"学生,个人,情侣"
天马文化园景区,AAAA,,"自然风光,历史人文","情侣,家庭,单身贵族"
伊犁河旅游风景区,AAAA,https://file.geeker.com.cn/uploadfile/server/test/cultural-tourism-cloud/伊犁河景区宣传片 (改).mp4,"自然风光,历史人文","情侣,家庭,亲子"
吉林台亲水游乐区,AAAA,,自然风光,"情侣,家庭,亲子"
唐布拉景区,AAAA,https://file.daqsoft.com/uploadfile/server/wl-cloud/cultural-tourism-cloud/旅游宣传片（终稿）.mpg,自然风光,"情侣,家庭,亲子"
图开沙漠景区,AAAA,,"自然风光,深度探索","情侣,家庭,亲子"
惠远古城景区,AAAA,,历史人文,
解忧公主薰衣草园,AAAA,,"自然风光,网红打卡","情侣,家庭,亲子"
高家湖湿地景区,AAAA,,自然风景区,"情侣,家庭,单身贵族"
白桦林国家湿地海洋公园景区,AAA,,自然风景区,"个人,情侣,家庭"
新疆特克斯离街民族风情步行街,AAA,,"网红打卡,深度探索,历史人文,小众秘境,美食体验",
乌鲁木齐市二道桥-新疆民俗风情街,AAA,,"文化旅游区,民族风情,美食体验","个人,情侣,家庭"
红光山景区,AAAA,,自然风景区,
红山公园,AAAA,,自然风光,"情侣,家庭,亲子"
新疆国际大巴扎景区（大巴扎步行街预约电话3013888）,AAAA,,"自然风光,网红打卡,深度探索","情侣,家庭,单身贵族"
苜蓿台生态公园（冬休闭园中）,AAAA,,"自然风光,网红打卡,深度探索","情侣,家庭,亲子"
水磨河景区,AAAA,,"自然风景区,旅游度假区","个人,情侣,家庭"
草原坎儿井景区,AAA,,自然风景区,"个人,情侣,家庭"
鸣沙山沙漠公园景区,AAA,,自然风景区,"个人,情侣,家庭"
奥依塔克冰川公园,AAAA,https://file.geeker.com.cn/uploadfile/server/default/cultural-tourism-cloud/克州冰川公园.mp4,"自然风景区,亲子休闲,自然风光,森林公园","商务,个人"
月亮地旅游景区,AAA,,"传统村落,民宿客栈","个人,情侣,家庭"
阳光滑雪场（闭园中）,无等级,,"滑雪,自然风光,避暑","情侣,家庭,亲子"
银峰滑雪场（闭园中）,无等级,,"自然风景区,滑雪,避暑",家庭
蓝天滑雪场（闭园中）,无等级,,"自然风景区,滑雪,避暑","情侣,家庭"
白云滑雪场（闭园中）,无等级,,滑雪,"情侣,家庭,亲子"
新疆亚洲大陆地理中心（冬休闭园中）,AAA,,"自然风光,历史人文","家庭,单身贵族,亲子"
西白杨沟（南山牧场）（冬休闭园）,AAA,,"自然风光,赏花踏青","情侣,家庭,亲子"
新疆丝绸之路国际度假区,AAAA,,"滑雪,亲子休闲,网红打卡","儿童,个人,家庭"
新疆塔城地区托里县生态园,AAA,,赏花踏青,"个人,家庭"
新疆西尔丹辣椒文化观光园（暂时闭园）,AA,,"文化旅游区,工业旅游示范基地",团体
水磨沟风景区,AAAA,,"自然风光,历史人文","情侣,家庭,亲子"
盐湖景区,AAA,,,"情侣,家庭"
高崖子天文台,无等级,,,"儿童,情侣,家庭"
怪榆谷磨河生态园景区,无等级,,"自然风景区,自然风光",
新疆第一窖古城酒业文化博物馆,AAA,https://file.geeker.com.cn/uploadfile/cultural-tourism-cloud/1586597300200/专题片定稿.mp4,博物馆,"学生,商务,老人"
奇台烈士陵园,AAA,,红色文化,"学生,老人,家庭"
中华碧玉园,AAAA,,"自然风景区,自然风光","老人,儿童,情侣"
玛纳斯国家湿地公园雁飞台景区,AAAA,,自然风景区,
江布拉克景区,AAAA,https://file.geeker.com.cn/uploadfile/cultural-tourism-cloud/1586590593234/江布拉克宣传片.mp4,"自然风光,网红打卡,深度探索,历史人文,小众秘境","情侣,家庭"
夏塔景区,AAAA,,"自然风光,森林公园,深度探索,历史人文,小众秘境","情侣,家庭,单身贵族"
水帘洞景区,AAA,,自然风景区,"学生,个人,家庭"
新疆中华福寿山景区,AAAA,,"自然风光,深度探索,历史人文","情侣,家庭,亲子"
昭苏湿地公园景区,AAAA,,自然风景区,"学生,老人,家庭"
安宁渠文旅小镇,无等级,,文化旅游区,"儿童,个人,家庭"
龙湖旅游区,AAAA,,自然风景区,"学生,个人,家庭"
库尔班・吐鲁木纪念馆,AAA,https://file.geeker.com.cn/uploadfile/cultural-tourism-cloud/1586578191528/库尔班・吐鲁木纪念馆.mp4,红色文化,"学生,老人,家庭"
城市公园（进藏先遣连纪念碑）,AA,,"自然风光,红色文化","学生,老人,家庭"
达瓦昆沙漠旅游风景区,AAAA,,"自然风光,网红打卡,深度探索,历史人文,小众秘境","情侣,家庭,亲子"
沙湾温泉旅游区,AAA,,"自然风景区,温泉,亲子休闲","老人,儿童,家庭"
圣佑庙景区,AAAA,,历史人文,"情侣,家庭,单身贵族"
奥布森生态观光园,AAA,,"自然风景区,亲子休闲,民族风情,避暑","老人,儿童,家庭"
格登山纪功碑景区,AA,,人文风景,"老人,儿童,家庭"
草原石人景区,AAA,,"自然风光,历史人文",
西域大巴扎特色旅游景区,AAA,,"文化旅游区,亲子休闲,民族风情","老人,儿童,家庭"
五江・天山温泉国际度假城,无等级,,"水上乐园,亲子休闲","商务,情侣,家庭"
王母桃园景区,AAA,,亲子休闲,"老人,儿童,家庭"
碧琳城旅游小镇,AAA,,"文化旅游区,亲子休闲,避暑","老人,儿童,家庭"
乌苏市古尔图百里画廊,AAA,,"文化旅游区,自然风景区,民族风情,自然风光,旅游度假区","学生,商务,老人"
乌苏啤酒小镇,无等级,,"文化旅游区,旅游度假区,文旅小镇","学生,商务,老人"
乌苏市克孜加尔湖,无等级,,"自然风景区,自然风光,旅游度假区","个人,情侣,家庭"
乌苏市古尔图武侠驿站,AAA,,"自然风景区,自然风光,旅游度假区","老人,儿童,家庭"
乌鲁木齐市烈士陵园,AAA,,历史人文,
香海酒庄,AAA,,文化旅游区,"个人,情侣,家庭"
西海公园,AAA,,"自然风景区,自然风光","个人,情侣,家庭"
克一号井景区,无等级,https://file.daqsoft.com/uploadfile/server/wl-cloud/cultural-tourism-cloud/大油泡角标字幕版.mp4,"文化旅游区,研学旅游基地,工业旅游示范基地","老人,儿童,家庭"
乌苏市泥火山,AAA,,"文化旅游区,自然风景区,自然风光,森林公园,旅游度假区","老人,儿童,家庭"
乌苏佛山国家森林公园,AAAA,,"文化旅游区,自然风景区,自然风光,森林公园,旅游度假区","学生,商务,老人"
百里油区景区,AAA,,"文化旅游区,研学旅游基地,工业旅游示范基地","老人,儿童,家庭"
阿勒泰塘巴湖景区,AA,,"自然风景区,自然风光,游船","儿童,情侣,家庭"
唐安西大都护府文化园,AAA,,"文化旅游区,名胜古迹,网红打卡,研学旅游基地,历史人文","学生,老人,家庭"
汉西域都护府文化园,AAA,,"名胜古迹,网红打卡,旅游度假区,研学旅游基地,历史人文","学生,家庭,亲子"
泉域星空国际滑雪场,AAA,https://file.geeker.com.cn/cultural-tourism-cloud/1586334105395/滑雪场开业照.mp4,"滑雪,水上乐园,亲子休闲,自然风光,主题乐园","学生,情侣,家庭"
燕泉山景区,AAAA,,"文化旅游区,自然风景区,自然风光,旅游度假区","学生,商务,老人"
沙棘林湿地景区,AAAA,https://file.daqsoft.com/uploadfile/server/wl-cloud/cultural-tourism-cloud/96bd6eba59e25cb709d766c12e6b8597.mp4,"文化旅游区,自然风景区,自然风光,森林公园,旅游度假区","学生,商务,老人"
燕景神木源景区,AAA,,"文化旅游区,自然风景区,亲子休闲","儿童,情侣,家庭"
柴窝堡湖国家湿地公园,无等级,,"自然风景区,自然风光,森林公园","老人,儿童,家庭"
高老庄西游乐园景区,AA,,"文化旅游区,自然风景区,民族风情,自然风光,旅游度假区","学生,商务,老人"
天山托木尔平台子景区,AAA,,"文化旅游区,自然风景区,民族风情,自然风光,旅游度假区","老人,儿童,家庭"
帕克勒克景区,AAA,,"文化旅游区,水上乐园,旅游度假区","学生,商务,家庭"
海立方欢乐海世界景区,AAA,,"文化旅游区,自然风景区,水上乐园,亲子休闲,旅游度假区","儿童,情侣,家庭"
沙雁洲景区,AAAA,,"文化旅游区,自然风景区,自然风光,旅游度假区","学生,商务,老人"
巴楚红海景区,AAAA,https://file.geeker.com.cn/uploadfile/server/test/cultural-tourism-cloud/巴楚5A申报片~1.mp4,"自然风景区,水上乐园,亲子休闲,民族风情,展览演出","情侣,家庭,亲子"
甬库团结村景区,AAA,,"文化旅游区,自然风景区,民族风情,自然风光","老人,儿童,家庭"
库车浙商世贸城景区,无等级,,"文化旅游区,自然风景区,民族风情,自然风光,旅游度假区","商务,个人,家庭"
浙商商贸城,AAA,,"自然风景区,民族风情,自然风光,旅游度假区","学生,商务,老人"
龟兹绿洲生态园,AAAA,,"文化旅游区,自然风景区,自然风光,旅游度假区,生态旅游示范区","学生,商务,老人"
天山神秘大峡谷,AAAA,,"自然风光,网红打卡,深度探索,历史人文,小众秘境","情侣,家庭,亲子"
柯坪县人民公园,AA,,"文化旅游区,自然风景区,自然风光,旅游度假区","老人,儿童,家庭"
克拉玛依乌尔禾大秦帝国影视城,AAA,,"自然风景区,亲子休闲,自然风光","学生,商务,家庭"
拜城铁热克温泉,AAA,https://file.geeker.com.cn/cultural-tourism-cloud/1586252260572/拜城温泉度假区（成片20秒）.mp4,"文化旅游区,自然风景区,温泉,自然风光,旅游度假区","商务,老人,儿童"
克孜尔石窟,AAAA,,"深度探索,历史人文","家庭,单身贵族,亲子"
红石林自然景区,无等级,,"文化旅游区,自然风景区,民族风情,自然风光,旅游度假区","学生,老人,家庭"
乌孙古道天堂湖,无等级,,"自然风景区,民族风情,自然风光,旅游度假区","学生,商务,家庭"
江格尔文化园,AAA,,"文化旅游区,民族风情","个人,情侣,家庭"
刀郎部落景区,AAAA,https://file.geeker.com.cn/uploadfile/server/test/cultural-tourism-cloud/[美丽中国乡村行]美丽中国新疆行--奇香来自能歌善舞的阿瓦提20180814~1_1587468246269.mp4,"文化旅游区,自然风景区,民族风情,自然风光,旅游度假区","学生,老人,儿童"
东归文化园,AAA,,"文化旅游区,民族风情","个人,情侣,家庭"
五百里・风情街,AAA,https://file.geeker.com.cn/cultural-tourism-cloud/1586244189053/19宣传片 2.mp4,"文化旅游区,亲子休闲,民族风情,网红打卡","老人,情侣,家庭"
阿勒泰市桦林公园,AAAA,,"自然风景区,自然风光,森林公园","老人,儿童,家庭"
戈宝红麻花海景区,AAA,,"自然风景区,赏花","老人,儿童,家庭"
克州三千年风情街,AAA,https://file.geeker.com.cn/uploadfile/cultural-tourism-cloud/1586234035387/三千年风情街宣传片.MP4,自然风景区,"个人,情侣,家庭"
多浪河景观带,AAAA,,"文化旅游区,自然风景区,自然风光,旅游度假区,生态旅游示范区","学生,老人,儿童"
阿克苏国家湿地公园,AAAA,,"文化旅游区,自然风景区,自然风光,森林公园,生态旅游示范区","学生,老人,儿童"
百杏生态园旅游景区,AAA,,"自然风景区,亲子休闲,自然风光","学生,老人,家庭"
玉其塔什草原风景区,无等级,https://file.geeker.com.cn/uploadfile/server/default/cultural-tourism-cloud/玉其塔什草原.mp4,"自然风景区,亲子休闲,自然风光","学生,商务,家庭"
台藏塔,无等级,,文化旅游区,"儿童,个人,情侣"
火焰山景区(4A级),AAAA,,"自然风光,网红打卡,深度探索,历史人文,小众秘境","情侣,家庭,亲子"
高昌故城,无等级,,文化旅游区,"老人,儿童"
阿斯塔那古墓,无等级,,文化旅游区,"老人,儿童"
白沙山沙漠景区,AA,https://file.geeker.com.cn/cultural-tourism-cloud/1586166928802/抖音小视频.mp4,"自然风景区,自然风光","儿童,情侣,家庭"
阿图什阳光绿州生态园,AAA,,"自然风景区,自然风光","学生,老人,情侣"
坎儿井传承区,无等级,,"文化旅游区,自然风景区,红色文化","老人,儿童,家庭"
阿图什市南湖公园  ,AAA,,自然风景区,"老人,儿童,个人"
吐鲁番沙漠植物园,无等级,,自然风景区,"学生,个人,情侣"
阿图什天门景区,AAA,https://file.geeker.com.cn/uploadfile/server/default/cultural-tourism-cloud/天门.mp4,"自然风光,深度探索","家庭,单身贵族,亲子"
苏公塔,无等级,,,"老人,儿童"
和田市昆仑湖公园,AAA,,"文化旅游区,自然风景区,水上乐园,民族风情,自然风光",
布尔津七里滩渔村,AAA,,"自然风景区,亲子休闲,自然风光","老人,儿童,家庭"
阿图什怪柳林景区,AAA,https://file.geeker.com.cn/uploadfile/server/default/cultural-tourism-cloud/怪柳林仙木园.mp4,自然风景区,"学生,个人,家庭"
阿山鹿王文化苑度假村,AAA,,"文化旅游区,亲子休闲,旅游度假区","老人,儿童,家庭"
五彩滩景区,AAAA,https://file.geeker.com.cn/uploadfile/server/test/cultural-tourism-cloud/五彩滩~1.mp4,网红打卡,
植物园,AAA,https://file.daqsoft.com/uploadfile/server/wl-cloud/cultural-tourism-cloud/（高新区）1.夏季植物园.mp4,"植物园,自然风光,赏花踏青","情侣,家庭,亲子"
阿贡盖提草原石人哈萨克民族文化园,AAAA,,"名胜古迹,网红打卡,深度探索,历史人文","家庭,单身贵族,亲子"
中俄老码头风情园景区,AAAA,,"自然风光,历史人文,美食体验","家庭,单身贵族,亲子"
新疆古生态园,无等级,,"文化旅游区,自然风景区,动物园,网红打卡,研学旅游基地","个人,情侣,家庭"
额德克红叶林景区,无等级,,"自然风景区,自然风光","学生,情侣,家庭"
哈龙沟景区,AAA,,"自然风景区,自然风光","商务,儿童,情侣"
阿拉山口市艾比湖,无等级,,"自然风景区,亲子休闲,自然风光","学生,家庭"
阿拉山口国门,无等级,,"文化旅游区,自然风景区","学生,老人,家庭"
阿拉山口边境旅游区,AAAA,,"自然风景区,自然风光","学生,家庭"
白桦林景区,AAAA,https://file.daqsoft.com/uploadfile/server/wl-cloud/cultural-tourism-cloud/白桦林倒春寒短片 成品2.MP4,"自然风景区,自然风光","儿童,个人,情侣"
馕文化产业园,无等级,https://file.geeker.com.cn/cultural-tourism-cloud/1586148005703/馕文化产业园宣传片.mp4,"文化旅游区,博物馆,网红打卡","个人,情侣,家庭"
红湾花海,AA,,自然风景区,"老人,情侣,家庭"
哈密红军西路军进疆纪念园,AA,,红色文化,"家庭,单身贵族,亲子"
乌伦古湖海上魔鬼城景区,AAA,https://file.geeker.com.cn/uploadfile/cultural-tourism-cloud/1586147345381/激情浪漫 福海黄金海岸.mp4,"自然风光,网红打卡,历史人文","老人,情侣,家庭"
二堡塔库坎儿井,AA,,历史人文,"家庭,单身贵族,亲子"
哈密王府景区,AAAA,,历史人文,"家庭,单身贵族,亲子"
哈密大海道雅丹景区,AAAA,,"自然风光,研学旅游基地,省级科技旅游基地,深度探索,小众秘境","情侣,家庭,单身贵族"
核桃七仙园景区,AAA,,"自然风景区,植物园","老人,个人,家庭"
新雅艺术花园酒庄,AAA,,工业旅游示范基地,"商务,情侣,家庭"
金色年华度假村,AAA,,"自然风景区,亲子休闲","情侣,家庭,单身贵族"
哈密贡瓜园景区,AAA,,自然风景区,"情侣,家庭,单身贵族"
东天山风景名胜区,AAAA,,自然风光,"家庭,单身贵族,亲子"
幻彩湖,无等级,,"文化旅游区,自然风景区,自然风光,旅游度假区","个人,情侣,家庭"
伊水园景区,AAA,,"自然风景区,历史人文","家庭,单身贵族,亲子"
伊吾胡杨林景区,AAAA,https://file.geeker.com.cn/uploadfile/server/wl-cloud/cultural-tourism-cloud/伊吾胡杨林视频.mp4,"自然风景区,自然风光,红色文化,美食体验","老人,儿童,情侣"
塔城市文化广场,A,,"文化旅游区,亲子休闲,民族风情","老人,儿童"
野核桃沟景区,AAAA,,自然风光,"情侣,家庭,单身贵族"
巴克图中哈边民互市景区,AAA,,"亲子休闲,民族风情,红色文化","个人,情侣,家庭"
库尔德宁景区,AAAA,,"自然风光,深度探索,历史人文","学生,情侣,家庭"
沙海碧湖旅游景区,AA,,"文化旅游区,自然风光","商务,老人,情侣"
哈尔墩民族团结旅游示范区,AAA,,民族风情,"个人,情侣,家庭"
巴里坤湖景区,AAAA,,民族风情,"老人,儿童,情侣"
策勒人文生态旅游园,AA,,"自然风景区,赏花踏青","儿童,个人,情侣"
巴里坤古城景区,AAAA,,"文化旅游区,自然风景区,名胜古迹","老人,儿童,个人"
阿西尔乡达斡尔风情园,AA,,"亲子休闲,民族风情,自然风光","个人,情侣,家庭"
新疆喀什香妃园景区,AAAA,,"文化旅游区,民族风情","老人,情侣,家庭"
西域生态庄园,AAA,,"自然风景区,民族风情,旅游度假区","老人,儿童,家庭"
喀什市骑仕大观园,AAA,,,"老人,家庭"
盘橐城,AA,,"文化旅游区,亲子休闲,旅游度假区","学生,老人,家庭"
吉木乃龙珠山地道,AAA,,红色文化,"学生,老人,家庭"
喀什中西亚国际贸易市场,AAA,,"自然风光,深度探索,历史人文,美食体验","情侣,家庭,单身贵族"
雅玛里克山,无等级,https://file.geeker.com.cn/cultural-tourism-cloud/1586068089270/乌鲁木齐市沙依巴克区雅山晨曦.MOV,自然风景区,"个人,情侣,家庭"
西山老君庙,无等级,,主题乐园,"家庭,单身贵族,亲子"
人民公园,AAA,,"自然风光,历史人文","情侣,家庭,单身贵族"
儿童公园,AAA,,主题乐园,"儿童,情侣,家庭"
和田玉文化创意产业园（暂时闭园）,AA,https://file.geeker.com.cn/uploadfile/cultural-tourism-cloud/1586066416286/乌鲁木齐市沙依巴克区诚和和田玉.mp4,"文化旅游区,展览演出","个人,情侣,家庭"
吉木乃口岸,AAA,,"自然风光,历史人文","老人,情侣,家庭"
喀什市和田玉雕刻展览馆,AA,,,"商务,老人,家庭"
野果林景区,AAA,https://file.geeker.com.cn/uploadfile/cultural-tourism-cloud/1586064076968/野果林宣传片.mp4,"自然风景区,亲子休闲,自然风光","老人,儿童,家庭"
阿其克乡千山河谷景区,AAA,,"自然风景区,自然风光","儿童,家庭,所有人群"
吉木乃草原石城,AAAA,,"自然风景区,民族风情,自然风光,历史人文","老人,情侣,家庭"
白水涧古镇,无等级,,自然风景区,"个人,情侣,家庭"
福乐智慧园,AA,,"文化旅游区,名人之墓","老人,儿童,家庭"
锡伯民族博物院（锡伯古城景区）,AAAA,https://file.geeker.com.cn/cultural-tourism-cloud/1586073877061/格式工厂锡伯古城.mp4,,"学生,情侣,家庭"
平安敖包景区,AA,,"文化旅游区,民族风情,历史人文",所有人群
滨河风景区,AAA,,"植物园,水上乐园,亲子休闲,赏花踏青,美食体验",所有人群
巴音阿门景区,AAA,,"自然风景区,民族风情,自然风光,避暑,美食体验",所有人群
大巴扎・天域城,无等级,,文化旅游区,
宗朗灵泉景区,AAAA,https://file.geeker.com.cn/uploadfile/cultural-tourism-cloud/1586074583681/万柳之宗 泉缘福地（宗郎）.mp4,自然风景区,
锡提亚谜城景区,AAA,,"文化旅游区,自然风光,历史人文","商务,老人,家庭"
鄂托克赛尔天泉景区,AAAA,,"自然风景区,温泉","学生,家庭,亲子"
冷水鱼公园,AAA,,"自然风光,避暑,网红打卡,深度探索,美食体验","商务,家庭,亲子"
阿敦乔鲁景区,AAA,,"文化旅游区,自然风景区,民族风情,名胜古迹,历史人文","学生,情侣,亲子"
和田夜市,AAA,,,
和田市玉都城景区,AAA,,"文化旅游区,自然风光","儿童,个人,情侣"
和田市动物园,AAA,,"动物园,亲子休闲","儿童,个人,情侣"
大漠湖杨生态景区,AAA,,"亲子休闲,自然风光","老人,儿童,个人"
坡拢原始森林景区,AAA,,"自然风景区,自然风光,森林公园","情侣,家庭,亲子"
木雕村景区,AA,,"文化旅游区,自然风景区,民族风情,旅游度假区","学生,老人,个人"
喀赞其民俗旅游区,AAAA,,"文化旅游区,亲子休闲,民族风情,避暑,生态旅游示范区","老人,情侣,家庭"
叶尔羌国家湿地公园,AAA,https://file.daqsoft.com/uploadfile/server/wl-cloud/cultural-tourism-cloud/旅游宣传片.mpg,"亲子休闲,自然风光,湿地","个人,情侣,家庭"
达瓦孜艺术传承中心,AA,,"文化旅游区,旅游度假区","学生,老人,个人"
刀郎文化广场旅游景区,AAA,,亲子休闲,"老人,儿童"
土陶村景区,AA,https://file.geeker.com.cn/uploadfile/cultural-tourism-cloud/1585988995331/英吉沙县土陶村宣传片水.mp4,"文化旅游区,自然风光","学生,老人,个人"
世界和平公园景区,AAA,,,"老人,儿童"
小刀村景区,AA,,自然风光,"学生,老人,家庭"
刀郎乡里旅游景区,AAA,,,"学生,老人,儿童"
穆孜鲁克湿地公园,AAA,https://file.geeker.com.cn/cultural-tourism-cloud/1585978423968/6.1英吉沙县国家湿地公园.mp4,"自然风景区,自然风光,湿地","老人,儿童,家庭"
香妃湖花卉庄园景区,AAA,,"水上乐园,亲子休闲,自然风光","老人,儿童,家庭"
刀郎画乡旅游景区,AAAA,,文化旅游区,"学生,老人,儿童"
英吉沙南湖旅游度假区,AAAA,https://file.geeker.com.cn/uploadfile/cultural-tourism-cloud/1585975931010/国家非物质文化遗产英吉沙小刀.mp4,"文化旅游区,自然风景区,自然风光","学生,情侣,家庭"
牙甫泉沙疗滑雪中心景区,AAA,,滑雪,
张骞公园景区,AAA,,自然风光,"商务,情侣,家庭"
博格达尔圣泉景区,AAAA,https://file.daqsoft.com/uploadfile/server/wl-cloud/cultural-tourism-cloud/温泉县宣传视频.mp4,"温泉,民族风情,自然风光,名胜古迹,避暑","老人,情侣,亲子"
可可托海国家矿山公园景区,AAAA,https://file.daqsoft.com/uploadfile/server/wl-cloud/cultural-tourism-cloud/可可托海国家矿山公园景区宣传片.mov,"自然风光,红色文化,历史人文","情侣,家庭,亲子"
阿尔泰山可可托海国际滑雪场,无等级,https://file.daqsoft.com/uploadfile/server/wl-cloud/cultural-tourism-cloud/可可托海国际滑雪场4分版本4K版.mp4,"滑雪,旅游度假区","情侣,家庭,亲子"
赛马场,AAA,,"文化旅游区,动物园","儿童,家庭,亲子"
塔拉特民俗村景区(额河第一村),AAA,,"亲子休闲,民族风情,自然风光,旅游度假区","老人,家庭,亲子"
富蕴县滨河景区,AAAA,https://file.daqsoft.com/uploadfile/server/wl-cloud/cultural-tourism-cloud/滨河短视频.mp4,"亲子休闲,自然风光,赏花踏青,避暑,灯会","家庭,亲子"
中哈霍尔果斯国际边境合作中心,无等级,,"文化旅游区,民族风情","情侣,家庭,亲子"
黄庙景区,AAAA,,"自然风光,深度探索,历史人文,小众秘境,美食体验","情侣,家庭,亲子"
霍拉山丝路古村景区,AAAA,,,"个人,情侣,家庭"
巩乃斯景区,AAAA,https://file.geeker.com.cn/uploadfile/server/test/cultural-tourism-cloud/4f447b452b5dc75e033c41596aee70a8.mp4,"自然风景区,游船,避暑","商务,个人,情侣"
青龙湖景区,AA,,自然风景区,"学生,情侣,家庭"
大小清河森林公园,AAA,,"自然风景区,森林公园","学生,情侣,家庭"
青格里狼山景区,AAA,,自然风景区,"学生,家庭"
三道海子景区,AAAA,,自然风景区,"情侣,家庭"
塔克什肯口岸景区,AAA,,民族风情,"个人,家庭"
天鹅河景区,AAAA,https://file.geeker.com.cn/uploadfile/server/test/cultural-tourism-cloud/天鹅河景区宣传片（高清）.mp4,"自然风景区,水上乐园,亲子休闲,自然风光","老人,情侣,家庭"
乌伦古湖金海岸景区,AAAA,,自然风光,"情侣,家庭,亲子"
小绿谷水景公园,无等级,,"赏花,自然风光,赏花踏青,避暑,灯光秀","儿童,个人,家庭"
罗布人村寨景区,AAAA,,"自然风光,网红打卡,历史人文","情侣,家庭,亲子"
新疆维吾尔自治区博物馆（暂时闭馆）,AAAA,,"文化旅游区,展览演出,主题乐园","学生,儿童,家庭"
新疆南山南滑雪场,无等级,,"自然风景区,滑雪,避暑","学生,情侣,家庭"
雪岭鹰谷（冬休闭园）,AA,,"自然风景区,避暑,森林公园","学生,情侣,家庭"
新疆华联现代农业科技示范园（暂时闭园中）,AA,,"植物园,赏花踏青,避暑","学生,情侣,家庭"
乌鲁木齐水上乐园,AA,,"水上乐园,游船,避暑,主题乐园","儿童,情侣,家庭"
中科院新疆生地所标本馆（暂时闭馆）,AA,,"文化旅游区,展览演出,主题乐园","学生,儿童,家庭"
乌鲁木齐市儿童公园,AAA,,"亲子休闲,避暑,主题乐园","学生,儿童,家庭"
