台式机,京品电脑联想(Lenovo)天逸510S英特尔酷睿i5个人商务台式机电脑整机(12代i5-12400 16G 1T+256G SSDwifi win11)23英寸,4369.00,电脑配置12代，显示器大小合适，机身小巧，时尚，操作系统较新。用来家用非常合适。京东自营买东西就是让人放心，物流非常快。,2022-03-01 11:03:42,5
台式机,京品电脑联想(Lenovo)天逸510S英特尔酷睿i5个人商务台式机电脑整机(12代i5-12400 16G 1T+256G SSDwifi win11)23英寸,4369.00,物流很快快递小哥送货很快联想大品牌电脑小巧精致新款配置也高给家里长辈用足够了,2022-02-07 14:00:44,5
台式机,京品电脑联想(Lenovo)天逸510S英特尔酷睿i5个人商务台式机电脑整机(12代i5-12400 16G 1T+256G SSDwifi win11)23英寸,4369.00,机箱外观：漂亮性能配置：很快，我之前的笔记本电脑4千多的去面买的和这货真的没法比，差太多了散热性能：用了一会感觉不怎么色跑分评测：满意，爱了爱了，希望会一直这样就哈哈笑了,2022-02-08 19:38:39,5
台式机,京品电脑联想(Lenovo)天逸510S英特尔酷睿i5个人商务台式机电脑整机(12代i5-12400 16G 1T+256G SSDwifi win11)23英寸,4369.00,机箱外观：小巧简约看起来很秀气性能配置：12代i5核显日常刷刷网页看看视频完全没问题win11刚用有点不适应内存3200赫兹三星的散热性能：风扇刚开机声音大一点一会声音就小了很不错其他特色：非常不错的购物体验,2022-01-28 14:54:34,5
台式机,京品电脑联想(Lenovo)天逸510S英特尔酷睿i5个人商务台式机电脑整机(12代i5-12400 16G 1T+256G SSDwifi win11)23英寸,4369.00,京东快递很给力，第二天就收到了。我立马安装，开机启动，速度真是快啊，开机大约5秒，真是太快了，非常给力。上网试试，画面清晰，一点也不卡顿，主机自带WIFI，不用连接网线，很方便。主机非常小，一点也不占用空间，这台电脑，我是太喜欢了。,2022-04-06 19:00:15,5
台式机,京品电脑联想(Lenovo)天逸510S英特尔酷睿i5个人商务台式机电脑整机(12代i5-12400 16G 1T+256G SSDwifi win11)23英寸,4369.00,机箱外观：小巧精致，十分可爱，声音很小，没有杂音性能配置：配置家用足够了，运营流畅，一点都不卡，win11的系统还不太用的习惯，但是很流畅，非常喜欢，用的不错,2022-02-11 08:15:26,5
台式机,京品电脑联想(Lenovo)天逸510S英特尔酷睿i5个人商务台式机电脑整机(12代i5-12400 16G 1T+256G SSDwifi win11)23英寸,4369.00,机箱非常小巧，不占用太多地方，随意摆放。声音很小很安静，几乎没啥声音。键盘舒服好用，配置到位，速度很快，win11的系统习惯后还是很好用的，总之颜值很高，性能很好，价格也合适,2022-04-13 15:46:10,5
台式机,京品电脑联想(Lenovo)天逸510S英特尔酷睿i5个人商务台式机电脑整机(12代i5-12400 16G 1T+256G SSDwifi win11)23英寸,4369.00,电脑小白叫老师帮忙选的电脑，特别是主机小巧不会很重，颜色很好看喜欢?，不过还没开机激活系统。不知道运行系统主机散热怎样？,2022-02-28 21:10:35,5
台式机,京品电脑联想(Lenovo)天逸510S英特尔酷睿i5个人商务台式机电脑整机(12代i5-12400 16G 1T+256G SSDwifi win11)23英寸,4369.00,送货速度快，主机小巧可爱，开机5秒，速度特快，给孩子买来上网课用的，配置足够，自带正版的windows11和office，非常方便，接上线就可以用了，孩子非常喜欢,2022-03-01 08:47:36,5
台式机,京品电脑联想(Lenovo)天逸510S英特尔酷睿i5个人商务台式机电脑整机(12代i5-12400 16G 1T+256G SSDwifi win11)23英寸,4369.00,今天安装好了电脑，感觉特别好，速度快，机箱外观小巧漂亮，安装简单不错，店家送的鼠标感觉不太好用，用我的无限鼠标更好上手！只是显示器的安装怎么也到不了位,2022-04-03 23:01:11,5
台式机,京品电脑联想(Lenovo)天逸510S英特尔酷睿i5个人商务台式机电脑整机(12代i5-12400 16G 1T+256G SSDwifi win11)23英寸,4369.00,非常小巧的机箱，用了一下午，电脑很安静，要更新一下相关补丁，速度会快一点，总得使用感受还可以，开始不是很习惯win11，用了一下午以后就习惯了随着win11的完善估计会越来越好用，另外给客服点个赞，非常有耐心指导了分区还有一些问题也给解答了。,2022-04-17 19:50:33,5
台式机,京品电脑联想(Lenovo)天逸510S英特尔酷睿i5个人商务台式机电脑整机(12代i5-12400 16G 1T+256G SSDwifi win11)23英寸,4369.00,哇，新机太棒了吧！运行流畅，也很安静，界面清晰，蓝牙接音箱也很好用，无线wifi网速不错，小机箱也很可爱，放桌上节省空间！售后服务也很nice！希望一直都是这么棒棒的！,2022-02-23 17:27:53,5
台式机,京品电脑联想(Lenovo)天逸510S英特尔酷睿i5个人商务台式机电脑整机(12代i5-12400 16G 1T+256G SSDwifi win11)23英寸,4369.00,主机性能强悍，搭载最新12代i5，家用办公绰绰有余，机身小巧，接口丰富，性价比贼高，快递也是特别快，从下单到我手上只有不到十个小时，特别满意的购物,2022-02-17 17:05:10,5
台式机,京品电脑联想(Lenovo)天逸510S英特尔酷睿i5个人商务台式机电脑整机(12代i5-12400 16G 1T+256G SSDwifi win11)23英寸,4369.00,超迷你机箱，超薄显示屏，大品牌就是不一样，喜欢，12代I5，不是一般的快，双硬盘大容量，怎么也用不完。很满意~~~~~~,2022-02-15 12:04:35,5
台式机,京品电脑联想(Lenovo)天逸510S英特尔酷睿i5个人商务台式机电脑整机(12代i5-12400 16G 1T+256G SSDwifi win11)23英寸,4369.00,联想老牌子，值得信赖，速度很快，机箱很小巧，外观很好看，基本没什么声音，中间黑屏了一次，找客服咨询很热情帮忙解答，找售后第一时间派技术员****，给联想售后点赞，解决了我们后顾之忧。,2022-03-31 14:22:04,5
台式机,京品电脑联想(Lenovo)天逸510S英特尔酷睿i5个人商务台式机电脑整机(12代i5-12400 16G 1T+256G SSDwifi win11)23英寸,4369.00,12代酷睿处理器性能强悍，电脑反应速度很快，主机体积小巧不占空间，配合最新的win11系统家用办公绰绰有余。,2022-02-26 12:16:57,5
台式机,京品电脑联想(Lenovo)天逸510S英特尔酷睿i5个人商务台式机电脑整机(12代i5-12400 16G 1T+256G SSDwifi win11)23英寸,4369.00,价格合理，商业办公很理想,2018-12-06 22:28:33,3
台式机,京品电脑联想(Lenovo)天逸510S英特尔酷睿i5个人商务台式机电脑整机(12代i5-12400 16G 1T+256G SSDwifi win11)23英寸,4369.00,主机真的好小，很意外，安装很简单，电脑小白也可以了，用的咋样暂时不知，用着看吧^0^?还很意外的是，买主机带键盘和鼠标。但是买主机只有电源线，需要连自己的显示屏，自己要准备好线。,2022-03-13 09:54:51,5
台式机,京品电脑联想(Lenovo)天逸510S英特尔酷睿i5个人商务台式机电脑整机(12代i5-12400 16G 1T+256G SSDwifi win11)23英寸,4369.00,机箱外观：小巧精致性能配置：流畅丝滑散热性能：不易发热因为还是用不太惯苹果，所以想买个微软系统的用，因为不用于外带，是放在家里的，正好家里有个闲置的显示器，就在同事推荐下买了这个主机，拿到手真的很惊喜，非常小巧精致，简单连接就按提示激活，使用感太棒了，送的键盘和鼠标也不错，虽然是有线的。,2022-02-13 02:05:57,5
台式机,京品电脑联想(Lenovo)天逸510S英特尔酷睿i5个人商务台式机电脑整机(12代i5-12400 16G 1T+256G SSDwifi win11)23英寸,4369.00,该款台式机性价比极高，配置十分好，简洁大方，机箱小，屏幕大，速度超快；关键是质量有保证，客服服务特别热心，态度非常好，没有解决的问题。联想也是世界第一大品牌；京东的平台也特别棒，到货速度快，自己十分满意！！！,2022-02-07 15:43:44,5
台式机,联想(Lenovo)天逸510S英特尔酷睿i3个人商务台式机电脑整机(12代i3-12100 8G 1T+256G SSD win11)21.45英寸,3299.00,电脑配置12代，显示器大小合适，机身小巧，时尚，操作系统较新。用来家用非常合适。京东自营买东西就是让人放心，物流非常快。,2022-03-01 11:03:42,5
台式机,联想(Lenovo)天逸510S英特尔酷睿i3个人商务台式机电脑整机(12代i3-12100 8G 1T+256G SSD win11)21.45英寸,3299.00,物流很快快递小哥送货很快联想大品牌电脑小巧精致新款配置也高给家里长辈用足够了,2022-02-07 14:00:44,5
台式机,联想(Lenovo)天逸510S英特尔酷睿i3个人商务台式机电脑整机(12代i3-12100 8G 1T+256G SSD win11)21.45英寸,3299.00,机箱外观：漂亮性能配置：很快，我之前的笔记本电脑4千多的去面买的和这货真的没法比，差太多了散热性能：用了一会感觉不怎么色跑分评测：满意，爱了爱了，希望会一直这样就哈哈笑了,2022-02-08 19:38:39,5
台式机,联想(Lenovo)天逸510S英特尔酷睿i3个人商务台式机电脑整机(12代i3-12100 8G 1T+256G SSD win11)21.45英寸,3299.00,机箱外观：小巧简约看起来很秀气性能配置：12代i5核显日常刷刷网页看看视频完全没问题win11刚用有点不适应内存3200赫兹三星的散热性能：风扇刚开机声音大一点一会声音就小了很不错其他特色：非常不错的购物体验,2022-01-28 14:54:34,5
台式机,联想(Lenovo)天逸510S英特尔酷睿i3个人商务台式机电脑整机(12代i3-12100 8G 1T+256G SSD win11)21.45英寸,3299.00,京东快递很给力，第二天就收到了。我立马安装，开机启动，速度真是快啊，开机大约5秒，真是太快了，非常给力。上网试试，画面清晰，一点也不卡顿，主机自带WIFI，不用连接网线，很方便。主机非常小，一点也不占用空间，这台电脑，我是太喜欢了。,2022-04-06 19:00:15,5
台式机,联想(Lenovo)天逸510S英特尔酷睿i3个人商务台式机电脑整机(12代i3-12100 8G 1T+256G SSD win11)21.45英寸,3299.00,机箱外观：小巧精致，十分可爱，声音很小，没有杂音性能配置：配置家用足够了，运营流畅，一点都不卡，win11的系统还不太用的习惯，但是很流畅，非常喜欢，用的不错,2022-02-11 08:15:26,5
台式机,联想(Lenovo)天逸510S英特尔酷睿i3个人商务台式机电脑整机(12代i3-12100 8G 1T+256G SSD win11)21.45英寸,3299.00,机箱非常小巧，不占用太多地方，随意摆放。声音很小很安静，几乎没啥声音。键盘舒服好用，配置到位，速度很快，win11的系统习惯后还是很好用的，总之颜值很高，性能很好，价格也合适,2022-04-13 15:46:10,5
台式机,联想(Lenovo)天逸510S英特尔酷睿i3个人商务台式机电脑整机(12代i3-12100 8G 1T+256G SSD win11)21.45英寸,3299.00,电脑小白叫老师帮忙选的电脑，特别是主机小巧不会很重，颜色很好看喜欢?，不过还没开机激活系统。不知道运行系统主机散热怎样？,2022-02-28 21:10:35,5
台式机,联想(Lenovo)天逸510S英特尔酷睿i3个人商务台式机电脑整机(12代i3-12100 8G 1T+256G SSD win11)21.45英寸,3299.00,送货速度快，主机小巧可爱，开机5秒，速度特快，给孩子买来上网课用的，配置足够，自带正版的windows11和office，非常方便，接上线就可以用了，孩子非常喜欢,2022-03-01 08:47:36,5
台式机,联想(Lenovo)天逸510S英特尔酷睿i3个人商务台式机电脑整机(12代i3-12100 8G 1T+256G SSD win11)21.45英寸,3299.00,今天安装好了电脑，感觉特别好，速度快，机箱外观小巧漂亮，安装简单不错，店家送的鼠标感觉不太好用，用我的无限鼠标更好上手！只是显示器的安装怎么也到不了位,2022-04-03 23:01:11,5
台式机,联想(Lenovo)天逸510S英特尔酷睿i3个人商务台式机电脑整机(12代i3-12100 8G 1T+256G SSD win11)21.45英寸,3299.00,非常小巧的机箱，用了一下午，电脑很安静，要更新一下相关补丁，速度会快一点，总得使用感受还可以，开始不是很习惯win11，用了一下午以后就习惯了随着win11的完善估计会越来越好用，另外给客服点个赞，非常有耐心指导了分区还有一些问题也给解答了。,2022-04-17 19:50:33,5
台式机,联想(Lenovo)天逸510S英特尔酷睿i3个人商务台式机电脑整机(12代i3-12100 8G 1T+256G SSD win11)21.45英寸,3299.00,哇，新机太棒了吧！运行流畅，也很安静，界面清晰，蓝牙接音箱也很好用，无线wifi网速不错，小机箱也很可爱，放桌上节省空间！售后服务也很nice！希望一直都是这么棒棒的！,2022-02-23 17:27:53,5
台式机,联想(Lenovo)天逸510S英特尔酷睿i3个人商务台式机电脑整机(12代i3-12100 8G 1T+256G SSD win11)21.45英寸,3299.00,主机性能强悍，搭载最新12代i5，家用办公绰绰有余，机身小巧，接口丰富，性价比贼高，快递也是特别快，从下单到我手上只有不到十个小时，特别满意的购物,2022-02-17 17:05:10,5
台式机,联想(Lenovo)天逸510S英特尔酷睿i3个人商务台式机电脑整机(12代i3-12100 8G 1T+256G SSD win11)21.45英寸,3299.00,超迷你机箱，超薄显示屏，大品牌就是不一样，喜欢，12代I5，不是一般的快，双硬盘大容量，怎么也用不完。很满意~~~~~~,2022-02-15 12:04:35,5
台式机,联想(Lenovo)天逸510S英特尔酷睿i3个人商务台式机电脑整机(12代i3-12100 8G 1T+256G SSD win11)21.45英寸,3299.00,联想老牌子，值得信赖，速度很快，机箱很小巧，外观很好看，基本没什么声音，中间黑屏了一次，找客服咨询很热情帮忙解答，找售后第一时间派技术员****，给联想售后点赞，解决了我们后顾之忧。,2022-03-31 14:22:04,5
台式机,联想(Lenovo)天逸510S英特尔酷睿i3个人商务台式机电脑整机(12代i3-12100 8G 1T+256G SSD win11)21.45英寸,3299.00,12代酷睿处理器性能强悍，电脑反应速度很快，主机体积小巧不占空间，配合最新的win11系统家用办公绰绰有余。,2022-02-26 12:16:57,5
台式机,联想(Lenovo)天逸510S英特尔酷睿i3个人商务台式机电脑整机(12代i3-12100 8G 1T+256G SSD win11)21.45英寸,3299.00,价格合理，商业办公很理想,2018-12-06 22:28:33,3
台式机,联想(Lenovo)天逸510S英特尔酷睿i3个人商务台式机电脑整机(12代i3-12100 8G 1T+256G SSD win11)21.45英寸,3299.00,主机真的好小，很意外，安装很简单，电脑小白也可以了，用的咋样暂时不知，用着看吧^0^?还很意外的是，买主机带键盘和鼠标。但是买主机只有电源线，需要连自己的显示屏，自己要准备好线。,2022-03-13 09:54:51,5
台式机,联想(Lenovo)天逸510S英特尔酷睿i3个人商务台式机电脑整机(12代i3-12100 8G 1T+256G SSD win11)21.45英寸,3299.00,机箱外观：小巧精致性能配置：流畅丝滑散热性能：不易发热因为还是用不太惯苹果，所以想买个微软系统的用，因为不用于外带，是放在家里的，正好家里有个闲置的显示器，就在同事推荐下买了这个主机，拿到手真的很惊喜，非常小巧精致，简单连接就按提示激活，使用感太棒了，送的键盘和鼠标也不错，虽然是有线的。,2022-02-13 02:05:57,5
台式机,联想(Lenovo)天逸510S英特尔酷睿i3个人商务台式机电脑整机(12代i3-12100 8G 1T+256G SSD win11)21.45英寸,3299.00,该款台式机性价比极高，配置十分好，简洁大方，机箱小，屏幕大，速度超快；关键是质量有保证，客服服务特别热心，态度非常好，没有解决的问题。联想也是世界第一大品牌；京东的平台也特别棒，到货速度快，自己十分满意！！！,2022-02-07 15:43:44,5
台式机,京品电脑酷开 创维电脑 办公商用台式电脑主机（AMD八核A9 8G 256GSSD 全国联保）,998.00,酷开电脑，用了一个星期，很不错，开机速度特快，运行速度飞一样，买来给妈妈看剧用的呢。,2022-02-23 13:00:40,5
台式机,京品电脑酷开 创维电脑 办公商用台式电脑主机（AMD八核A9 8G 256GSSD 全国联保）,998.00,台式机里面算是性价比非常高的。外观很好看，也非常小巧。工艺做的很棒，买回家给孩子上课用，偶尔打打游戏，看看电视，体验真好，也适用普通办公使用，看文档浏览网页什么的都正常，没有问题非常好。值得购买,2021-12-07 11:18:20,5
台式机,京品电脑酷开 创维电脑 办公商用台式电脑主机（AMD八核A9 8G 256GSSD 全国联保）,998.00,机器是不错的，质量很好，价格也实惠，值得购买。开关机非常快，也不用等只用了十几秒就开机了，给全五星好评超赞????相信京东相信酷开大品牌,2021-09-22 07:27:32,5
台式机,京品电脑酷开 创维电脑 办公商用台式电脑主机（AMD八核A9 8G 256GSSD 全国联保）,998.00,收到货了，外观很好，用了两天了很静音，系统很稳定也很快，客服人员态度也很好！,2021-11-19 10:51:34,5
台式机,京品电脑酷开 创维电脑 办公商用台式电脑主机（AMD八核A9 8G 256GSSD 全国联保）,998.00,机箱小巧轻便，不占地方！外观漂亮！性价比高！系统很稳定！上网办公都够用！还可以打游戏，看电视！真是一机在手，全程无忧啊！好产品值得推荐！有需要的话朋友们，抓紧下手奥！,2022-01-29 14:35:58,5
台式机,京品电脑酷开 创维电脑 办公商用台式电脑主机（AMD八核A9 8G 256GSSD 全国联保）,998.00,机箱外观：很好看，小巧精致散热性能：也很好到了就安上了，这下玩游戏就不卡了，很棒,2022-01-28 15:43:07,5
台式机,京品电脑酷开 创维电脑 办公商用台式电脑主机（AMD八核A9 8G 256GSSD 全国联保）,998.00,好电脑支持国产性价比高机箱外观：美观性能配置：完美散热性能：给力跑分评测：强悍,2022-04-21 15:39:21,5
台式机,京品电脑酷开 创维电脑 办公商用台式电脑主机（AMD八核A9 8G 256GSSD 全国联保）,998.00,给公司配的性价比超高机箱外观：整洁美观性能配置：强劲有力跑分评测：完美售后服务：反应速度快,2022-04-21 15:36:04,5
台式机,京品电脑酷开 创维电脑 办公商用台式电脑主机（AMD八核A9 8G 256GSSD 全国联保）,998.00,机箱外观：外观漂亮，整齐简洁性能配置：配置高，开机速度快其他特色：性价比很高，机身小巧，运行良好，,2022-01-15 12:46:45,5
台式机,京品电脑酷开 创维电脑 办公商用台式电脑主机（AMD八核A9 8G 256GSSD 全国联保）,998.00,收到货了。比想象的小巧很多。运行平稳，界面清晰。同时运行四五个软件，压力不大。,2022-04-08 20:29:27,5
台式机,京品电脑酷开 创维电脑 办公商用台式电脑主机（AMD八核A9 8G 256GSSD 全国联保）,998.00,电脑总体速度挺好，符合自己的预期，买的一台测试，还计划将批量采购10多台。物流速度真的是没话说，就是一个字：快。商品从外包装来看非常高档，还送了鼠标键盘，机顶盒也是他们家牌子的，记得老家第一台电视就是这个牌子。还会多逛逛，还要商家多支持。,2022-04-03 18:17:06,5
台式机,京品电脑酷开 创维电脑 办公商用台式电脑主机（AMD八核A9 8G 256GSSD 全国联保）,998.00,好产品、好品质、好服务。当天下单，第二天上午就送到家了。开机启动17S，固态硬盘比机械硬盘快不少，主机比较小，不占地方，运行声音也轻。显示器外形漂亮，显示效果也很不错。顺带买了个无线网卡，方便多了。,2022-02-09 11:28:40,5
台式机,京品电脑酷开 创维电脑 办公商用台式电脑主机（AMD八核A9 8G 256GSSD 全国联保）,998.00,货已收到，安装非常方便，店家服务态度比较好机箱外观：机身外观小巧，美观，还算满意！性能配置：反应速度比较快，毕竟不玩什么大游戏，自己平时看看电视，做点表格够用了,2022-03-14 19:25:36,5
台式机,京品电脑酷开 创维电脑 办公商用台式电脑主机（AMD八核A9 8G 256GSSD 全国联保）,998.00,整体来说真的很不错家用够了机箱外观：大气简单性能配置：工作够用散热性能：挺好的用了多半个月了没啥问题售后服务：服务也好保修一年我觉得比线下买好多了线下价格贵不说态度还不太好赞?,2021-10-29 20:51:57,5
台式机,京品电脑酷开 创维电脑 办公商用台式电脑主机（AMD八核A9 8G 256GSSD 全国联保）,998.00,电脑配置合理。外观比较好看。机箱比较高大上，小巧玲珑。显示器显示清晰。比较大。样子比较美观。窄边很好看。整体配置比较不错，打一般的小游戏都没有问题。运行WINDOWS非常快。,2022-01-04 17:05:26,5
台式机,京品电脑酷开 创维电脑 办公商用台式电脑主机（AMD八核A9 8G 256GSSD 全国联保）,998.00,收到货了打开一看非常满意，外观漂亮大气，接电试运行。速度非常快。尤其是声音非常小。最值得一夸的是高清接口可以直接接电视机。点除了使用转接头的烦恼。电视机上显示非常清晰。物美价廉的一个台电脑。过一会儿使用鲁大师评分，估计也不会差，看的其他朋友的评分都还不错。,2021-10-08 16:27:09,5
台式机,京品电脑酷开 创维电脑 办公商用台式电脑主机（AMD八核A9 8G 256GSSD 全国联保）,998.00,产品好坏、这点足以看出,2022-07-25 19:43:01,3
台式机,京品电脑酷开 创维电脑 办公商用台式电脑主机（AMD八核A9 8G 256GSSD 全国联保）,998.00,很不错，超级静音，运行速度也很快，使用了一下办公软件，效果不错，有点小问题，电脑售后服务帮助解决了！,2021-09-28 19:50:55,5
台式机,京品电脑酷开 创维电脑 办公商用台式电脑主机（AMD八核A9 8G 256GSSD 全国联保）,998.00,机箱轻便，性能良好，并有预装系统，开机迅速运行流畅，一般办公足够了，性价比不错。发货很快，京东物流也相当给力，推荐购买！,2021-12-27 15:14:42,5
台式机,京品电脑酷开 创维电脑 办公商用台式电脑主机（AMD八核A9 8G 256GSSD 全国联保）,998.00,下单第二天电脑就收到了，一顿操作拉好网线，各种键盘鼠标一装好两小朋友就迫不及待开机玩了起来，有不懂的客服也很耐心的解答了！很是满意，给小孩用的看看电视，玩玩游戏开心得不得了！机箱外观：刚好性能配置：可以了，主要是小孩学习用！散热性能：目前为止没有什么问题跑分评测：有空试试售后服务：客服很是耐心指点其他特色：性价比很高,2022-02-11 21:20:47,5
台式机,京品电脑惠普(HP)战99 商用办公台式电脑主机(升级十代i3-10105 8G 512G Office注册五年上门)23.8英寸显示器,3199.00,物流很快，服务态度好，电脑与商家描述的相符，机箱小巧玲珑好看，显示器很好看，轻薄，总而言之，物有所值，是一次很喜欢很满意购物。,2022-02-28 03:57:56,5
台式机,京品电脑惠普(HP)战99 商用办公台式电脑主机(升级十代i3-10105 8G 512G Office注册五年上门)23.8英寸显示器,3199.00,机箱外观很漂亮，大小也非常合适，带蓝牙带WiFi，功能配置确实相当不错的，非常让人满意，最主要是在京东购物质量有保障，价格还很实惠，送货很快，特殊时期比较方便。,2021-09-29 22:19:24,5
台式机,京品电脑惠普(HP)战99 商用办公台式电脑主机(升级十代i3-10105 8G 512G Office注册五年上门)23.8英寸显示器,3199.00,晚上下单，第二天就到，速度非常快，一次买了三台机箱外观：15l大机箱，前面板6个USb接口，非常方便；性能配置：8g内存512固态，满足日常办公使用，散热性能：机箱内空间很大，散热非常好,2021-12-12 20:18:34,5
台式机,京品电脑惠普(HP)战99 商用办公台式电脑主机(升级十代i3-10105 8G 512G Office注册五年上门)23.8英寸显示器,3199.00,机箱外观：小巧的机箱，不占地方，带好多USB接口，很实用。性能配置：够用。能满足日常办公需要，相对原来的老电脑那叫一个快。散热性能：满足。跑分评测：没跑，办公用。,2021-11-25 14:45:54,5
台式机,京品电脑惠普(HP)战99 商用办公台式电脑主机(升级十代i3-10105 8G 512G Office注册五年上门)23.8英寸显示器,3199.00,惠普的电脑是正品的，我很喜欢?买来公司用的配置够用了，毕竟是办公用的，也不是用来打游戏，需要太高的配置外观也很简约，高端大气上档次，价格也不错，才3099后面有需要继续来买,2021-02-26 12:12:47,5
台式机,京品电脑惠普(HP)战99 商用办公台式电脑主机(升级十代i3-10105 8G 512G Office注册五年上门)23.8英寸显示器,3199.00,公司办公使用，机箱小巧，运行静音，性价很高！机箱内部布局合理，预留空间充足，散热风扇无噪音，机器拆卸很方便，可以扩展3.5HDD。机器内置预装操作系统及Office，激活下就可以日常办公，网页浏览，文案办公非常合适！,2021-11-04 14:49:32,5
台式机,京品电脑惠普(HP)战99 商用办公台式电脑主机(升级十代i3-10105 8G 512G Office注册五年上门)23.8英寸显示器,3199.00,质量很好，更不错。真的是非常好用，我已经买过无数台这个主机了。机箱外观：好看，漂亮。性能配置：高端，办公很好用。散热性能：很不错，很不错。真的是物超所值。跑分评测：很好，很好。,2022-03-19 11:02:23,5
台式机,京品电脑惠普(HP)战99 商用办公台式电脑主机(升级十代i3-10105 8G 512G Office注册五年上门)23.8英寸显示器,3199.00,实话说外观不算出彩，毕竟是商用机，但机箱厚实用料足，整体性能强，功耗低，可见整体优化功夫到家。系统激活，office注册激活也很方便快捷，买了两套机不用半小时都搞定。最让我满意的是显示器，真良心，谁用谁知道啊！,2021-11-27 00:00:41,5
台式机,京品电脑惠普(HP)战99 商用办公台式电脑主机(升级十代i3-10105 8G 512G Office注册五年上门)23.8英寸显示器,3199.00,性能配置：四核8线程机箱外观：小机箱，6个前置usb接口，使用方便。其他特色：快递运送速度超快，自带WINDOWS11系统，使用方便快捷，自带显示器超薄边框，高大上。,2022-02-25 15:22:28,5
台式机,京品电脑惠普(HP)战99 商用办公台式电脑主机(升级十代i3-10105 8G 512G Office注册五年上门)23.8英寸显示器,3199.00,机箱外观：简洁大方不花哨，是惠普的风格。性能配置：8G的内存，512G的物理硬盘，这个配置家用足够了，开机关机，上网速度都比较快。显示器分辨率比较高，看视频和网页都比较清晰。散热性能：开机触摸机箱感觉不到有什么温度，散热性能应该是很好的。跑分评测：还没试。售后服务：注册五年售后，很不错。,2021-09-09 23:00:29,5
台式机,京品电脑惠普(HP)战99 商用办公台式电脑主机(升级十代i3-10105 8G 512G Office注册五年上门)23.8英寸显示器,3199.00,京东自营的配送就是快，电脑感觉非常棒，非常满意，英特尔的CPU做速度杠杠的，对于电脑小白的我来说非常友好了，自带了系统与常用软件，客服态度也很好，对我我的问题一直很耐心。通过客服指导，添加了2T机械硬盘，完美，小巧的机箱，大容量，办公，上网完美速度，秒开。,2021-11-09 12:08:17,5
台式机,京品电脑惠普(HP)战99 商用办公台式电脑主机(升级十代i3-10105 8G 512G Office注册五年上门)23.8英寸显示器,3199.00,电脑还是可以的，用起来不错速度还是不错的啊！哈哈哈，物流的速度还是可以的啊！不错不错，很满意啊！不错的，可以的啊！哈哈哈,2021-08-16 16:39:32,5
台式机,京品电脑惠普(HP)战99 商用办公台式电脑主机(升级十代i3-10105 8G 512G Office注册五年上门)23.8英寸显示器,3199.00,原来的老电脑使用有些年头了，性能下降的厉害。忍无可忍购入了这台惠普战99，i5处理器，16g大内存，512固态盘，配置很不错。搭配win10家庭版，新机几秒钟就能开机启动，真是&ldquo;飞&rdquo;一般的体验！大赞！,2021-12-30 23:25:54,5
台式机,京品电脑惠普(HP)战99 商用办公台式电脑主机(升级十代i3-10105 8G 512G Office注册五年上门)23.8英寸显示器,3199.00,给单位买了4台，主机很小巧不占空间，插口都在前面，方便使用，显示屏很薄设计的很美观。运行流畅，非常好,2021-12-17 17:13:28,5
台式机,京品电脑惠普(HP)战99 商用办公台式电脑主机(升级十代i3-10105 8G 512G Office注册五年上门)23.8英寸显示器,3199.00,"电脑很好哦，运行速度快，一般的办公应用完全没有问题，硬盘全固态，办公无压力。这款电脑用起来很好。接口也多，HDMI,VGA双显示接口，16G内存。",2022-02-28 20:30:22,5
台式机,京品电脑惠普(HP)战99 商用办公台式电脑主机(升级十代i3-10105 8G 512G Office注册五年上门)23.8英寸显示器,3199.00,以前在工厂用的就是惠普台式机，做工和用料都是一流，所以现在毫不犹豫的继续选择惠普，没让没让我失望，精致的小机箱，整体运行速度很快，运行大的数据依然流畅，显示色彩艳丽舒适，同事们要了链接也要下单,2022-02-23 11:35:01,5
台式机,京品电脑惠普(HP)战99 商用办公台式电脑主机(升级十代i3-10105 8G 512G Office注册五年上门)23.8英寸显示器,3199.00,商务的外观，高大上！前面板带6个usb，后面板可以接VGA、HDMI，还有WIFI跟蓝牙，值得推荐回购！此外，还送正版的Office！办公利器呀！还有注册送5年保修的惊喜！,2022-04-08 18:38:59,5
台式机,京品电脑惠普(HP)战99 商用办公台式电脑主机(升级十代i3-10105 8G 512G Office注册五年上门)23.8英寸显示器,3199.00,office注册后一直登陆不上，没办法激活使用,2021-04-19 09:10:42,3
台式机,京品电脑惠普(HP)战99 商用办公台式电脑主机(升级十代i3-10105 8G 512G Office注册五年上门)23.8英寸显示器,3199.00,中午下的单，第二天早上就送到了，真是快！主机小巧秀气，做工也精细，不会占用过多的桌面空间，公司采购10台，办公非常适合，期待售后相应度，新电脑速度比较快。,2022-03-15 16:26:48,5
台式机,京品电脑惠普(HP)战99 商用办公台式电脑主机(升级十代i3-10105 8G 512G Office注册五年上门)23.8英寸显示器,3199.00,单位采购，买过几台了，之前有过系统问题返修换新，服务很好，这一款款式简单大气，办公够了，特别是USB插口特别多，实用性强，固态硬盘，内存配置还行，散热很好，大牌子图个安心。,2021-11-09 13:54:23,5
台式机,京品电脑雷神(ThundeRobot)黑武士4+水冷游戏台式电脑电竞主机(12代i7-12700 16G RTX3060 512GSSD P4 无线充电),8798.00,机箱外观：一个字，霸气外露。性能配置：主要是拿来画图，画工程图，现在根本就没有卡顿的感觉，爽死了。散热性能：一体式水冷声音非常的安静，散热效果也很好，基本就控制到三四十度。跑分评测：拿鲁大师跑吗？没必要，这个速度已经快到我肉眼看不出来的感觉了，可以了，不用跑了。售后服务：三年的****，那还是很霸道的，比配兼容机方便多了。,2022-03-02 10:51:02,5
台式机,京品电脑雷神(ThundeRobot)黑武士4+水冷游戏台式电脑电竞主机(12代i7-12700 16G RTX3060 512GSSD P4 无线充电),8798.00,雷神，听着名字就很霸气，没想到机子到了更霸气，物流也是特别的快，昨天晚上下单今早上就送到啦。机子试了一下运行挺快的，而且静音一点都不吵，外观速度都比较不错。保质保量还有售后，好评,2022-04-18 17:19:58,5
台式机,京品电脑雷神(ThundeRobot)黑武士4+水冷游戏台式电脑电竞主机(12代i7-12700 16G RTX3060 512GSSD P4 无线充电),8798.00,昨晚买的，早上一到京东站点就迫不及待去拿来了！包装的很好，有减震效果。机箱小巧不占地方，开机后也很安静！自带win10系统，可以升win11。系统干净运行也快！,2022-02-19 13:07:02,5
台式机,京品电脑雷神(ThundeRobot)黑武士4+水冷游戏台式电脑电竞主机(12代i7-12700 16G RTX3060 512GSSD P4 无线充电),8798.00,机箱外观：机箱好大个哈，棱角分明加凸起，满满科技感，机箱灯不是直射光，不刺眼，好评，性能配置：第一次看到这款其实就相中了，当时不太了解价格这一块，想着再去看看其他家看看，于是就看了别家品牌的，看了组装的，看了自己买配件组的，兜兜转转，还是选择了这款，12代i7+3060，鲁大师160万，这配置不用我吹了，其他特色：自带wifi6，带蓝牙，带无线充电，都是很实用的功能，这个价格，这个配置，真是无敌性价比了,2022-04-10 13:38:53,5
台式机,京品电脑雷神(ThundeRobot)黑武士4+水冷游戏台式电脑电竞主机(12代i7-12700 16G RTX3060 512GSSD P4 无线充电),8798.00,机箱外观：让人欲罢不能的科幻外观，难道手机箱硕大无比！性能配置：i7-12700/16G/521G/3060玩3a错错有余散热性能：240一体水冷散热毫无压力跑分评测：还没来得及测试，下载几个游戏，运行很流畅,2022-01-27 05:51:57,5
台式机,京品电脑雷神(ThundeRobot)黑武士4+水冷游戏台式电脑电竞主机(12代i7-12700 16G RTX3060 512GSSD P4 无线充电),8798.00,机箱外观：大气科技感十足性能配置：运行速度快散热性能：无噪音散热效果好跑分评测：鲁大师评测80W超越全国99.9%的电脑售后服务：客服在线回复快有问题可直接联系客服其他特色：外包装完好物流时效快赠送了加装硬盘的sata接线,2022-03-03 19:47:45,5
台式机,京品电脑雷神(ThundeRobot)黑武士4+水冷游戏台式电脑电竞主机(12代i7-12700 16G RTX3060 512GSSD P4 无线充电),8798.00,速度非常快，晚上十二点下单，第二天九点多就到了。12代酷睿处理器，跑分评测143W分，相当完美！内存三星的也非常nice，灯光漂亮，3dmark12跑分接近9000，也非常不错。,2022-04-20 14:38:06,5
台式机,京品电脑雷神(ThundeRobot)黑武士4+水冷游戏台式电脑电竞主机(12代i7-12700 16G RTX3060 512GSSD P4 无线充电),8798.00,机箱外观：很炫酷性能配置：鲁大师跑分150万散热性能：水冷散热玩游戏咔咔的跑分评测：鲁大师150万售后服务：暂时没有,2022-02-04 10:52:16,5
台式机,京品电脑雷神(ThundeRobot)黑武士4+水冷游戏台式电脑电竞主机(12代i7-12700 16G RTX3060 512GSSD P4 无线充电),8798.00,很绚丽的主机，体验非常好，即使剪视频的时候也没有什么声音，散热很棒。遇到问题，客服小妹妹态度也很好，解决了很多问题。,2022-04-16 20:19:18,5
台式机,京品电脑雷神(ThundeRobot)黑武士4+水冷游戏台式电脑电竞主机(12代i7-12700 16G RTX3060 512GSSD P4 无线充电),8798.00,雷神这款主机外观真是没得说的非常的nice夜间灯光效果非常好看同时也不会造成光污染我这款是3060的显卡世面的大作都带得动,2022-04-17 16:48:42,5
台式机,京品电脑雷神(ThundeRobot)黑武士4+水冷游戏台式电脑电竞主机(12代i7-12700 16G RTX3060 512GSSD P4 无线充电),8798.00,机箱外观：氛围灯带，炫酷十足。侧透玻璃也是时下比较流行的元素了。内部走线整齐划一、干净利索性能配置：I5游戏性能足够。3050显存8G这下没有瓶颈了，性能的话和2060不相上下。内存双通道8G，配置很均衡没有瓶颈散热性能：水冷散热静音效果好，几乎无声响，待机30&deg;+跑分评测：娱乐大师跑分47万，玩玩网游的话足够其他特色：自带无线充电，很实用。接口也很丰富，满足多用途。机箱到手发现比想象的还要大内部还有很多空间，后期根据需求还可以升级。系统自带WIN11家庭版自己升的专业版，完美。,2022-01-30 23:27:30,5
台式机,京品电脑雷神(ThundeRobot)黑武士4+水冷游戏台式电脑电竞主机(12代i7-12700 16G RTX3060 512GSSD P4 无线充电),8798.00,整体挺帅的很有份量办公游戏都可灯光挺好看的而且不会太过于炫侧边玻璃面板用料很扎实无限充电挺实用的机箱配件都是全新的也没有什么使用痕迹机箱走线很规则整体使用特别流畅机箱外观：很酷白蓝色灯光性能配置：流畅完全不卡散热性能：挺ok的散热跑分评测：跑分100多w,2022-04-15 23:24:11,5
台式机,京品电脑雷神(ThundeRobot)黑武士4+水冷游戏台式电脑电竞主机(12代i7-12700 16G RTX3060 512GSSD P4 无线充电),8798.00,机箱外观：机箱很大气！很科幻！性能配置：如图鲁大师看的影驰的显卡跑分评测：鲁大师跑分160万散热性能：水冷基本没有噪音，平均温度50售后服务：自己加了机械硬盘，找到客服问的回答很及时,2022-03-08 22:49:15,5
台式机,京品电脑雷神(ThundeRobot)黑武士4+水冷游戏台式电脑电竞主机(12代i7-12700 16G RTX3060 512GSSD P4 无线充电),8798.00,机箱外观：非常漂亮性能配置：很强散热性能：很好跑分评测：一百多万非常不错售后服务：非常周到其他特色：非常满意,2022-02-24 10:23:14,5
台式机,京品电脑雷神(ThundeRobot)黑武士4+水冷游戏台式电脑电竞主机(12代i7-12700 16G RTX3060 512GSSD P4 无线充电),8798.00,酷帅，颜色很好看，大黄蜂就是不一样，保护膜都舍不得撕，爱了爱了，配底盘防滑很稳，开机后，颜色很炫彩。值得入手！????,2022-04-03 19:59:22,5
台式机,京品电脑雷神(ThundeRobot)黑武士4+水冷游戏台式电脑电竞主机(12代i7-12700 16G RTX3060 512GSSD P4 无线充电),8798.00,机箱外观：科技感十足，霸气的狠性能配置：运行速度超级快，高端配置散热性能：本身散热已经足够用了，静音散热，完美,2022-03-29 10:32:51,5
台式机,京品电脑雷神(ThundeRobot)黑武士4+水冷游戏台式电脑电竞主机(12代i7-12700 16G RTX3060 512GSSD P4 无线充电),8798.00,物流是真的慢&hellip;&hellip;同天下的单都到了几天了,2018-02-07 15:39:39,3
台式机,京品电脑雷神(ThundeRobot)黑武士4+水冷游戏台式电脑电竞主机(12代i7-12700 16G RTX3060 512GSSD P4 无线充电),8798.00,包装很好，泡沫很多，完美的保护了机箱。到手后迫不及待的拆箱了。造型很惊艳！上面还贴了保护膜，好评！！第一台游戏主机，满足了今年的一大愿望，使用后再来追评！,2022-03-01 17:39:28,5
台式机,京品电脑雷神(ThundeRobot)黑武士4+水冷游戏台式电脑电竞主机(12代i7-12700 16G RTX3060 512GSSD P4 无线充电),8798.00,刚到就立马回来拆箱，外观很有质感，安装好软件后，使用了一下，比想象的好很多，也很流畅，平时敲敲代码，打打游戏放松一下真的挺不错，客服服务也很好，有啥不懂的都会帮助处理。很棒。,2022-03-07 20:10:20,5
台式机,京品电脑雷神(ThundeRobot)黑武士4+水冷游戏台式电脑电竞主机(12代i7-12700 16G RTX3060 512GSSD P4 无线充电),8798.00,超级喜欢这个主机好炫酷啊！手机也不用插线了直接就可以充电主机感觉好大好重！真的真的好喜欢！,2022-01-31 14:31:13,5
台式机,联想(Lenovo)GeekPro 2022英特尔酷睿i5设计师游戏台式电脑主机(12代i5-12400F RTX3060 16G 512G SSD ),6499.00,机箱小巧，颜值美观，前面板灯灯十分炫酷，可以调整闪亮模式，预装WIN11和OFFICE非常实用，软件自带联想电脑管家，找软件、清理系统垃圾、一键体检很方便，机器自带wifi，随时上网冲浪，真香,2022-03-12 10:27:12,5
台式机,联想(Lenovo)GeekPro 2022英特尔酷睿i5设计师游戏台式电脑主机(12代i5-12400F RTX3060 16G 512G SSD ),6499.00,京东物流非常给力，下单不到1天到货，机箱结构合理，外表美观，系统运行给力，性能优越，几乎听不见运行声音，非常适合我的使用。,2022-03-17 12:15:55,5
台式机,联想(Lenovo)GeekPro 2022英特尔酷睿i5设计师游戏台式电脑主机(12代i5-12400F RTX3060 16G 512G SSD ),6499.00,想买台式机好久了，刚好看到这款出新款了！果断入手，小白就懒得搞组装机了，整机太方便啦，品牌售后也有保障！以前买的笔记本电脑也是联想的，现在买了这款用的也放心！很喜欢～,2022-03-09 21:08:37,5
台式机,联想(Lenovo)GeekPro 2022英特尔酷睿i5设计师游戏台式电脑主机(12代i5-12400F RTX3060 16G 512G SSD ),6499.00,主机外观还是很好看的，主机那个灯还是不错的。机箱也不是很大。开机速度很快。用着还不错，机器2月份生产的，嘎嘎新！,2022-03-10 13:15:36,5
台式机,联想(Lenovo)GeekPro 2022英特尔酷睿i5设计师游戏台式电脑主机(12代i5-12400F RTX3060 16G 512G SSD ),6499.00,机箱外观:简约大气，很有份量性能配置:点啥基本上都秒开，速度很快！散热性能:晚上风扇很安静，几乎听不到跑分评测:跑分130w，鲁大师说击败全国97%的用户，很给力！相信联想，没买错！,2022-04-06 20:43:38,5
台式机,联想(Lenovo)GeekPro 2022英特尔酷睿i5设计师游戏台式电脑主机(12代i5-12400F RTX3060 16G 512G SSD ),6499.00,主机颜值高，配置12带U，全固态硬盘，双通道内存，配置杠杠的，自带正版windows和office，开机就能用，爽歪歪,2022-03-05 10:12:36,5
台式机,联想(Lenovo)GeekPro 2022英特尔酷睿i5设计师游戏台式电脑主机(12代i5-12400F RTX3060 16G 512G SSD ),6499.00,这电脑真的很好用，很流畅，用起来很流畅，性价比很高，买来主要是画图，渲染的，没事的时候顺便打打游戏，这配置秒杀市面上99%的游戏了，基本上都可以玩，做设计也是足够，颜值还是可以简约，我不喜欢花里胡哨的，好评！,2022-04-04 11:13:59,5
台式机,联想(Lenovo)GeekPro 2022英特尔酷睿i5设计师游戏台式电脑主机(12代i5-12400F RTX3060 16G 512G SSD ),6499.00,到货啦，机子很酷，磨砂机箱，配置最新，之前也做了功课比外面电脑店实惠，经常游戏，视频制作不在话下，联想大品牌值得信赖,2022-03-08 19:47:02,5
台式机,联想(Lenovo)GeekPro 2022英特尔酷睿i5设计师游戏台式电脑主机(12代i5-12400F RTX3060 16G 512G SSD ),6499.00,"我只是想跟你们说，捡了大便宜了。系统非常流畅，硬件也非常给力，虽然我不玩游戏，但是操作系统比以前的专业工作站都流畅，大品牌，用起来很放心，质量非常好，赶上活动购买非常的划算,客服真的很不错哦～",2022-01-28 18:56:45,5
台式机,联想(Lenovo)GeekPro 2022英特尔酷睿i5设计师游戏台式电脑主机(12代i5-12400F RTX3060 16G 512G SSD ),6499.00,物流也是很给力，有货一天就到了，这个机箱小巧精致，玩起来游戏一点不卡，3060完全够用，,2022-03-04 18:43:20,5
台式机,联想(Lenovo)GeekPro 2022英特尔酷睿i5设计师游戏台式电脑主机(12代i5-12400F RTX3060 16G 512G SSD ),6499.00,机箱简单大方，win11的系统，用起来很流畅，平时主要是办公多，基本没什么声音，很安静！,2022-03-10 06:58:58,5
台式机,联想(Lenovo)GeekPro 2022英特尔酷睿i5设计师游戏台式电脑主机(12代i5-12400F RTX3060 16G 512G SSD ),6499.00,机器收到了，很nice，机器性能很好，散热没问题，且用起来没有声音。办公室当个人电脑用很好，不用操心给电脑配置升级，一点都不卡。做深度学习很OK，扩展性还很强，外观看起来也很高大尚，非常满意，强烈推荐！,2022-03-17 17:04:52,5
台式机,联想(Lenovo)GeekPro 2022英特尔酷睿i5设计师游戏台式电脑主机(12代i5-12400F RTX3060 16G 512G SSD ),6499.00,新款的设计师geekpro更加大气开始没抢到以为没了盯着看终于抢到一台回来就拆开用了非常不错的机器新的处理器更快了,2022-02-25 18:11:49,5
台式机,联想(Lenovo)GeekPro 2022英特尔酷睿i5设计师游戏台式电脑主机(12代i5-12400F RTX3060 16G 512G SSD ),6499.00,外观很漂亮新品上市第一时间买的没想到到货还挺快的机身小巧也不重运行速度很快非常喜欢联想客服也很不错五星好评,2022-02-28 14:28:32,5
台式机,联想(Lenovo)GeekPro 2022英特尔酷睿i5设计师游戏台式电脑主机(12代i5-12400F RTX3060 16G 512G SSD ),6499.00,宝贝非常棒，是自己想要的那种风格，到货也很快，谢谢老板，服务五颗星.外观大气，不占空间，呼吸灯快慢可调节。配上联想27寸显示器，超级给力。联想品牌保障。京东服务。值得信赖。,2022-03-09 18:38:06,5
台式机,联想(Lenovo)GeekPro 2022英特尔酷睿i5设计师游戏台式电脑主机(12代i5-12400F RTX3060 16G 512G SSD ),6499.00,主机很小，性能很好，运行速度也很快工业设计不错电脑收到了，质量很好，外观也很好看，很喜欢做工质感：做工精致，细腻，手感舒适，手感很好,2022-04-20 11:23:13,5
台式机,联想(Lenovo)GeekPro 2022英特尔酷睿i5设计师游戏台式电脑主机(12代i5-12400F RTX3060 16G 512G SSD ),6499.00,这个配置非常好了。能够用这个价格买到，性价比非常好。这个配置市面上的大多数游戏都能玩了，爽歪歪。OFFICE的激活也很方便。京东物流的送货也很快，赶在周日全部到齐，没有耽误周一侄子上网课。非常信奈京东和小米，之后还会购买的！跟实体店没有区别，还便宜，喜欢！,2022-03-14 09:25:46,5
台式机,联想(Lenovo)GeekPro 2022英特尔酷睿i5设计师游戏台式电脑主机(12代i5-12400F RTX3060 16G 512G SSD ),6499.00,其他特色：还没用。刚收到，用过以后再追加评价,2020-02-05 19:40:59,3
台式机,联想(Lenovo)GeekPro 2022英特尔酷睿i5设计师游戏台式电脑主机(12代i5-12400F RTX3060 16G 512G SSD ),6499.00,机箱外观：机箱很精致，漂亮，竖立的灯光。性能配置：很好。散热性能：很好，风扇有一点声音。其他特色：Windows11系统和Office很实用。,2022-03-09 14:25:38,5
台式机,联想(Lenovo)GeekPro 2022英特尔酷睿i5设计师游戏台式电脑主机(12代i5-12400F RTX3060 16G 512G SSD ),6499.00,很快就可以拿到货啦，包装特别的严谨，没有损坏的外观是低调的，我个人很喜欢这样的，运行老快了，对于平面设计者来说真的无敌快快，,2022-03-15 13:38:41,5
台式机,京品电脑戴尔DELL灵越3910 家用办公电脑 商务台式机电脑主机(12代i5-12400 16G 256G+1T 三年上门 )23.8英寸整机,4699.00,电脑很棒，win11好用，没有噪音，反应也特别快，戴尔电脑一直让我放心，以后还选戴尔得电脑！机箱小巧颜色挺好看的，配置还不错用的660的主板，内存还用的是三星的，接口丰富设计合理，性价比挺高的,2022-02-18 13:23:11,5
台式机,京品电脑戴尔DELL灵越3910 家用办公电脑 商务台式机电脑主机(12代i5-12400 16G 256G+1T 三年上门 )23.8英寸整机,4699.00,机箱外观：黑色的外观，大气！放桌子下面，耐脏。性能配置：咱也不太懂啥参数，反正办公用的，运行速度杠杠的。散热性能：刚开机温度很高，然后等一会儿程序更新完，再开机重启后，温度40度左右，很正常。跑分评测：除了显卡，其他得分很高，不过办公用的，这个显卡足够了。,2021-06-19 23:35:55,5
台式机,京品电脑戴尔DELL灵越3910 家用办公电脑 商务台式机电脑主机(12代i5-12400 16G 256G+1T 三年上门 )23.8英寸整机,4699.00,产品很好，屏幕显示色彩鲜艳*真，主机运行流畅，外观精致。本次购物很满意，戴尔电脑确实不错。特意试了才来评价，收到货几天了。心心念念的戴尔电脑?终于用上了，外观高大上，，款式新颖，屏幕分辨率很清晰，运行速度也快，这样看起来整个办公室的档次提升几个度，哈哈哈哈哈,2022-04-16 11:33:33,5
台式机,京品电脑戴尔DELL灵越3910 家用办公电脑 商务台式机电脑主机(12代i5-12400 16G 256G+1T 三年上门 )23.8英寸整机,4699.00,主机外观非常漂亮的一款电脑，最新款的英特尔i5第11代处理器，果然好用，开机速度非常的快，因为固态硬盘做的启动盘，相比传统机械硬盘，速度不知快多少倍，时间基本在十秒以内，非常的满意，戴尔大品牌，品质和售后都非常不错，又是京东自营的，非常放心，显示器分辨率很高，看着非常清晰，因为独立显卡驱动。总体非常满意，推荐大家购买。,2021-04-21 17:32:34,5
台式机,京品电脑戴尔DELL灵越3910 家用办公电脑 商务台式机电脑主机(12代i5-12400 16G 256G+1T 三年上门 )23.8英寸整机,4699.00,"机器比图片上看起来要小巧很多,量量尺寸就知道了.运转又快又安静,各种程序网页都秒开.内存是海力士的.",2022-01-31 07:45:06,5
台式机,京品电脑戴尔DELL灵越3910 家用办公电脑 商务台式机电脑主机(12代i5-12400 16G 256G+1T 三年上门 )23.8英寸整机,4699.00,机箱外观：机箱小巧，简洁大方，手感丝滑。性能配置：12代处理器性能好，开机速度快，运行流畅。散热性能：散热性能不错，主机安静无噪音。其他特色：京东送货速度很快，公司一直用该品牌电脑，办公生产力不错的选择，很适合家用和办公用！,2022-01-27 19:07:07,5
台式机,京品电脑戴尔DELL灵越3910 家用办公电脑 商务台式机电脑主机(12代i5-12400 16G 256G+1T 三年上门 )23.8英寸整机,4699.00,品质好，很轻，移动方便。安装速度很快。插口多。就是目前还没有试过SD卡的插口好不好用。先好评吧。总体感觉不错。,2021-10-25 21:58:01,5
台式机,京品电脑戴尔DELL灵越3910 家用办公电脑 商务台式机电脑主机(12代i5-12400 16G 256G+1T 三年上门 )23.8英寸整机,4699.00,机箱外观：非常的时尚，大小也特别合适。性能配置：12代系统运行十分流畅，特别的好用。散热性能：用了一下午机器也没有热，散热功能也应该特别好。戴尔的电脑品牌值得购买，售后也非常的方便，显示屏特别大，也特别清晰。安装起来非常简单，一会就安装完成开始使用了，办公足够了。总体来说十分的好，值得推荐。京东物流非常给力，送货上门，小哥服务态度特别的好。,2022-02-18 17:51:23,5
台式机,京品电脑戴尔DELL灵越3910 家用办公电脑 商务台式机电脑主机(12代i5-12400 16G 256G+1T 三年上门 )23.8英寸整机,4699.00,速度很快，包装完好无破损，京东试用获得的，没想到2022年初居然有个惊喜，个人比较喜欢台式电脑；这款戴尔灵越台式机真的非常不错，开机速度很快，主机声音很小，而且机身也小巧，不占太多地方，运行速度很快，上网玩游戏没问题，如果主机电源带开关就更完美了，非常满意，好评。,2022-01-15 01:03:23,5
台式机,京品电脑戴尔DELL灵越3910 家用办公电脑 商务台式机电脑主机(12代i5-12400 16G 256G+1T 三年上门 )23.8英寸整机,4699.00,主机很小巧，安装很方便，买来给小朋友练打字的，昨天买的，今天就到了，立马就整起，打起了字，屏幕也很大，很清晰，客服态度很好，解决问题很快，第一个是戴尔笔记本，这次也是买的戴尔，我觉得挺好的，品牌机有保障些。,2022-01-28 15:47:17,5
台式机,京品电脑戴尔DELL灵越3910 家用办公电脑 商务台式机电脑主机(12代i5-12400 16G 256G+1T 三年上门 )23.8英寸整机,4699.00,不错，性价比非常好，运行很快，512G固态硬盘足够日常使用。机箱外观：高档大方性能配置：办公足够用散热性能：良好跑分评测：没测试有空测试下,2022-03-28 16:59:48,5
台式机,京品电脑戴尔DELL灵越3910 家用办公电脑 商务台式机电脑主机(12代i5-12400 16G 256G+1T 三年上门 )23.8英寸整机,4699.00,机箱小巧，开机后没有噪音，开机后第一次开机时间要久一点，要设置，之后开机就很快，也可以不用关机，我都是休眠，没有关机了，内置了蓝牙，方便了无线连接，配套的显示器也很好用。,2022-03-04 13:20:36,5
台式机,京品电脑戴尔DELL灵越3910 家用办公电脑 商务台式机电脑主机(12代i5-12400 16G 256G+1T 三年上门 )23.8英寸整机,4699.00,这款戴尔灵越3910台式机非常棒，机箱小巧做工精致手感舒适。开机快，声音小。京东自营物流就是快，早上下单下午就送到，超快超赞?,2022-02-07 19:36:26,5
台式机,京品电脑戴尔DELL灵越3910 家用办公电脑 商务台式机电脑主机(12代i5-12400 16G 256G+1T 三年上门 )23.8英寸整机,4699.00,发送货很快，产品外观时尚小巧，不占空间。已经安装了windows11系统，简洁，人性化，方便。客户服务态度很好，是个不错的选择。以后企业采购，都会优先选择戴尔,2022-02-19 20:12:04,5
台式机,京品电脑戴尔DELL灵越3910 家用办公电脑 商务台式机电脑主机(12代i5-12400 16G 256G+1T 三年上门 )23.8英寸整机,4699.00,机箱外观：简约方正不占多少空间，放在办公桌上很漂亮性能配置：12代酷睿新架构，办公性能绝对够。售后服务：戴尔的服务不用说，肯定好。其他特色：自带wifi，更方便了。,2022-02-10 16:23:38,5
台式机,京品电脑戴尔DELL灵越3910 家用办公电脑 商务台式机电脑主机(12代i5-12400 16G 256G+1T 三年上门 )23.8英寸整机,4699.00,啊，这个戴尔电脑挺好的，各种方面性能全部挺好，速度挺快的又不卡，然后非常好，然后做做什么用途都可以，反正就是很好的一台电脑性能配置都还好，然后网速也快物流也快。,2022-04-17 12:37:05,5
台式机,京品电脑戴尔DELL灵越3910 家用办公电脑 商务台式机电脑主机(12代i5-12400 16G 256G+1T 三年上门 )23.8英寸整机,4699.00,电脑还可以吧，但软件超级难用。而且office不是免费的。,2022-06-02 14:07:37,3
台式机,京品电脑戴尔DELL灵越3910 家用办公电脑 商务台式机电脑主机(12代i5-12400 16G 256G+1T 三年上门 )23.8英寸整机,4699.00,机箱外观：大小合适，颜值超高，红黑的很简洁炫酷，前后都很美观。性能配置：对比了很多款选了这个，CPU跟内存都很够用，运行速度快，性价比可以说是相当高了。其他特色：组装好了基本买回来女生都可以插线使用，可以说很人性化了，性能稳定，声音小。,2021-06-20 20:37:30,5
台式机,京品电脑戴尔DELL灵越3910 家用办公电脑 商务台式机电脑主机(12代i5-12400 16G 256G+1T 三年上门 )23.8英寸整机,4699.00,因为疫情只能在家上网课，怕平板手机对眼睛不好，特地选的台式电脑。印象中很不错的牌子就是戴尔！体验感很不错！当晚下单第二天就拿到手，安装简单易操作。因为路由器是连接客厅的电视，所以放书房的电脑尝试了使用无线连接，结果网络很稳定，不受影响！特开心,2022-03-11 23:49:01,5
台式机,京品电脑戴尔DELL灵越3910 家用办公电脑 商务台式机电脑主机(12代i5-12400 16G 256G+1T 三年上门 )23.8英寸整机,4699.00,性能配置：很流畅，作图完全没有问题机箱外观：霸气完美，好看散热性能：散热可以亲们可以下手了，这个配置可以，性能好，显卡流畅。,2021-08-28 16:38:12,5
台式机,联想(Lenovo)GeekPro 2022英特尔酷睿i7设计师游戏台式电脑主机(12代i7-12700F RTX3060Ti 8GB显卡 16G ),8749.00,机箱小巧，颜值美观，前面板灯灯十分炫酷，可以调整闪亮模式，预装WIN11和OFFICE非常实用，软件自带联想电脑管家，找软件、清理系统垃圾、一键体检很方便，机器自带wifi，随时上网冲浪，真香,2022-03-12 10:27:12,5
台式机,联想(Lenovo)GeekPro 2022英特尔酷睿i7设计师游戏台式电脑主机(12代i7-12700F RTX3060Ti 8GB显卡 16G ),8749.00,京东物流非常给力，下单不到1天到货，机箱结构合理，外表美观，系统运行给力，性能优越，几乎听不见运行声音，非常适合我的使用。,2022-03-17 12:15:55,5
台式机,联想(Lenovo)GeekPro 2022英特尔酷睿i7设计师游戏台式电脑主机(12代i7-12700F RTX3060Ti 8GB显卡 16G ),8749.00,想买台式机好久了，刚好看到这款出新款了！果断入手，小白就懒得搞组装机了，整机太方便啦，品牌售后也有保障！以前买的笔记本电脑也是联想的，现在买了这款用的也放心！很喜欢～,2022-03-09 21:08:37,5
台式机,联想(Lenovo)GeekPro 2022英特尔酷睿i7设计师游戏台式电脑主机(12代i7-12700F RTX3060Ti 8GB显卡 16G ),8749.00,主机外观还是很好看的，主机那个灯还是不错的。机箱也不是很大。开机速度很快。用着还不错，机器2月份生产的，嘎嘎新！,2022-03-10 13:15:36,5
台式机,联想(Lenovo)GeekPro 2022英特尔酷睿i7设计师游戏台式电脑主机(12代i7-12700F RTX3060Ti 8GB显卡 16G ),8749.00,机箱外观:简约大气，很有份量性能配置:点啥基本上都秒开，速度很快！散热性能:晚上风扇很安静，几乎听不到跑分评测:跑分130w，鲁大师说击败全国97%的用户，很给力！相信联想，没买错！,2022-04-06 20:43:38,5
台式机,联想(Lenovo)GeekPro 2022英特尔酷睿i7设计师游戏台式电脑主机(12代i7-12700F RTX3060Ti 8GB显卡 16G ),8749.00,主机颜值高，配置12带U，全固态硬盘，双通道内存，配置杠杠的，自带正版windows和office，开机就能用，爽歪歪,2022-03-05 10:12:36,5
台式机,联想(Lenovo)GeekPro 2022英特尔酷睿i7设计师游戏台式电脑主机(12代i7-12700F RTX3060Ti 8GB显卡 16G ),8749.00,这电脑真的很好用，很流畅，用起来很流畅，性价比很高，买来主要是画图，渲染的，没事的时候顺便打打游戏，这配置秒杀市面上99%的游戏了，基本上都可以玩，做设计也是足够，颜值还是可以简约，我不喜欢花里胡哨的，好评！,2022-04-04 11:13:59,5
台式机,联想(Lenovo)GeekPro 2022英特尔酷睿i7设计师游戏台式电脑主机(12代i7-12700F RTX3060Ti 8GB显卡 16G ),8749.00,到货啦，机子很酷，磨砂机箱，配置最新，之前也做了功课比外面电脑店实惠，经常游戏，视频制作不在话下，联想大品牌值得信赖,2022-03-08 19:47:02,5
台式机,联想(Lenovo)GeekPro 2022英特尔酷睿i7设计师游戏台式电脑主机(12代i7-12700F RTX3060Ti 8GB显卡 16G ),8749.00,"我只是想跟你们说，捡了大便宜了。系统非常流畅，硬件也非常给力，虽然我不玩游戏，但是操作系统比以前的专业工作站都流畅，大品牌，用起来很放心，质量非常好，赶上活动购买非常的划算,客服真的很不错哦～",2022-01-28 18:56:45,5
台式机,联想(Lenovo)GeekPro 2022英特尔酷睿i7设计师游戏台式电脑主机(12代i7-12700F RTX3060Ti 8GB显卡 16G ),8749.00,物流也是很给力，有货一天就到了，这个机箱小巧精致，玩起来游戏一点不卡，3060完全够用，,2022-03-04 18:43:20,5
台式机,联想(Lenovo)GeekPro 2022英特尔酷睿i7设计师游戏台式电脑主机(12代i7-12700F RTX3060Ti 8GB显卡 16G ),8749.00,机箱简单大方，win11的系统，用起来很流畅，平时主要是办公多，基本没什么声音，很安静！,2022-03-10 06:58:58,5
台式机,联想(Lenovo)GeekPro 2022英特尔酷睿i7设计师游戏台式电脑主机(12代i7-12700F RTX3060Ti 8GB显卡 16G ),8749.00,机器收到了，很nice，机器性能很好，散热没问题，且用起来没有声音。办公室当个人电脑用很好，不用操心给电脑配置升级，一点都不卡。做深度学习很OK，扩展性还很强，外观看起来也很高大尚，非常满意，强烈推荐！,2022-03-17 17:04:52,5
台式机,联想(Lenovo)GeekPro 2022英特尔酷睿i7设计师游戏台式电脑主机(12代i7-12700F RTX3060Ti 8GB显卡 16G ),8749.00,新款的设计师geekpro更加大气开始没抢到以为没了盯着看终于抢到一台回来就拆开用了非常不错的机器新的处理器更快了,2022-02-25 18:11:49,5
台式机,联想(Lenovo)GeekPro 2022英特尔酷睿i7设计师游戏台式电脑主机(12代i7-12700F RTX3060Ti 8GB显卡 16G ),8749.00,外观很漂亮新品上市第一时间买的没想到到货还挺快的机身小巧也不重运行速度很快非常喜欢联想客服也很不错五星好评,2022-02-28 14:28:32,5
台式机,联想(Lenovo)GeekPro 2022英特尔酷睿i7设计师游戏台式电脑主机(12代i7-12700F RTX3060Ti 8GB显卡 16G ),8749.00,宝贝非常棒，是自己想要的那种风格，到货也很快，谢谢老板，服务五颗星.外观大气，不占空间，呼吸灯快慢可调节。配上联想27寸显示器，超级给力。联想品牌保障。京东服务。值得信赖。,2022-03-09 18:38:06,5
台式机,联想(Lenovo)GeekPro 2022英特尔酷睿i7设计师游戏台式电脑主机(12代i7-12700F RTX3060Ti 8GB显卡 16G ),8749.00,主机很小，性能很好，运行速度也很快工业设计不错电脑收到了，质量很好，外观也很好看，很喜欢做工质感：做工精致，细腻，手感舒适，手感很好,2022-04-20 11:23:13,5
台式机,联想(Lenovo)GeekPro 2022英特尔酷睿i7设计师游戏台式电脑主机(12代i7-12700F RTX3060Ti 8GB显卡 16G ),8749.00,这个配置非常好了。能够用这个价格买到，性价比非常好。这个配置市面上的大多数游戏都能玩了，爽歪歪。OFFICE的激活也很方便。京东物流的送货也很快，赶在周日全部到齐，没有耽误周一侄子上网课。非常信奈京东和小米，之后还会购买的！跟实体店没有区别，还便宜，喜欢！,2022-03-14 09:25:46,5
台式机,联想(Lenovo)GeekPro 2022英特尔酷睿i7设计师游戏台式电脑主机(12代i7-12700F RTX3060Ti 8GB显卡 16G ),8749.00,其他特色：还没用。刚收到，用过以后再追加评价,2020-02-05 19:40:59,3
台式机,联想(Lenovo)GeekPro 2022英特尔酷睿i7设计师游戏台式电脑主机(12代i7-12700F RTX3060Ti 8GB显卡 16G ),8749.00,机箱外观：机箱很精致，漂亮，竖立的灯光。性能配置：很好。散热性能：很好，风扇有一点声音。其他特色：Windows11系统和Office很实用。,2022-03-09 14:25:38,5
台式机,联想(Lenovo)GeekPro 2022英特尔酷睿i7设计师游戏台式电脑主机(12代i7-12700F RTX3060Ti 8GB显卡 16G ),8749.00,很快就可以拿到货啦，包装特别的严谨，没有损坏的外观是低调的，我个人很喜欢这样的，运行老快了，对于平面设计者来说真的无敌快快，,2022-03-15 13:38:41,5
台式机,办公游戏迷你家用组装吃鸡台式机电脑主机整机 主机+24英寸电竞显示器整套全套 配置三（i7级八核/16G/756G/游戏显卡）,2099.00,机箱外观：大气上档气性能配置：跟配置单一样散热性能：声音很小，深沉有力跑分评测：还没联网，暂时没有其他特色：挺好的一次购物体验,2022-03-30 21:02:02,5
台式机,办公游戏迷你家用组装吃鸡台式机电脑主机整机 主机+24英寸电竞显示器整套全套 配置三（i7级八核/16G/756G/游戏显卡）,2099.00,服务很好，物流也很快，电脑还算是比较不错的机箱外观：以性能配置：好散热性能：良好跑分评测：一般,2022-04-14 21:34:48,5
台式机,办公游戏迷你家用组装吃鸡台式机电脑主机整机 主机+24英寸电竞显示器整套全套 配置三（i7级八核/16G/756G/游戏显卡）,2099.00,很赞，屏幕清晰，机箱时尚，速度很快，散热效果好是一次很不错的购买，后台客服也很细心真心不错,2022-04-19 20:18:59,5
台式机,办公游戏迷你家用组装吃鸡台式机电脑主机整机 主机+24英寸电竞显示器整套全套 配置三（i7级八核/16G/756G/游戏显卡）,2099.00,机箱外观：外观很漂亮性能配置：性能好，机箱内没什么声音散热性能：散热也很不错跑分评测：跑分也是很好的十八万跑分,2022-01-29 12:48:36,5
台式机,办公游戏迷你家用组装吃鸡台式机电脑主机整机 主机+24英寸电竞显示器整套全套 配置三（i7级八核/16G/756G/游戏显卡）,2099.00,买到的电脑外形美观，固态硬盘速度快，运行性能稳定.噪音小.很好，非常满意！,2022-04-22 15:25:06,5
台式机,办公游戏迷你家用组装吃鸡台式机电脑主机整机 主机+24英寸电竞显示器整套全套 配置三（i7级八核/16G/756G/游戏显卡）,2099.00,到货很快。非常完美，电脑试过了，非常好，非常好，东西不错，配置也可以，疫情期间满足所有需求，上网课、线上培训、网络办工，游戏&hellip;,2022-03-29 22:38:00,5
台式机,办公游戏迷你家用组装吃鸡台式机电脑主机整机 主机+24英寸电竞显示器整套全套 配置三（i7级八核/16G/756G/游戏显卡）,2099.00,电脑屏幕够大，办公用非常好，挺满意的，性价比还可以，老板也很好,2022-04-23 13:25:35,5
台式机,办公游戏迷你家用组装吃鸡台式机电脑主机整机 主机+24英寸电竞显示器整套全套 配置三（i7级八核/16G/756G/游戏显卡）,2099.00,一下子入手三台，很适合办公客服专用，散热功能强，运行快，质量上乘，给力！！开机速度贼快，客服反应打字不卡顿，键盘手感舒服好敲打下次公司还需要买电脑必须找你们家购买,2022-04-12 21:07:37,5
台式机,办公游戏迷你家用组装吃鸡台式机电脑主机整机 主机+24英寸电竞显示器整套全套 配置三（i7级八核/16G/756G/游戏显卡）,2099.00,物流很快，电脑运行也流畅，真是不错，上个电脑打游戏坏了，赶紧买了这个，刚上手，真不错，值得推荐,2022-01-25 13:52:16,5
台式机,办公游戏迷你家用组装吃鸡台式机电脑主机整机 主机+24英寸电竞显示器整套全套 配置三（i7级八核/16G/756G/游戏显卡）,2099.00,机箱外观：很炫酷，很帅。发货很快，第二天就到了，快递小哥服务态度很好已经用上了，速度很快，自带系统，使用起来很方便。非常不错。,2022-04-07 20:35:39,5
台式机,办公游戏迷你家用组装吃鸡台式机电脑主机整机 主机+24英寸电竞显示器整套全套 配置三（i7级八核/16G/756G/游戏显卡）,2099.00,金牌售后3258有点牛，爱了爱了。电脑真的很厉害，转速高性能大，还有就是轻方便携带，安装使用也很简单的。卖家发货挺快的，收到包装的很仔细，物流也非常快，非常满意的购物体验。还会来店铺光顾的。,2021-12-03 16:16:52,5
台式机,办公游戏迷你家用组装吃鸡台式机电脑主机整机 主机+24英寸电竞显示器整套全套 配置三（i7级八核/16G/756G/游戏显卡）,2099.00,不错，电脑开机速度超级快，运行内存足够大，价格也非常实惠，售后耐心指导，非常好，疫情期间耽误了两天时间，居家终于用上了！,2022-04-06 19:55:15,5
台式机,办公游戏迷你家用组装吃鸡台式机电脑主机整机 主机+24英寸电竞显示器整套全套 配置三（i7级八核/16G/756G/游戏显卡）,2099.00,主机设计的很炫酷，这种设计不错可以清楚的透过玻璃看到里边部件的工作状态，今天到货的电脑，目前用着还没什么问题，这也是本人一次愉快的购物。,2022-03-01 12:43:32,5
台式机,办公游戏迷你家用组装吃鸡台式机电脑主机整机 主机+24英寸电竞显示器整套全套 配置三（i7级八核/16G/756G/游戏显卡）,2099.00,非常好，卖家还送了键盘，和鼠标，还有鼠标垫，我链接的电43寸视，而且电脑，自带音频，有声音。非常好，谢谢您了，快递小哥也非常好，工作认真，热情。谢谢您了。,2022-04-10 09:33:22,5
台式机,办公游戏迷你家用组装吃鸡台式机电脑主机整机 主机+24英寸电竞显示器整套全套 配置三（i7级八核/16G/756G/游戏显卡）,2099.00,32寸曲面显示器用起来很舒服，主机看起来很漂亮，这配置5玩游戏不卡很流畅,2022-02-28 10:19:48,5
台式机,办公游戏迷你家用组装吃鸡台式机电脑主机整机 主机+24英寸电竞显示器整套全套 配置三（i7级八核/16G/756G/游戏显卡）,2099.00,很不错，物流很快，电脑到的时候也是完好无损，今天开机试了一下，不错，很流畅，玩游戏一点也不卡。nice！,2022-03-09 06:51:34,5
台式机,办公游戏迷你家用组装吃鸡台式机电脑主机整机 主机+24英寸电竞显示器整套全套 配置三（i7级八核/16G/756G/游戏显卡）,2099.00,电脑配置还行，自己也不是很懂配置，玩起来不卡，客服服务态度好，技术员工号3258非常耐心指导，安装所有问题全部解决，非常满意，先用用，后续再追评,2021-12-01 21:51:14,5
台式机,办公游戏迷你家用组装吃鸡台式机电脑主机整机 主机+24英寸电竞显示器整套全套 配置三（i7级八核/16G/756G/游戏显卡）,2099.00,遇到一些问题，客服帮解决了，总体还好。,2018-08-16 09:29:55,3
台式机,办公游戏迷你家用组装吃鸡台式机电脑主机整机 主机+24英寸电竞显示器整套全套 配置三（i7级八核/16G/756G/游戏显卡）,2099.00,机器很帅，速度快，真的很赞。绝对给力。遇到困难，售后帮助解决，愉快的购物。使用后还会追评。,2022-02-23 22:15:00,5
台式机,办公游戏迷你家用组装吃鸡台式机电脑主机整机 主机+24英寸电竞显示器整套全套 配置三（i7级八核/16G/756G/游戏显卡）,2099.00,非常完美，电脑试过了，非常好，非常好，东西不错，我都是在外地提前买好了寄回去的，然后把主机架子也买了然后过年回家直接用可以玩了这电脑不错，配置也可以?,2022-01-29 14:37:32,5
台式机,雷神(ThundeRobot)GeekBox 设计师游戏台式电脑主机(12代i5-12400 8G GT1030 GDDR5 512GSSD 三年上门）,3798.00,当时买的时候还在犹豫价格，买来之后一点都不后悔，而且物流还快，可以入手，机子很快，用来画平面图一点都不卡，性价比非常好的一款主机，而且颜值绝对符合我的口味，配置也是没得说，处理速度很快，打开软件的响应速度也很快。总得来说就是物有所值。性能配置：没毛病，没试过打游戏因为是办公电脑，我哭的如果打英雄联盟也是绰绰有余了。,2022-04-15 08:05:12,5
台式机,雷神(ThundeRobot)GeekBox 设计师游戏台式电脑主机(12代i5-12400 8G GT1030 GDDR5 512GSSD 三年上门）,3798.00,下好单第二天就到了，很惊喜，包装泡沫厚实保护很好，灯光可以多种变换，喜欢，订的显示器赶上疫情了，这两天到不了，不然就可以用了。,2022-04-10 02:39:56,5
台式机,雷神(ThundeRobot)GeekBox 设计师游戏台式电脑主机(12代i5-12400 8G GT1030 GDDR5 512GSSD 三年上门）,3798.00,机箱外观：真的挺帅的散热性能：双风扇无解散热。性能配置：玩吃鸡中等画质无压力。售后服务：售后小姐姐可以说是很有耐心了。其他特色：包装贼好。里面全是泡沫，完全不用担心运输损坏。,2022-03-30 13:19:20,5
台式机,雷神(ThundeRobot)GeekBox 设计师游戏台式电脑主机(12代i5-12400 8G GT1030 GDDR5 512GSSD 三年上门）,3798.00,机箱外观：样子很帅，侧面透明背板还有rgb风扇性能配置：家用已经很不错了，也能胜任一般大型网游。散热性能：风道设计的很不错，散热很好。跑分评测：跑分和配置很符合其他特色：雷神的造型也很棒，喜欢？,2022-01-29 19:21:45,5
台式机,雷神(ThundeRobot)GeekBox 设计师游戏台式电脑主机(12代i5-12400 8G GT1030 GDDR5 512GSSD 三年上门）,3798.00,机箱外观：很酷性能配置：拿来玩玩一般的游戏足够了散热性能：还可以其他特色：总体来说很不错,2022-04-06 17:06:05,5
台式机,雷神(ThundeRobot)GeekBox 设计师游戏台式电脑主机(12代i5-12400 8G GT1030 GDDR5 512GSSD 三年上门）,3798.00,包装好，特别多的泡沫，打开后也很精致，噪音小，运行快，看着很舒服，目前很满意的一次购物,2022-04-09 10:24:11,5
台式机,雷神(ThundeRobot)GeekBox 设计师游戏台式电脑主机(12代i5-12400 8G GT1030 GDDR5 512GSSD 三年上门）,3798.00,即使在疫情期间京东物流也很赞。电脑运行速度快，散热很好。主机，显示器，键盘和鼠标都是一起下的单。客服也很耐心。机箱外观：颜色很炫。散热性能：散热很好,2022-04-18 17:44:52,5
台式机,雷神(ThundeRobot)GeekBox 设计师游戏台式电脑主机(12代i5-12400 8G GT1030 GDDR5 512GSSD 三年上门）,3798.00,电脑运行速度快，很安静、稳定，散?很好，双侧透很酷，外形端庄，规规矩矩的，特别是前阳极铝合金面板很精致，美观，上档次。不过才用一天，主电源风扇就不转了，本想换货，但资料已存电脑里，只好换电源了，现等电源到货就好了。客户和售后维修人员回复快，这个值得表扬,2021-10-16 17:55:20,5
台式机,雷神(ThundeRobot)GeekBox 设计师游戏台式电脑主机(12代i5-12400 8G GT1030 GDDR5 512GSSD 三年上门）,3798.00,机箱外观：外观不仅大气，而且漂亮酷炫。性能配置：开机速度快，玩英雄联盟完全满足要求散热性能：散热好，几乎没有声音，特别安静,2022-03-04 20:49:01,5
台式机,雷神(ThundeRobot)GeekBox 设计师游戏台式电脑主机(12代i5-12400 8G GT1030 GDDR5 512GSSD 三年上门）,3798.00,机箱外观：比较酷炫，订的电脑桌还没有到哈哈哈哈图2将就看性能配置：我自己主要就打cf，所以这款主机很合适散热性能：很好，比较静音,2022-02-06 19:35:22,5
台式机,雷神(ThundeRobot)GeekBox 设计师游戏台式电脑主机(12代i5-12400 8G GT1030 GDDR5 512GSSD 三年上门）,3798.00,"京东过年期间也送货不要太方便呀！老公看了好几天，还是决定在雷神买一套，下单两天就到了,意亮艘幌戮醯煤苈意,电脑的外观很漂亮,运行速度和内存都还很好，电脑大部分是已经装好的，连接下开机就能用，特别有科技感。",2022-02-01 17:49:05,5
台式机,雷神(ThundeRobot)GeekBox 设计师游戏台式电脑主机(12代i5-12400 8G GT1030 GDDR5 512GSSD 三年上门）,3798.00,纠结了半天还是相信品牌的果然没让我失望。高端大气上档次绝对的完美来形容打游戏流畅的一笔。赞赞赞,2022-02-15 20:15:24,5
台式机,雷神(ThundeRobot)GeekBox 设计师游戏台式电脑主机(12代i5-12400 8G GT1030 GDDR5 512GSSD 三年上门）,3798.00,雷神主机可以的，比以前用的电脑好多了，总之来说非常满意，顺畅，游戏速度也很快，自己买来是随便玩玩的，没想到惊喜到了,2022-03-29 20:39:33,5
台式机,雷神(ThundeRobot)GeekBox 设计师游戏台式电脑主机(12代i5-12400 8G GT1030 GDDR5 512GSSD 三年上门）,3798.00,机箱外观：很炫酷，不错，看起来很高档性能配置：不要啥柚游戏，完全够用了散热性能：声音比较小，散热很给力。,2022-02-21 19:25:25,5
台式机,雷神(ThundeRobot)GeekBox 设计师游戏台式电脑主机(12代i5-12400 8G GT1030 GDDR5 512GSSD 三年上门）,3798.00,电脑收到后玩了几天游戏测试了下，首先win11的系统太香了，我感觉比我之前win7好用多了，开机速度也很快，机箱非常炫酷，1650的显卡基本上什么游戏都能玩，我玩DNF的这速度直接飞起！,2022-02-23 07:22:54,5
台式机,雷神(ThundeRobot)GeekBox 设计师游戏台式电脑主机(12代i5-12400 8G GT1030 GDDR5 512GSSD 三年上门）,3798.00,就喜欢这种规规矩矩的主机箱，配置什么的凑合用就行了，散热也不错超静音的，对于雷神的品牌服务还是值得信任的！,2021-09-23 15:25:48,5
台式机,雷神(ThundeRobot)GeekBox 设计师游戏台式电脑主机(12代i5-12400 8G GT1030 GDDR5 512GSSD 三年上门）,3798.00,这主机适合办公，不能玩大型网游，比如吃鸡和战地风云5那些，能玩cf和lol,2022-03-08 21:24:10,3
台式机,雷神(ThundeRobot)GeekBox 设计师游戏台式电脑主机(12代i5-12400 8G GT1030 GDDR5 512GSSD 三年上门）,3798.00,对雷神台式电脑关注已久，这次终于入手。机箱外观：科技感极强，黑色烤漆，外观炫酷！性能配置：12代5CPU，516g固态硬盘，开机速度干干的！跑分评测：暂未做跑分测试，后续补充！售后服务：从没担心过京东自营的售后服务，正是因为看中其售后才买的。强烈推荐购买！！,2022-03-05 21:56:10,5
台式机,雷神(ThundeRobot)GeekBox 设计师游戏台式电脑主机(12代i5-12400 8G GT1030 GDDR5 512GSSD 三年上门）,3798.00,机箱外观：非常酷的设计。性能配置：性能超强，7**的锐龙9性能碾压对手英特尔。散热性能：水冷和风扇一起散热完全没问题。BIOS中可以设置让机箱非常静音，晚上很安静的时候也几乎听不到什么声音。还有可以再安装一个SATA3.0接口的硬盘。数据线都给了?。,2020-12-18 08:32:46,5
台式机,雷神(ThundeRobot)GeekBox 设计师游戏台式电脑主机(12代i5-12400 8G GT1030 GDDR5 512GSSD 三年上门）,3798.00,选了好几天才看中这一款电脑，问了朋友也说不错，屏幕也是买的雷神的，安装方便简单，拆开直接插线就行了，机箱声音还能接受，外观设计很有型，期待后面的使用效果。,2022-03-18 20:10:26,5
