名称,评分,图片地址,评论数,价格,标签,,,,,
天青屿山-海景大床房-天台观海看日出-连住车接-近曾厝，投影，浴缸，可做饭，电梯，散步到海边,4.9,https://z1.muscache.cn/im/pictures/miso/Hosting-50528599/original/a2fc574a-844c-46a4-b092-fb0fb9fb6bdd.jpeg?aki_policy=large,21,￥288,"整套公寓型住宅,  ・ 1室1卫1床",,,,,
「天台海景」「投影仪」近曾厝/厦门大学/沙坡尾/植物园/环岛路/鼓浪屿,4.7,https://z1.muscache.cn/im/pictures/miso/Hosting-50645294/original/202fa477-1d66-452c-83c9-35f71cc7561c.jpeg?aki_policy=large,141,￥158,"精品酒店客房,  ・ 1室1卫1床",,,,,
「窗外山景」「投影仪」近曾厝/厦门大学/沙坡尾/植物园/环岛路/鼓浪屿,4.9,https://z1.muscache.cn/im/pictures/miso/Hosting-50645465/original/03e2fef4-5366-49f8-94ee-1f2c90e62beb.jpeg?aki_policy=large,100,￥196,"酒店房间,  ・ 1室1卫1床",,,,,
?《Nata海边民宿》设计师推荐大床房，曾厝海边   环岛路  厦门大学胡里山炮台 沙波尾,4.9,https://z1.muscache.cn/im/pictures/miso/Hosting-51242785/original/266db943-77e4-4ee8-b2c2-ae3f96d6e897.jpeg?aki_policy=large,315,￥115,"独立房间,  ・ 1室1卫1床",,,,,
?【格格美宿】纯纯大床，紧邻曾厝小吃街，厦门大学，胡里山炮台，沙坡尾猫街等众多网红景点，出行便利,4.9,https://z1.muscache.cn/im/pictures/a619bf29-f929-4245-978a-954b76417e14.jpg?aki_policy=large,1370,￥124,"独立房间,  ・ 1室1卫1床",,,,,
?一张1.8米榻榻米大床。近厦门大学/曾厝/环岛路/中山路/鼓浪屿。(点击房东头像可看其他房源),4.7,https://z1.muscache.cn/im/pictures/b469fbe9-ec80-4ff7-a780-eeffc84843aa.jpg?aki_policy=large,2887,￥126,"独立房间,  ・ 1室1卫1床",,,,,
「散步海边3分钟」「近公交站」近国际会展中心/白城沙滩/厦门大学/曾厝安,4.7,https://z1.muscache.cn/im/pictures/miso/Hosting-48287539/original/5d274664-e419-4acd-95f6-5b1df7176abe.jpeg?aki_policy=large,418,￥174,"精品酒店客房,  ・ 1室1卫1床",,,,,
?设计师推荐大床房 近厦门大学 曾厝安 环岛路 胡里山炮台 点击头像可查看更多房源,4.7,https://z1.muscache.cn/im/pictures/7b226f7b-4959-45f0-bd09-75a7c7296c73.jpg?aki_policy=large,700,￥119,"独立房间,  ・ 1室1卫1床",,,,,
"?海边Lime民宿-设计师ins投影或电视大床,紧邻曾厝安小吃街，厦大，白城沙滩点击头像查看更多房源",4.9,https://z1.muscache.cn/im/pictures/be73e76d-eaf4-4aec-86b2-28b13b3d9699.jpg?aki_policy=large,4546,￥140,"客栈单间,  ・ 1室1卫1床",,,,,
[ 叁昧・Samadhi ]―LOFT复式公寓 BRT沿线速达机场动车站,4.7,https://z1.muscache.cn/im/pictures/f4be1426-5cd6-470f-8ddd-970112ba9655.jpg?aki_policy=large,105,￥150,"整套loft,  ・ 1室1卫1床",,,,,
中山路“高清投影只是鼓浪屿海景房”双向BRT旁/近厦大/鼓浪屿/八市海鲜市场/沙坡尾/网红打卡地,4.7,https://z1.muscache.cn/im/pictures/miso/Hosting-50118983/original/3f032e47-0ddb-4a0f-a3f2-b26d74aecfa0.jpeg?aki_policy=large,6,￥388,"整套酒店式公寓,  ・ 1室1.5卫1床",,,,,
"白书・曾厝D2｜景区内,7分钟海边环岛路，免费浴缸袋+花茶，前卫设计师民宿，近机场中山路厦大植物园",4.9,https://z1.muscache.cn/im/pictures/230e89a3-9af7-4fa2-ab8a-85b71b3398c2.jpg?aki_policy=large,73,￥221,"精品酒店客房,  ・ 1室1卫1床",,,,,
［Blue mood ］近厦门北/方特/机场双床网红看日出日落海景房,4.8,https://z1.muscache.cn/im/pictures/35d23020-8c19-4b1f-8d17-f360612d49e2.jpg?aki_policy=large,335,￥210,"整套loft,  ・ 1室1卫2床",,,,,
2张1.5米的双床房。网红打卡民宿。近厦门大学/曾厝/环岛路/中山路/鼓浪屿/南普陀寺。,4.9,https://z1.muscache.cn/im/pictures/98a4f6b1-68b3-4784-a557-791d57f148fb.jpg?aki_policy=large,1599,￥165,"独立房间,  ・ 1室1卫2床",,,,,
秋千(投影仪)一线无遮挡海景房|莫兰迪浅绿风格,4.8,https://z1.muscache.cn/im/pictures/ad6eed00-8f05-482f-bd64-28aaa2149231.jpg?aki_policy=large,616,￥203,"整套loft,  ・ 1室1.5卫1床",,,,,
【素】高性价比大床房步行可达海边近曾厝厦大南普陀植物园鼓浪屿等景点,4.8,https://z1.muscache.cn/im/pictures/miso/Hosting-45507479/original/af131e15-252a-45f1-8ccb-c89a54b81c0f.jpeg?aki_policy=large,657,￥129,"独立房间,  ・ 1室1卫1床",,,,,
『厦门情侣口碑?』接机接站? 投影大床、可做饭?、配私人管家、在曾厝海边? 近植物园、厦门大学,4.9,https://z1.muscache.cn/im/pictures/2f68180f-26db-49bb-a1b1-efe54615f012.jpg?aki_policy=large,422,￥224,"客栈单间,  ・ 1室1卫1床",,,,,
在海边102，厦门位置第一，机场厦门北站直达，鼓浪屿中山路轮渡八市，不接待老人，有除湿机,4.7,https://z1.muscache.cn/im/pictures/miso/Hosting-46688235/original/a3649877-7c95-44d5-8e44-8ef51ff03fe2.jpeg?aki_policy=large,60,￥128,"独立房间,  ・ 1室1.5卫2床",,,,,
菲home  无遮挡海景Loft|Bose音响|落地窗|日式简约|3分钟海边|投影|干净舒适,4.7,https://z1.muscache.cn/im/pictures/miso/Hosting-44515970/original/5c1c3b05-1cab-4188-8ca0-c556ee9a9a27.jpeg?aki_policy=large,287,￥215,"整套loft,  ・ 1室1.5卫2床",,,,,
「窗外海景」「投影仪设计型民宿」近曾厝/厦门大学/沙坡尾/植物园/环岛路/鼓浪屿,4.8,https://z1.muscache.cn/im/pictures/miso/Hosting-50645737/original/8bf77b1c-31dc-4b77-b3fc-bc30891f7404.jpeg?aki_policy=large,55,￥246,"精品酒店客房,  ・ 1室1卫1床",,,,,
厦门环岛路曾厝.厦大.沙坡尾鼓浪屿设计师民宿room302,4.7,https://z1.muscache.cn/im/pictures/miso/Hosting-50625083/original/4ea291d4-c16d-45ba-b680-532669862e33.jpeg?aki_policy=large,23,￥308,"整套别墅,  ・ 1室1卫1床",,,,,
?【格格美宿】巨幕影视大床，2米网红大床房紧邻曾厝小吃街，厦门大学，胡里山炮台众多网红景点，出行便,4.7,https://z1.muscache.cn/im/pictures/5136abe9-2091-4483-a7a0-07e22f6f9fac.jpg?aki_policy=large,650,￥147,"独立房间,  ・ 1室1卫1床",,,,,
?夏屿轻奢落地窗大床房,4.8,https://z1.muscache.cn/im/pictures/miso/Hosting-51012445/original/13bd31e5-3606-4325-8581-9b3d7f970641.jpeg?aki_policy=large,258,￥114,"客栈单间,  ・ 1室1卫1床",,,,,
［Sun shine］近厦门北/机场/方特/步行五分钟到达彩虹沙滩/Loft复式看日出海景房,4.9,https://z1.muscache.cn/im/pictures/ecb6aeca-039e-44e8-bc29-0c420f7a8635.jpg?aki_policy=large,479,￥210,"整套loft,  ・ 1室1卫2床",,,,,
<强烈推荐>一张1.8米的投影大床。近海边/厦门大学/曾厝/环岛路/中山路/鼓浪屿/南普陀,4.9,https://z1.muscache.cn/im/pictures/10b77f24-5e62-45d3-ac42-b6c1997548fd.jpg?aki_policy=large,734,￥119,"独立房间,  ・ 1室1.5卫1床",,,,,
躺在床上就可以看海的复式民宿，近机场，近高铁，近方特,4.9,https://z1.muscache.cn/im/pictures/45db897b-8138-4f4b-9401-e802e19765d7.jpg?aki_policy=large,913,￥210,"整套loft,  ・ 2室1卫2床",,,,,
【森】曾厝投影大床房近厦大，中山路，沙坡尾，鼓浪屿，设计师民宿，点击下方头像可以看其他房源,4.9,https://z1.muscache.cn/im/pictures/50f02343-5a20-409d-b4a2-c072352caae6.jpg?aki_policy=large,1099,￥128,"客栈单间,  ・ 1室1卫1床",,,,,
【漫】高性价比大床房步行可达海边近曾厝厦大南普陀植物园鼓浪屿等景点,4.9,https://z1.muscache.cn/im/pictures/9ed36166-f254-43d5-8eb6-c313784a1094.jpg?aki_policy=large,854,￥99,"客栈单间,  ・ 1室1卫1床",,,,,
?【格格美宿】亲子家庭房，紧邻曾厝小吃街，厦门大学，胡里山炮台，沙坡尾猫街等网红景点，出行十分便利,4.9,https://z1.muscache.cn/im/pictures/802d5bcf-a056-4e91-ade6-56e89012bbf3.jpg?aki_policy=large,1373,￥132,"独立房间,  ・ 1室1卫2床",,,,,
【拂柳风吟】已消毒/曾厝厦大环岛路海边/简约大三房/既有投影仪又有电视机,4.7,https://z1.muscache.cn/im/pictures/miso/Hosting-31292089/original/c652b318-8163-4aa6-9034-e3c8e7ba3dd8.jpeg?aki_policy=large,81,￥629,"整套公寓型住宅,  ・ 3室2卫4床",,,,,
曾厝【青石】【三晚接机】大床『茯苓』3楼落地飘窗房，近环岛路//厦大/钟鼓索道/鼓浪屿/植物园,4.7,https://z1.muscache.cn/im/pictures/miso/Hosting-38554479/original/a89f7222-4291-4f79-b18d-3c6864498d1b.jpeg?aki_policy=large,57,￥169,"独立房间,  ・ 1室1卫1床",,,,,
【可短租做饭】栗子小姐 一居大床房 高清投影 带飘窗榻榻米阳台 中山路步行街 轮渡码头 地铁直达,4.9,https://z1.muscache.cn/im/pictures/miso/Hosting-53455219/original/90f1775e-f69c-4f79-893f-f4b93e47f5d9.jpeg?aki_policy=large,6,￥208,"整套公寓型住宅,  ・ 1室1卫1床",,,,,
海边的度假民宿??直面海景套房・私享?影院【三晚连住送??帆船出海体验】摩洛哥仙人掌庭院#蓝色岛屿,4.9,https://z1.muscache.cn/im/pictures/bc09ba81-4574-4254-8057-ad66eb022f45.jpg?aki_policy=large,105,￥299,"整套普通公寓,  ・ 1室2卫2床",,,,,
【港湾设计师美宿】阳光大床房/距离海边300米/近厦大/曾厝/沙坡尾/中山路/胡里山炮台/双子塔,4.9,https://z1.muscache.cn/im/pictures/45f87666-542c-4860-890e-084eb62021f7.jpg?aki_policy=large,1258,￥108,"客栈单间,  ・ 1室1卫1床",,,,,
白书・曾厝C5｜景区内，7分环岛路海边，免费花茶+浴缸+小阳台，设计师民宿近火车站厦大植物园中山路,4.7,https://z1.muscache.cn/im/pictures/0f237142-b1b1-4a1e-b242-1bfa2ca8b4c0.jpg?aki_policy=large,60,￥221,"精品酒店客房,  ・ 1室1卫1床",,,,,
白书・曾厝C2｜景区内，7分钟海边环岛路／免费花茶+浴缸袋，50米美食街／设计师民宿／近机场鼓浪屿,4.9,https://z1.muscache.cn/im/pictures/394797f4-c275-4ceb-abf7-3973a865f595.jpg?aki_policy=large,41,￥221,"精品酒店客房,  ・ 1室1卫1床",,,,,
厦门市环岛路曾厝.厦大.沙坡尾.鼓浪屿设计师民宿room401,4.9,https://z1.muscache.cn/im/pictures/miso/Hosting-50625727/original/eed10e9a-bfba-498a-bbc2-64a1c2ec1b53.jpeg?aki_policy=large,32,￥228,"独立房间,  ・ 1室1卫1床",,,,,
「窗外好景」「投影仪设计型民宿」近曾厝/厦门大学/沙坡尾/植物园/环岛路/鼓浪屿,4.7,https://z1.muscache.cn/im/pictures/miso/Hosting-50645640/original/52f5ecd6-c6cf-40f1-b184-995775a8cca7.jpeg?aki_policy=large,98,￥246,"精品酒店客房,  ・ 1室1卫1床",,,,,
曾厝泳池民宿 ?接机接站，含早下午茶?〔橘夏〕配私人管家，步行10米曾厝小吃街，海边步行1分钟,4.7,https://z1.muscache.cn/im/pictures/miso/Hosting-45627554/original/a4bda1fa-6719-423e-a1da-62f0f76fb11b.jpeg?aki_policy=large,66,￥311,"度假村客房,  ・ 1室1卫1床",,,,,
【阳】轻奢大床步行可到海边沙滩近曾厝厦大南普陀植物园鼓浪屿等景点,4.9,https://z1.muscache.cn/im/pictures/miso/Hosting-44600423/original/986c3de2-40c9-49db-8ede-c4b12e92dbaf.jpeg?aki_policy=large,659,￥157,"客栈单间,  ・ 1室1卫1床",,,,,
【接机接站】〖海景/山景露台〗〖看日出 〗近曾厝/黄厝海滨/沙坡尾/环岛路/厦大/植物园,4.8,https://z1.muscache.cn/im/pictures/miso/Hosting-38609253/original/cfe63775-7139-435e-acc8-b27e68198b59.jpeg?aki_policy=large,216,￥253,"独立房间,  ・ 1室1卫1床",,,,,
洋果子|中山路步行街看日落市中心景观阳台房投影房|八市沙坡尾鼓浪屿,4.7,https://z1.muscache.cn/im/pictures/miso/Hosting-44844560/original/5fd570b7-a923-40d8-a146-4b168dbd3653.jpeg?aki_policy=large,57,￥258,"整套公寓型住宅,  ・ 1室1卫2床",,,,,
曾厝【青石】【三晚接机】【沙棠】双层LOFT/4楼落地飘窗-庭院公区，近沙滩/厦大/鼓浪屿/植物园,4.9,https://z1.muscache.cn/im/pictures/miso/Hosting-38555443/original/ea418dbf-4722-478e-b5d6-1ba52ccb51d4.jpeg?aki_policy=large,88,￥205,"整套loft,  ・ 1室1卫2床",,,,,
特惠上新 霏淇公寓2米大床 沙坡尾三一号 带超大浴缸 近厦门大学 南普陀 世茂双子塔 看日光岩海景房,4.8,https://z1.muscache.cn/im/pictures/miso/Hosting-45631575/original/93ceebb0-7b5e-4f85-835d-fc1db57c4964.jpeg?aki_policy=large,52,￥192,"整套酒店式公寓,  ・ 1室1卫1床",,,,,
白书・曾厝D3｜景区内/大床房，7分钟海边环岛路／免费浴缸袋+花茶，网红设计师民宿近火车站厦门大学,4.8,https://z1.muscache.cn/im/pictures/3e0061b8-5d15-4584-a801-512a916dbb59.jpg?aki_policy=large,50,￥221,"精品酒店客房,  ・ 1室1卫1床",,,,,
在海边101，厦门位置第一，隔音玻璃隔音墙，机场北站直达，鼓浪屿中山路轮渡八市，露台看海除湿机,4.9,https://z1.muscache.cn/im/pictures/miso/Hosting-46687766/original/14847cf6-b440-454b-a5a4-038a610cd981.jpeg?aki_policy=large,47,￥104,"独立房间,  ・ 1室1.5卫2床",,,,,
鼓浪屿 纳海庄园Ⅰ别致大床房Ⅰ豪华现代北欧风Ⅰ独栋别墅带大庭院可看海Ⅰ靠近码头 海边沙滩,4.9,https://z1.muscache.cn/im/pictures/b9c25c85-8a0b-4acd-91e9-f44535d88ea6.jpg?aki_policy=large,100,￥192,"独立房间,  ・ 1室1卫1床",,,,,
?《Amoy设计》轻奢大床房 曾厝 紧邻环岛路 厦大 白城沙滩  点击头像可查看更多房源,4.9,https://z1.muscache.cn/im/pictures/miso/Hosting-47259835/original/c2d13e33-c8d9-43ff-9c03-955c15da3712.jpeg?aki_policy=large,564,￥110,"独立房间,  ・ 1室1卫1床",,,,,
??2米＋1.5米两居室套房。网红打卡民宿。近厦门大学/曾厝/环岛路/中山路/鼓浪屿。,4.8,https://z1.muscache.cn/im/pictures/fc0f7345-d63d-415a-b0af-7591c1dbf787.jpg?aki_policy=large,1002,￥284,"独立房间,  ・ 2室1卫2床",,,,,
前后精致大床&接机接站&儿童乐园&落地窗&电梯&环岛路海边&会展中心&曾厝&厦门大学,4.7,https://z1.muscache.cn/im/pictures/6b873cc4-2e8b-4f19-bd54-012d5d24dae1.jpg?aki_policy=large,202,￥217,"客栈单间,  ・ 1室1.5卫1床",,,,,
［Sun shine］近厦门北/机场/方特/步行五分钟到彩虹沙滩/Loft复式看海看日出日落海景房,4.9,https://z1.muscache.cn/im/pictures/2d075195-c7eb-48e7-8f52-0175034451d4.jpg?aki_policy=large,209,￥248,"整套loft,  ・ 2室1.5卫2床",,,,,
【UNO一室一厅】DOLOMITI Apt/STUDIO多访赖厮文公寓 近海近会展楼下地铁轻奢商场,4.8,https://z1.muscache.cn/im/pictures/53bdf918-46cb-4eb7-9e42-1aa84a192a38.jpg?aki_policy=large,3,￥398,"整套公寓型住宅,  ・ 1室1卫1床",,,,,
无遮挡日式海景LOFT，近机场/厦门北/方特/集美学村，榻榻米｜和服｜投影仪,4.9,https://z1.muscache.cn/im/pictures/7de607b2-0a60-4dc1-9213-faacf009360b.jpg?aki_policy=large,338,￥168,"整套loft,  ・ 1室1.5卫2床",,,,,
厦门曾厝美食街内（海边民宿）――两室两卫两间大床房2(近鼓浪屿?中山路)直达机场高铁站,4.7,https://z1.muscache.cn/im/pictures/a6473db8-8036-424d-97fd-afdbf78464dc.jpg?aki_policy=large,111,￥168,"精品酒店客房,  ・ 2室2卫2床",,,,,
白书・曾厝C3｜景区内，7分钟环岛路海边，浴缸+免费花茶，设计师民宿，近火车站机场厦大中山路植物园,4.9,https://z1.muscache.cn/im/pictures/5595cf48-7bf2-4861-8cba-f857bac9df37.jpg?aki_policy=large,41,￥221,"独立房间,  ・ 1室1卫1床",,,,,
厦门市环岛路曾厝.厦大.沙坡尾.鼓浪屿设计师民宿room301,4.9,https://z1.muscache.cn/im/pictures/miso/Hosting-50626253/original/9a2a59ce-7d3d-4240-b773-9285fe3c0cc8.jpeg?aki_policy=large,31,￥288,"独立房间,  ・ 1室1卫1床",,,,,
曾厝【青石】【三晚接机】【蒹葭】双层LOFT/4楼落地飘窗-庭院公区，近沙滩/厦大/鼓浪屿/植物园,4.9,https://z1.muscache.cn/im/pictures/miso/Hosting-38554792/original/5d415638-85aa-47b6-a42f-4b7a3321ecff.jpeg?aki_policy=large,62,￥205,"整套loft,  ・ 1室1卫2床",,,,,
在海边204，隔音玻璃隔音墙，全厦门位置第一，机场和北站直达，中山路轮渡八市近鼓浪屿，露台看海,4.7,https://z1.muscache.cn/im/pictures/miso/Hosting-46697906/original/40d1246d-ef0f-40d5-8403-1e15aa6a636f.jpeg?aki_policy=large,57,￥128,"独立房间,  ・ 1室1.5卫1床",,,,,
?一张2米投影大床。近厦门大学/曾厝/环岛路/中山路/鼓浪屿/南普陀。(点击房东头像可看其他房源),4.7,https://z1.muscache.cn/im/pictures/550125af-2739-4ff0-a122-4bb6e4b89562.jpg?aki_policy=large,701,￥141,"独立房间,  ・ 1室1卫1床",,,,,
曾厝「含两份早餐」★巨幕投影｜白羽大床「连住2晚提供岛内接机接站服务」  沙坡尾｜植物园｜厦大,4.9,https://z1.muscache.cn/im/pictures/8d0156a4-1738-48ed-b0f7-f82e14e146ae.jpg?aki_policy=large,154,￥273,"整套酒店式公寓,  ・ 1室1卫1床",,,,,
【INS雅奢大床房】近公交地铁口 住中山路商圈 对面就是鼓浪屿 /厦门大学/曾厝/环岛路/双子塔,4.9,https://z1.muscache.cn/im/pictures/a07e5c48-87da-4135-92ac-754b6f071eee.jpg?aki_policy=large,57,￥160,"酒店式公寓的房间,  ・ 1室1卫1床",,,,,
厦门曾厝『喜物客栈』【早春】投影大床房/三晚接机接站┃曾厝内┃近环岛南路/鼓浪屿/厦大/植物园等,4.9,https://z1.muscache.cn/im/pictures/9b8c15c8-5d5b-43eb-8254-d37cc0fce13e.jpg?aki_policy=large,139,￥160,"客栈单间,  ・ 1室1卫1床",,,,,
V7中山路/近鼓浪屿厦大/八市美食/私享花园大浴缸阳光房,4.7,https://z1.muscache.cn/im/pictures/a1049003-9a44-429d-a7db-4d965b03b953.jpg?aki_policy=large,25,￥228,"独立房间,  ・ 1室1卫1床",,,,,
「窗外山景」「投影仪设计型民宿」近曾厝/厦门大学/沙坡尾/植物园/环岛路/鼓浪屿,4.9,https://z1.muscache.cn/im/pictures/miso/Hosting-50645788/original/52217b40-5ed9-49eb-9845-49bd5abd2180.jpeg?aki_policy=large,27,￥196,"精品酒店客房,  ・ 1室1卫2床",,,,,
【超高性价比！】心居・大床房 |近曾厝 中山路 厦大|海景空中花园|步行沙滩|可存行李【何时连锁】,4.8,https://z1.muscache.cn/im/pictures/3595cbe6-2d28-45fa-b39e-de2be947d0b9.jpg?aki_policy=large,152,￥80,"独立房间,  ・ 1室1卫1床",,,,,
厦门北站万科云城华侨大学简约北欧风格大床房,4.7,https://z1.muscache.cn/im/pictures/9c794261-cbee-4df5-a30e-5c4b6dc48001.jpg?aki_policy=large,38,￥123,"整套公寓型住宅,  ・ 1室1卫1床",,,,,
udream花房店「哩哩」曾厝花房店一居室/音乐广场/北欧风/环岛路/鼓浪屿/开放厨房房车,4.7,https://z1.muscache.cn/im/pictures/miso/Hosting-49867981/original/a6da356c-0a71-44e7-914b-67464cf5fa3a.jpeg?aki_policy=large,12,￥99,"整套普通公寓,  ・ 1室1卫1床",,,,,
『海语诉』?诉说/近机场/近北站/Loft复式/ins风/一线海景房 躺在床上看海看日出,4.9,https://z1.muscache.cn/im/pictures/30972f9b-c431-456b-9cb1-798cf19aa550.jpg?aki_policy=large,18,￥189,"整套loft,  ・ 1室1卫2床",,,,,
中山路步行街近鼓浪屿  舒适一居室 乔木一号,4.8,https://z1.muscache.cn/im/pictures/8352c09f-e5df-4d99-8342-a296bad9305c.jpg?aki_policy=large,9,￥108,"整套住宅,  ・ 单间1卫1床",,,,,
洋果子｜Caramel中山路步行街八市沙坡尾鼓浪屿阳台房投影房,4.8,https://z1.muscache.cn/im/pictures/91bc35c0-7ee4-4db4-813b-14533b9309fc.jpg?aki_policy=large,33,￥287,"整套公寓型住宅,  ・ 1室1.5卫2床",,,,,
【当归・沐浪】环岛路海边.近曾厝.厦大.植物园.沙坡尾.独栋别墅.乳胶大床房.带小客厅.发光美妆镜,4.7,https://z1.muscache.cn/im/pictures/3c5e5060-10f2-4e58-aafa-df7d0fbed965.jpg?aki_policy=large,150,￥188,"精品酒店客房,  ・ 1室1.5卫1床",,,,,
ins泡泡椅情侣大床房(投影仪)一线无遮挡海景套房|近机场/近厦门北站/一线无遮挡套房/面朝大海,4.7,https://z1.muscache.cn/im/pictures/d6bacd70-1d74-44ea-9784-d25e480cde0f.jpg?aki_policy=large,262,￥183,"整套loft,  ・ 1室1卫1床",,,,,
厦门市环岛路曾厝.厦大.沙坡尾.鼓浪屿设计师民宿room403,4.8,https://z1.muscache.cn/im/pictures/miso/Hosting-50629083/original/9fc3b260-375a-4ebb-9547-ade603248ab4.jpeg?aki_policy=large,14,￥228,"独立房间,  ・ 1室1卫1床",,,,,
在海边202｜位于中山路轮渡 对面鼓浪屿｜1分钟八市｜交通便利｜星空露台｜无窗有空气净化器,4.7,https://z1.muscache.cn/im/pictures/miso/Hosting-46696104/original/5f63771c-f25c-4e44-8cbc-0cf6dcd854c3.jpeg?aki_policy=large,44,￥112,"独立房间,  ・ 1室1.5卫2床",,,,,
udream花房店「淡月」送写真花房店/音乐广场旁/带浴缸投影一居室/开放式厨房/房车/北欧山景房,4.8,https://z1.muscache.cn/im/pictures/miso/Hosting-49868336/original/a39dac97-2793-4f4c-b7ce-dcf9e15c2123.jpeg?aki_policy=large,8,￥240,"整套普通公寓,  ・ 1室1卫1床",,,,,
《高清影视大床》曾厝厦门大学.鼓浪屿.中山路.胡里山炮台.沙坡尾.双子塔.,4.8,https://z1.muscache.cn/im/pictures/miso/Hosting-51715805/original/929501c3-f0aa-426c-ba28-375c7eef72da.jpeg?aki_policy=large,93,￥140,"客栈单间,  ・ 1室1卫1床",,,,,
【可月租】性价比/海景房/地铁口/宝龙一城商场之上/近会展中心/直达鼓浪屿/厦大/沙波尾,4.8,https://z1.muscache.cn/im/pictures/4bc056cd-896f-4cc6-a05d-5d55b21d71ba.jpg?aki_policy=large,45,￥459,"整套loft,  ・ 2室2卫3床",,,,,
【INS精致大床房】近公交地铁口 中山路商圈 对面就是鼓浪屿  /厦门大学/曾厝/环岛路/双子塔,4.7,https://z1.muscache.cn/im/pictures/a5e0bbff-3b4f-4e83-aafc-6090e742f423.jpg?aki_policy=large,72,￥103,"度假村客房,  ・ 1室1卫1床",,,,,
【漫途】环岛路设计师民宿投影大床房近曾厝，厦大，中山路，鼓浪屿，沙坡尾点击头像可以看其他房源,4.8,https://z1.muscache.cn/im/pictures/miso/Hosting-43854394/original/227ea952-d5d7-4928-94e9-b4a98962c04b.jpeg?aki_policy=large,1230,￥149,"客栈单间,  ・ 1室1卫1床",,,,,
沙坡尾 素room《井良》LOFT一室一厅阳台配浴缸/近厦门大学/鼓浪屿/中华城/植物园/猫街,4.8,https://z1.muscache.cn/im/pictures/46f27e90-3162-49dc-a141-c150c9df704b.jpg?aki_policy=large,96,￥167,"整套loft,  ・ 1室1.5卫2床",,,,,
鼓浪屿 纳海庄园『阑园景大床房『阑现代北欧风《蓝氨鹗带大庭院可看海】拷码头 海边沙滩,4.8,https://z1.muscache.cn/im/pictures/e720eb77-e325-427e-9ef9-8a49c067b6e4.jpg?aki_policy=large,50,￥256,"独立房间,  ・ 1室1卫1床",,,,,
初时〖逢棠〗沙坡尾982ins韩风，带独立望海天台配投影/浴缸/近厦大/猫街/中华城/植物园/双子塔,4.8,https://z1.muscache.cn/im/pictures/miso/Hosting-47057298/original/65acc2f9-be61-4f81-9138-bf0ebbccc5d5.jpeg?aki_policy=large,41,￥295,"整套公寓型住宅,  ・ 1室1卫1床",,,,,
免费代订鼓浪屿船票 近黄厝沙滩 赏绝美日出 近环岛路会展中心 曾厝厦大 鼓浪屿 超大山景海景大露台,4.9,https://z1.muscache.cn/im/pictures/dab7823a-9005-4e55-9fb5-6d8907552078.jpg?aki_policy=large,40,￥248,"酒店式公寓的房间,  ・ 1室1卫1床",,,,,
【半岛南茶】火车站/中山路门口公交直达/市中心豪华三居,4.8,https://z1.muscache.cn/im/pictures/miso/Hosting-51094227/original/47d2f078-4fa9-4ce7-94b6-bd0cc91988ce.jpeg?aki_policy=large,4,￥510,"整套住宅,  ・ 3室2卫3床",,,,,
【INS雅奢大床房】近公交地铁口 住中山路商圈 对面就是鼓浪屿 /厦门大学/曾厝/环岛路/双子塔,4.9,https://z1.muscache.cn/im/pictures/a07e5c48-87da-4135-92ac-754b6f071eee.jpg?aki_policy=large,69,￥160,"酒店式公寓的房间,  ・ 1室1卫1床",,,,,
沙坡尾 《空白格》LOFT一室一厅双床北欧极简配浴缸带厨房近厦门大学/中山路/植物园/鼓浪屿/曾厝,4.9,https://z1.muscache.cn/im/pictures/4392a86b-3ecb-45c8-8b64-1c72b597f1b5.jpg?aki_policy=large,95,￥247,"整套公寓型住宅,  ・ 1室1.5卫2床",,,,,
厦门北站日式简约小居集美华侨大学独立单间,4.9,https://z1.muscache.cn/im/pictures/64122bf3-c61c-4ebd-8c78-01ed4ac21824.jpg?aki_policy=large,6,￥96,"整套公寓型住宅,  ・ 1室1卫1床",,,,,
北欧经典设计，榻榻米豪华观影房，十哩空间民宿,4.7,https://z1.muscache.cn/im/pictures/da543b4a-5785-4343-8862-91dcf1fa679a.jpg?aki_policy=large,7,￥142,"整套公寓型住宅,  ・ 1室1卫1床",,,,,
［Blue sky ］超性价比ins网红落地窗Loft海景房 近厦门北/高崎机场/方特/彩虹沙滩,4.8,https://z1.muscache.cn/im/pictures/768a28c1-5db5-406c-b67b-39a1fc44fc75.jpg?aki_policy=large,300,￥300,"整套loft,  ・ 2室1.5卫2床",,,,,
厦门市环岛路曾厝.厦大.沙坡尾.鼓浪屿设计师民宿rooom304,4.8,https://z1.muscache.cn/im/pictures/miso/Hosting-50626772/original/ddb2e35b-f35e-456b-a4b5-ddcc9b8d8192.jpeg?aki_policy=large,22,￥198,"独立房间,  ・ 1室1卫1床",,,,,
在海边303｜位于中山路轮渡 对面鼓浪屿｜1分钟八市｜交通便利｜公共投影仪｜露台看海,4.8,https://z1.muscache.cn/im/pictures/miso/Hosting-46704846/original/1d2fca69-40fc-43b4-a49e-8ccd254ef0c5.jpeg?aki_policy=large,36,￥128,"独立房间,  ・ 1室1.5卫1床",,,,,
鼓浪屿 纳海庄园Ⅰ精致大床房Ⅰ豪华现代北欧风Ⅰ独栋别墅带大庭院可看海Ⅰ靠近码头 海边沙滩,4.7,https://z1.muscache.cn/im/pictures/f0a69264-d633-474c-a525-dc7d43f7d15f.jpg?aki_policy=large,31,￥168,"独立房间,  ・ 1室1卫1床",,,,,
?・鼓浪屿他城壹悦/三丘田码头/树里/全屋消毒/赠送早餐/巨幕投影/近最美转角/风琴博物馆/小吃街,4.9,https://z1.muscache.cn/im/pictures/660cd494-9d83-4ff0-bac1-b25b66fd2d4a.jpg?aki_policy=large,75,￥328,"整套别墅,  ・ 1室1卫1床",,,,,
［Blue Sky ］落地窗北欧ins躺床上看海的Loft海景房 近厦门北/高崎机场/方特/BRT,4.8,https://z1.muscache.cn/im/pictures/bd5d3546-f807-4bd0-a7a9-67daddc53e47.jpg?aki_policy=large,185,￥230,"整套loft,  ・ 2室1.5卫2床",,,,,
【可月租】/超性价比/极米投影/地铁口/宝龙一城商场之上/交通直达鼓浪屿码头/厦大/沙坡尾,4.9,https://z1.muscache.cn/im/pictures/3dd75c4f-1fd5-418b-b9b5-a2811770c42f.jpg?aki_policy=large,6,￥399,"整套loft,  ・ 2室2卫2床",,,,,
下楼即曾厝主街z留白・大床房{投影仪 I 小度音乐 I 近环岛南路/鼓浪屿/厦大/植物园,4.8,https://z1.muscache.cn/im/pictures/miso/Hosting-43823882/original/84b780b9-56c2-4ffa-a53d-d922a1daa7a0.jpeg?aki_policy=large,194,￥132,"客栈单间,  ・ 1室1卫1床",,,,,
厦门市集美区华侨大学万科云城简约单间,4.8,https://z1.muscache.cn/im/pictures/e3ee9b13-64ee-4534-894b-28ffe7a95780.jpg?aki_policy=large,90,￥136,"整套公寓型住宅,  ・ 1室1卫1床",,,,,
曾厝 圣托里尼｜公共厨房〔湘梦套房2房有隔门〕出门即是厦门曾厝小吃街，过马路即是海,4.7,https://z1.muscache.cn/im/pictures/miso/Hosting-47342707/original/fc6955a1-ebc1-47e7-93dd-e62774e0e82c.jpeg?aki_policy=large,63,￥325,"度假村客房,  ・ 2室1卫2床",,,,,
投影仪大床房【鼓浪屿风景区内】临近龙头路小吃街丨日光岩|沙滩|街心公园,4.7,https://z1.muscache.cn/im/pictures/miso/Hosting-48125950/original/034eeb8f-562a-432d-8349-0a93f14135b8.jpeg?aki_policy=large,143,￥175,"酒店式公寓的房间,  ・ 1室1卫1床",,,,,
离海50米【不象】曾厝正大门附近/闹中取静/轻奢简约风/交通便利/温馨大床房,4.9,https://z1.muscache.cn/im/pictures/miso/Hosting-53984440/original/b3f4d688-e9e1-4687-a7e9-23d304c59b42.jpeg?aki_policy=large,5,￥86,"整套别墅,  ・ 1室1卫1床",,,,,
白书・曾厝C1｜景区内，7分钟环岛路海边，网红设计师民宿，免费花茶+浴缸近机场火车站鼓浪屿厦大,4.8,https://z1.muscache.cn/im/pictures/c0749057-7f40-4cb9-89a5-cb3f0f77c83a.jpg?aki_policy=large,34,￥278,"精品酒店客房,  ・ 1室1卫2床",,,,,
长租3500   2.下楼即中山路，近八市鼓浪屿厦大沙坡尾曾厝环岛路可做饭公寓,4.7,https://z1.muscache.cn/im/pictures/773d640d-56c8-4acd-a712-1bfc72dbe792.jpg?aki_policy=large,7,￥213,"整套普通公寓,  ・ 1室1卫1床",,,,,
初时Room「橘柿里」ins惬意铁路公园房配投影浴缸/近沙坡尾/中山路/猫街/植物园/厦门大学,4.9,https://z1.muscache.cn/im/pictures/miso/Hosting-49896645/original/9fa263ab-12e4-43fd-b890-7eb09b897d3e.jpeg?aki_policy=large,13,￥268,"整套住宅,  ・ 1室1.5卫1床",,,,,
可短租做饭】waiting for you 温馨大床房 中山路步行街,4.8,https://z1.muscache.cn/im/pictures/miso/Hosting-53553901/original/976e3e41-2bc3-4df6-84ea-da470f7954c6.jpeg?aki_policy=large,4,￥178,"整套公寓型住宅,  ・ 1室1卫2床",,,,,
【少女的羞涩】卧榻观海 一线海景 浪漫秋千 情侣约会 高端百寸投影 近机场北站方特 彩虹浪漫沙滩跑道,4.9,https://z1.muscache.cn/im/pictures/b5eb4bce-4d7c-4df5-8f49-4d88d9ea4238.jpg?aki_policy=large,23,￥167,"整套loft,  ・ 1室1卫1床",,,,,
【热门推荐】Loft浴缸大床/曾厝/独栋/泳池/茶室/海边,4.7,https://z1.muscache.cn/im/pictures/miso/Hosting-46783938/original/edf004e2-4d59-4dcb-8bdf-6fe7f3012d25.jpeg?aki_policy=large,119,￥475,"整套loft,  ・ 1室1卫0床",,,,,
「桔梗屋」实拍厨房 步行即到厦门大学、沙坡尾猫街、南普陀双塔 亲子房 配独立厨房,4.9,https://z1.muscache.cn/im/pictures/1315c65d-d73c-4136-8209-13654e32a0b8.jpg?aki_policy=large,78,￥288,"整套住宅,  ・ 1室1卫1床",,,,,
厦门曾厝美食街内（海边民宿）――人生得意须尽欢！复式套房（近鼓浪屿、中山路）直达机场高铁站,4.7,https://z1.muscache.cn/im/pictures/8e959ae1-43bc-42bc-80d4-448b89601399.jpg?aki_policy=large,165,￥168,"客栈单间,  ・ 2室1卫2床",,,,,
厦门市环岛路曾厝.厦大.沙坡尾.鼓浪屿设计师民宿room205,4.8,https://z1.muscache.cn/im/pictures/miso/Hosting-50628835/original/b6f07426-97a1-45f8-a1d3-7856c6172d65.jpeg?aki_policy=large,27,￥268,"独立房间,  ・ 1室1卫1床",,,,,
在海边201，全厦门位置第一，本店最好的大床房，隔音墙机场北站直达，近鼓浪屿中山路轮渡八市露台看海,4.8,https://z1.muscache.cn/im/pictures/miso/Hosting-46688426/original/ee853cb2-fb7b-4879-a186-71c9e3328bd1.jpeg?aki_policy=large,53,￥138,"独立房间,  ・ 1室1.5卫1床",,,,,
厦门曾厝z温素・大床{度假民宿，幕布投影丨有厨房，出门曾厝小吃街，环岛路海边,4.9,https://z1.muscache.cn/im/pictures/miso/Hosting-47318488/original/706d2117-ee2e-4cb7-b54a-f2947f822dc2.jpeg?aki_policy=large,43,￥176,"度假村客房,  ・ 1室1卫1床",,,,,
「别舍Besure」【素夕】沙坡尾双人间带露台下楼既是坡尾避风坞艺术西区网红打卡地中高风险地区谢绝,4.8,https://z1.muscache.cn/im/pictures/d523a43c-4d52-4af2-9ece-1bad0f6f6253.jpg?aki_policy=large,45,￥268,"整套住宅,  ・ 1室1卫1床",,,,,
厦门集美万科云城华侨大学简约多功能设计房,4.7,https://z1.muscache.cn/im/pictures/4d29be83-2d39-46f1-b88d-87945398f4ef.jpg?aki_policy=large,25,￥110,"整套公寓型住宅,  ・ 1室1卫1床",,,,,
X-house   厦门中心位置  高层景观大床房  独立阳台 双地铁口  SM商圈,4.7,https://z1.muscache.cn/im/pictures/f77f316b-7f34-412a-a73b-e2a0f4b6cfcd.jpg?aki_policy=large,162,￥258,"整套公寓型住宅,  ・ 1室1卫1床",,,,,
厦门AMOY设计师投影大床房邻海边、曾厝小吃街、厦大、点击头像看更多房源,4.8,https://z1.muscache.cn/im/pictures/miso/Hosting-52018673/original/f613581f-7a88-457a-9769-2be3f0ee9951.jpeg?aki_policy=large,23,￥166,"独立房间,  ・ 1室1卫1床",,,,,
『情侣首选-墨白』接机接站、可做饭、带停车位、在曾厝海边、近植物首选、接机园、厦门大学,4.8,https://z1.muscache.cn/im/pictures/miso/Hosting-53635204/original/b06a6cd6-36b8-4754-9c1f-fccbea8df17a.jpeg?aki_policy=large,6,￥145,"客栈单间,  ・ 1室1卫1床",,,,,
小雅家 |轻奢风落地窗LOFT海景房| 5分钟海边| 近厦门机场| 厦门北| 方特| 网红彩虹沙滩,4.8,https://z1.muscache.cn/im/pictures/miso/Hosting-53693083/original/d3539924-218f-463c-acda-0a2029f956ea.jpeg?aki_policy=large,3,￥188,"整套公寓型住宅,  ・ 2室1卫2床",,,,,
?《前后整层3居室》接机接站｜曾厝海边｜私家花园+顶楼看海+近厦门大学+中山路+鼓浪屿,4.9,https://z1.muscache.cn/im/pictures/d4ba511a-b40a-4147-936b-57c7022806ce.jpg?aki_policy=large,327,￥495,"客栈单间,  ・ 3室3卫4床",,,,,
【INS街景大套房】近公交地铁口 住中山路商圈 对面就是鼓浪屿 /厦门大学/曾厝/环岛路/双子塔,4.8,https://z1.muscache.cn/im/pictures/79d006e3-f500-4771-852b-f5f51b386046.jpg?aki_policy=large,69,￥255,"酒店式公寓的房间,  ・ 1室1卫2床",,,,,
15两室一厅厦门海景特惠折上折楼下步行三分钟到彩虹沙滩海景日出高清投影房近机场北站方特,4.9,https://z1.muscache.cn/im/pictures/92c9dc44-3e25-41c6-a5d9-597a18691954.jpg?aki_policy=large,33,￥198,"整套loft,  ・ 2室2卫2床",,,,,
【舒适复式loft大床】中山路步行街 /近鼓浪屿轮渡/门口即厦门网红八市,4.7,https://z1.muscache.cn/im/pictures/098eaed5-1a80-4ab1-9a37-168b53eef3ec.jpg?aki_policy=large,55,￥148,"精品酒店客房,  ・ 1室1卫1床",,,,,
【流萤】环岛路ins风设计师民宿（近鼓浪屿 厦大 曾厝安 沙坡尾 植物园）点击头像可看其他房源,4.7,https://z1.muscache.cn/im/pictures/miso/Hosting-46824071/original/c5f75927-4136-40fd-af0b-b1d828ec9690.jpeg?aki_policy=large,311,￥219,"整套普通公寓,  ・ 2室2卫2床",,,,,
厦门集美厦门北站万科里杏林一室一厅短长租近杏林月美池公园,4.7,https://z1.muscache.cn/im/pictures/859981d7-19f9-480c-808f-9c6e9aa4ef7c.jpg?aki_policy=large,10,￥72,"整套公寓型住宅,  ・ 1室1卫1床",,,,,
［Blue mood ］近厦门北/机场/方特落地窗ins纯白海景房,4.7,https://z1.muscache.cn/im/pictures/8b3538d2-535e-4e48-8ff1-386c8d0b9829.jpg?aki_policy=large,92,￥243,"整套loft,  ・ 2室1.5卫2床",,,,,
消毒【mirage】品质大床，邻曾厝小吃，厦门大学，厦大白城海边，植物园，沙坡尾，中山路等网红景点,4.8,https://z1.muscache.cn/im/pictures/90a3d9e0-89f5-4717-afa2-8848c2a7c2bc.jpg?aki_policy=large,825,￥132,"独立房间,  ・ 1室1卫1床",,,,,
【热门推荐】2厦门曾厝温馨大床房免费停车近海边厦门大学南普陀植物园中山路沙坡尾,4.7,https://z1.muscache.cn/im/pictures/8144f590-a83d-40dd-9700-a16e69491a7c.jpg?aki_policy=large,101,￥208,"独立房间,  ・ 2室2卫2床",,,,,
厦门市环岛路曾厝.厦大.沙坡尾.鼓浪屿设计师民宿room405,4.8,https://z1.muscache.cn/im/pictures/miso/Hosting-50626018/original/21750ff1-7ea3-4188-8b25-d7c2344334a4.jpeg?aki_policy=large,25,￥218,"独立房间,  ・ 1室1卫1床",,,,,
在海边301，全厦门位置最好，隔音墙本店最好的双床房，机场北站直达近鼓浪屿中山路轮渡八市露台看海,4.8,https://z1.muscache.cn/im/pictures/miso/Hosting-46698023/original/92729ecf-47a7-4e7c-8264-7a36bb8752d1.jpeg?aki_policy=large,47,￥148,"独立房间,  ・ 1室1.5卫2床",,,,,
离海50米【不象】曾厝正大门附近/闹中取静/轻奢简约风/交通便利/温馨大床房,4.7,https://z1.muscache.cn/im/pictures/miso/Hosting-53984440/original/7082aaf2-d934-43d1-9d01-a23118b93150.jpeg?aki_policy=large,5,￥86,"整套别墅,  ・ 1室1卫1床",,,,,
厦门曾厝美食街内（海边民宿）――更上一层楼！复式楼中楼大床房(近鼓浪屿?中山路)直达机场高铁站,4.7,https://z1.muscache.cn/im/pictures/3eeb19d7-6d18-4697-886d-6c12c8c1aed7.jpg?aki_policy=large,165,￥118,"客栈单间,  ・ 1室1.5卫1床",,,,,
离海200米】图房一致】高清投影】独特每客消杀】落地窗】全身镜】居大床、曾厝沙滩环岛路、厦大,4.7,https://z1.muscache.cn/im/pictures/miso/Hosting-28833347/original/065fbd81-507f-43de-a9ba-064540dfa61a.jpeg?aki_policy=large,242,￥145,"独立房间,  ・ 1室1卫1床",,,,,
【集美方特林家铺子】近机场火车站方特园博苑及集美大桥边上的床上及大厅高空全方位落地海景房度假复式公寓,4.7,https://z1.muscache.cn/im/pictures/f1f274ac-4886-48ab-945b-34084ef8b55d.jpg?aki_policy=large,7,￥196,"整套loft,  ・ 2室1.5卫4床",,,,,
有居(Udream)room6・止静 独栋绝佳位置 50米到沙坡尾 厦大中山路双子塔步行可达,4.9,https://z1.muscache.cn/im/pictures/43e0ca5c-08cd-41c9-91a1-5d73f7b7f3fe.jpg?aki_policy=large,126,￥298,"整套平房,  ・ 2室2卫2床",,,,,
【栎境・清雅大床房】免费行李寄送/送地图/1897年老别墅/近龙头路小吃街/无早/非厦门市游客需核酸,4.7,https://z1.muscache.cn/im/pictures/miso/Hosting-29292875/original/61c37714-0115-473e-ab34-8ffcba4bc5d4.jpeg?aki_policy=large,61,￥198,"独立房间,  ・ 1室1卫1床",,,,,
「客谈?」厦门设计师民宿 ? 豪华木质风格/免费和服汉服体验/步行到海边/近会展中心/出门美食街,4.7,https://z1.muscache.cn/im/pictures/caece1c6-ba70-4961-9a33-608c34a39f9f.jpg?aki_policy=large,8,￥146,"独立房间,  ・ 1室1卫1床",,,,,
room6「洛林」光线超级好 厦大沙坡尾近中山路环岛路日式北欧风投影带露台两居室,4.8,https://z1.muscache.cn/im/pictures/3c782de8-6111-483a-9588-e2951b8d624a.jpg?aki_policy=large,4,￥213,"整套普通公寓,  ・ 2室1卫2床",,,,,
离海50米【不象】曾厝正大门附近/闹中取静/轻奢简约风/交通便利/清新大床房,4.7,https://z1.muscache.cn/im/pictures/miso/Hosting-53987085/original/df2429e1-1c96-4910-a644-a25920c3a2b2.jpeg?aki_policy=large,3,￥96,"整套别墅,  ・ 1室1卫1床",,,,,
『海语诉』?海贝儿/brt10分钟到机场/滴滴10分钟到北站/Loft复式大客厅/躺在床上看日出,4.9,https://z1.muscache.cn/im/pictures/36b8595e-1606-4f30-8ba5-1c6c9df3f2e3.jpg?aki_policy=large,9,￥190,"整套loft,  ・ 2室2卫2床",,,,,
白色恋人/ins风/滑梯全海景复式公寓/顶层海景/近方特/近机场/近北站/投影仪/步行可到海边,4.8,https://z1.muscache.cn/im/pictures/miso/Hosting-40981183/original/937e2324-f895-4dc4-bc42-49515e962c8f.jpeg?aki_policy=large,29,￥289,"整套loft,  ・ 1室1.5卫1床",,,,,
【海景/山景露台】〖看日出 〗〖接机接站〗近曾厝/黄厝海滨/沙坡尾/环岛路/厦大/植物园,4.9,https://z1.muscache.cn/im/pictures/miso/Hosting-50055629/original/c1268950-076e-4185-b9e8-7e344e7164c7.jpeg?aki_policy=large,22,￥258,"独立房间,  ・ 1室1卫1床",,,,,
世茂海峡双子塔无敌山海景高层两居室,4.7,https://z1.muscache.cn/im/pictures/af7a419a-c0a5-40ad-8a95-7e6637ae23be.jpg?aki_policy=large,25,￥588,"整套公寓型住宅,  ・ 2室1卫2床",,,,,
白书・曾厝A1｜景区内，7分钟海边环岛路／50米美食街／设计师民宿／近鼓浪屿中山路机场厦门大学,4.9,https://z1.muscache.cn/im/pictures/22401c0c-7df8-49fa-be77-6ef232101ac0.jpg?aki_policy=large,63,￥166,"精品酒店客房,  ・ 1室1卫1床",,,,,
【darlingの家2】繁华宝龙商圈附近带露台餐厅的舒适乐居/差旅途中的温馨港湾/独立卫浴，家庭影院,4.8,https://z1.muscache.cn/im/pictures/b59ccb62-4ddd-4597-a9fc-96ff77349abf.jpg?aki_policy=large,6,￥248,"整套公寓型住宅,  ・ 1室1卫1床",,,,,
日光岩百年历史别墅观景浴缸大床房,4.9,https://z1.muscache.cn/im/pictures/236392d7-fec9-4e7b-84dd-477647e623d7.jpg?aki_policy=large,29,￥169,"独立房间,  ・ 1室1.5卫1床",,,,,
来厦必打卡・曾厝〔南境特惠大床带小客厅〕泳池民宿，可戏水拍照打卡丨出门厦门环岛路海边,4.8,https://z1.muscache.cn/im/pictures/miso/Hosting-50018722/original/44d036da-ae42-4704-9a4d-8a51fef10eaa.jpeg?aki_policy=large,8,￥138,"客栈单间,  ・ 1室1.5卫1床",,,,,
简简单单的第三个房间。民宿备案号： 厦思民备0016号,4.7,https://z1.muscache.cn/im/pictures/d1b99208-bd0d-4c22-bfd2-9e90b22f8f14.jpg?aki_policy=large,16,￥99,"整套别墅,  ・ 1室1.5卫1床",,,,,
厦门市环岛路曾厝.厦大.沙坡尾.鼓浪屿设计师民宿room201,4.9,https://z1.muscache.cn/im/pictures/miso/Hosting-50627871/original/85484e01-f5d2-41c2-9bf3-4525708ae943.jpeg?aki_policy=large,39,￥288,"独立房间,  ・ 1室1卫1床",,,,,
有居(Udream)room9・画日 两居室带阁楼 沙坡尾中山路厦大双子塔步行可达,4.9,https://z1.muscache.cn/im/pictures/e1fc818d-1c47-4148-ba9d-9f4fb4b847f7.jpg?aki_policy=large,100,￥298,"整套住宅,  ・ 2室1卫2床",,,,,
厦门曾厝美食街内（海边民宿）――有位佳人2.2米浪漫圆床房（近鼓浪屿、中山路）直达机场高铁站,4.7,https://z1.muscache.cn/im/pictures/dcaa19b4-f57a-46ad-9df0-ab62e55e723f.jpg?aki_policy=large,106,￥88,"客栈单间,  ・ 1室1卫1床",,,,,
udream.「莎港」 日落天台开放式厨房带浴缸吊床投影海景二居室,4.8,https://z1.muscache.cn/im/pictures/d5ef88b7-c239-41c5-8b7d-8e0bf6d7bcc1.jpg?aki_policy=large,3,￥306,"整套普通公寓,  ・ 2室1卫2床",,,,,
【月租3800】SHIYI COULEUR A| 中山路口INS摩洛哥风双BRT旁近厦大沙坡尾鼓浪屿,4.9,https://z1.muscache.cn/im/pictures/ef7d0c30-1f22-481a-ab78-c16bd5586a3d.jpg?aki_policy=large,78,￥268,"整套公寓型住宅,  ・ 1室1卫1床",,,,,
［Blue mood ］近厦门北/方特/机场ins全自动麻将机吊椅海景房,4.9,https://z1.muscache.cn/im/pictures/1c28964f-d710-4ae2-8b20-648c49b7265b.jpg?aki_policy=large,56,￥248,"整套loft,  ・ 1室1.5卫2床",,,,,
厦门曾厝美食街内（海边民宿）――两只老虎跑得快！双1.8米大床房(近鼓浪屿?中山路)直达机场高铁站,4.8,https://z1.muscache.cn/im/pictures/343a2343-e1d3-4cac-848c-40b05c92787e.jpg?aki_policy=large,130,￥128,"精品酒店客房,  ・ 2室1卫2床",,,,,
【古道西风】步行厦门站/loft现代三居室,4.9,https://z1.muscache.cn/im/pictures/miso/Hosting-44270353/original/a8671916-5696-42d1-a952-14fc4b017608.jpeg?aki_policy=large,9,￥388,"整套loft,  ・ 3室1卫3床",,,,,
近海滩曾厝安会展2房一厅Room2,4.8,https://z1.muscache.cn/im/pictures/f82efad2-1c76-45c0-aad2-cf22986c4fea.jpg?aki_policy=large,11,￥312,"独立房间,  ・ 2室2卫3床",,,,,
汐池设计｜汐水琴音大床?环岛路独栋独院/顶楼大露台山景??｜骷湃帐健民宿庭院?出入接送,4.7,https://z1.muscache.cn/im/pictures/miso/Hosting-49128592/original/12221a7b-9807-4fb2-857d-f7b17ef8c2a2.jpeg?aki_policy=large,112,￥169,"独立房间,  ・ 1室1卫1床",,,,,
「别舍Besure」【斑斓】可长租沙坡尾双人间带投影和网红霓虹灯下楼既是沙坡尾避风坞艺术西区双子塔,4.8,https://z1.muscache.cn/im/pictures/304b8cda-c8ff-4d4b-89dd-51203ceec592.jpg?aki_policy=large,37,￥258,"整套住宅,  ・ 1室1卫1床",,,,,
「可月租 」暖仓・「Grey」| 复式挑高大三房・高级轻奢・沙龙聚会・地铁口・宝龙一城,4.8,https://z1.muscache.cn/im/pictures/c99f5190-3c5c-43d2-99a2-2568b2093b68.jpg?aki_policy=large,25,￥609,"整套loft,  ・ 3室3卫3床",,,,,
沙坡尾《顾奈》落地飘窗海景阳台配投影/浴缸 临近厦门大学/猫街/南普陀 近/鼓浪屿/中华城/植物园,4.9,https://z1.muscache.cn/im/pictures/miso/Hosting-40495874/original/1a11bacb-4538-4961-839e-78a240caa4c6.jpeg?aki_policy=large,102,￥331,"整套公寓型住宅,  ・ 1室1.5卫1床",,,,,
【舒适投影大床】投影仪平层大床/近鼓浪屿轮渡/门口即厦门网红八市,4.8,https://z1.muscache.cn/im/pictures/miso/Hosting-44498451/original/b4aea0b9-2bfd-49aa-b4ad-907a420ac977.png?aki_policy=large,9,￥148,"精品酒店客房,  ・ 1室1卫1床",,,,,
兮语 北欧ins风大床房近华大厦门北站,4.9,https://z1.muscache.cn/im/pictures/49acb3df-2196-47bf-b858-88b0d5acb115.jpg?aki_policy=large,40,￥108,"酒店式公寓的房间,  ・ 1室1卫1床",,,,,
厦门环岛路曾厝.厦大.沙坡尾.鼓浪屿设计师民宿room402,4.9,https://z1.muscache.cn/im/pictures/miso/Hosting-50623774/original/359d41fd-88f5-4d6a-93bd-f96f65bcf068.jpeg?aki_policy=large,19,￥358,"独立房间,  ・ 1室1卫1床",,,,,
厦门市环岛路曾厝.厦大.沙坡尾.鼓浪屿设计师民宿room305,4.8,https://z1.muscache.cn/im/pictures/miso/Hosting-50627247/original/d19e59a9-b1a9-4079-bab1-44eebbc434e7.jpeg?aki_policy=large,18,￥238,"独立房间,  ・ 1室1卫2床",,,,,
汐池设计｜双人大浴缸?｜大浴室｜环岛路独栋独院?/顶楼大露台山景??骷湃帐健民宿庭院?出入接送,4.9,https://z1.muscache.cn/im/pictures/miso/Hosting-49128112/original/f0968d77-a4af-4257-ba68-f270efa3f41c.jpeg?aki_policy=large,72,￥209,"独立房间,  ・ 1室1卫1床",,,,,
SHIYI HOUSE 3| 地铁口近宝龙一城会展家庭套房高层视野绝佳直达厦大中山路三天以上免费接机,4.8,https://z1.muscache.cn/im/pictures/c8a9edb0-61cd-4f99-88c1-a928e676f9b4.jpg?aki_policy=large,75,￥780,"整套公寓型住宅,  ・ 3室3卫3床",,,,,
月租1000?单人间  家中有猫 步行可到海边 曾厝 有机场大巴直达 近厦大上李水库植物园,4.7,https://z1.muscache.cn/im/pictures/dbc7551f-03e4-486f-ad4a-3b255b4295f2.jpg?aki_policy=large,34,￥54,"独立房间,  ・ 1室1卫1床",,,,,
『窗外一线海景Loft，看日出，步行沙滩』【海曰民宿】,4.7,https://z1.muscache.cn/im/pictures/8b461b07-79cd-413b-bba6-4179e3901f8b.jpg?aki_policy=large,26,￥248,"整套loft,  ・ 2室1卫2床",,,,,
"七禾・曾厝C1｜景区内,7分钟海边环岛路，INS风，可做饭，前卫设计师民宿，近机场中山路厦大植物园",4.9,https://z1.muscache.cn/im/pictures/miso/Hosting-49204383/original/879a5839-ad3d-43ed-b734-c6e31af9e644.jpeg?aki_policy=large,8,￥117,"整套住宅,  ・ 1室1卫2床",,,,,
【步行中山路2分钟酒店】1.8m晚睡晚起大床，近思明电影院，步行7分钟到地铁站【点开头像更多房源】,4.8,https://z1.muscache.cn/im/pictures/b1904318-9cb6-4e7b-b00c-9c3d0b802599.jpg?aki_policy=large,5,￥146,"精品酒店客房,  ・ 1室1卫1床",,,,,
近厦门北/机场/北欧简约海景房,4.9,https://z1.muscache.cn/im/pictures/miso/Hosting-52930638/original/67c1e194-96b5-4e70-831e-67fc35a3003d.jpeg?aki_policy=large,40,￥210,"整套loft,  ・ 2室1卫2床",,,,,
?《Amoy设计》尊享浴缸大床房 在曾厝 紧邻环岛路 厦大 白城沙滩 点击头像查看更多房源,4.8,https://z1.muscache.cn/im/pictures/miso/Hosting-47320001/original/a7ae8667-c467-49b7-96cc-4a32e7ca98ef.jpeg?aki_policy=large,89,￥135,"独立房间,  ・ 单间1卫1床",,,,,
泡泡椅(投影仪)一线无遮挡海景房|莫兰迪灰色风格,4.8,https://z1.muscache.cn/im/pictures/9ca3ea7b-e08f-4093-90ae-b13f30b1bf5d.jpg?aki_policy=large,234,￥203,"整套loft,  ・ 1室1.5卫1床",,,,,
SHIYI ROOM A| 地铁口近宝龙一城会展 现代简约100寸投影大床房 直达厦大中山路曾厝,4.9,https://z1.muscache.cn/im/pictures/miso/Hosting-49478496/original/0be0b156-e95a-4a65-8888-ffed7068aca5.jpeg?aki_policy=large,16,￥298,"独立房间,  ・ 单间1卫1床",,,,,
【转角 驿站】厦门情侣空间/浪漫圆床/振动床/近海边/近方特/鼓浪屿/彩虹沙滩/集美大学,4.9,https://z1.muscache.cn/im/pictures/7a339c68-282f-48f2-95ee-321c6acd8ce3.jpg?aki_policy=large,20,￥150,"整套loft,  ・ 1室1卫1床",,,,,
【INS精致大床房】近公交地铁口 住中山路商圈 对面就是鼓浪屿 /厦门大学/曾厝/环岛路/双子塔,4.9,https://z1.muscache.cn/im/pictures/e0876113-745b-4ea8-a502-201873ea83ca.jpg?aki_policy=large,55,￥103,"酒店式公寓的房间,  ・ 1室1卫1床",,,,,
「别舍Besure」【叁柒】厦大附近投影独立一房一厅一花园大露台/感受老厦门烟火气默认两位一张床,4.9,https://z1.muscache.cn/im/pictures/d1fc3980-15b4-4a05-9c7f-bef02ea12b09.jpg?aki_policy=large,119,￥271,"整套住宅,  ・ 1室1卫2床",,,,,
【花开】环岛路ins风设计师海景民宿（近厦大学 鼓浪屿 曾厝 植物园 黄厝沙滩点击头像可看其他房源,4.8,https://z1.muscache.cn/im/pictures/miso/Hosting-40976946/original/aefc6283-1d98-4ede-ab34-87f51474e427.jpeg?aki_policy=large,73,￥219,"整套普通公寓,  ・ 1室1卫1床",,,,,
曾厝【青石】【五晚接机】双床『卷耳』2楼落地飘窗房┃近环岛路//厦门大学/钟鼓索道/鼓浪屿/植物园,4.8,https://z1.muscache.cn/im/pictures/289466f6-9b9b-465a-bdb7-c43e79607a58.jpg?aki_policy=large,80,￥133,"客栈单间,  ・ 1室1卫2床",,,,,
《蓝色随想》火车站/市中心/厦大/鼓浪屿/中山路/你南普陀近莲坂明发时尚两居室,4.7,https://z1.muscache.cn/im/pictures/30434bb5-50c2-411a-b2b2-4d70c5344780.jpg?aki_policy=large,16,￥466,"整套公寓型住宅,  ・ 2室1卫2床",,,,,
厦门市环岛路曾厝.厦大.沙坡尾.鼓浪屿设计师民宿room303,4.9,https://z1.muscache.cn/im/pictures/miso/Hosting-50626528/original/214c0383-98ac-40e1-8f7b-de7333606b78.jpeg?aki_policy=large,24,￥288,"独立房间,  ・ 1室1卫2床",,,,,
厦门市环岛路曾厝.厦大.沙坡尾.鼓浪屿设计师民宿room204,4.9,https://z1.muscache.cn/im/pictures/miso/Hosting-50628612/original/83149658-6914-49fc-a408-daec8f08a0ca.jpeg?aki_policy=large,26,￥258,"独立房间,  ・ 1室1卫2床",,,,,
<强烈推荐>1.5米和2米的家庭套房。近海边/厦门大学/曾厝/环岛路/中山路/鼓浪屿/南普陀,4.8,https://z1.muscache.cn/im/pictures/06e68426-6a34-4a1b-83d3-68e80ce953e7.jpg?aki_policy=large,236,￥299,"独立房间,  ・ 2室1.5卫2床",,,,,
【彼岸云海】可月租/近厦门站/开放厨房/楼下交通便利,4.8,https://z1.muscache.cn/im/pictures/miso/Hosting-51092761/original/355f4c54-5a45-438a-b0e3-2557583c5c1e.jpeg?aki_policy=large,8,￥472,"整套住宅,  ・ 3室1卫3床",,,,,
环岛路独栋别墅｜海景双床｜近曾厝安厦大会展｜步行可至沙滩｜点我头像下方有其他房源｜,4.8,https://z1.muscache.cn/im/pictures/0fc654f9-13ec-4d99-a801-23cdcd269918.jpg?aki_policy=large,224,￥233,"独立房间,  ・ 1室1卫2床",,,,,
【传世海景复式公寓】全景落地窗/海岛风民宿/地铁/机场/动车站/方特/鼓浪屿/BRT公交站,4.8,https://z1.muscache.cn/im/pictures/707a0d63-9dda-40e6-ad4a-09bcbf3de760.jpg?aki_policy=large,27,￥166,"整套公寓型住宅,  ・ 1室1卫2床",,,,,
??【格格美宿】设计大床，紧邻曾厝小吃街，厦门大学，胡里山炮台，沙坡尾猫街等众多网红景点，出行便利,4.8,https://z1.muscache.cn/im/pictures/31ed1da6-3608-4ab7-8d03-abeb2eb0f873.jpg?aki_policy=large,577,￥140,"独立房间,  ・ 1室1卫1床",,,,,
[月租可谈]宝龙一城/近会展/地铁口/后现代挑高复式大三房,4.7,https://z1.muscache.cn/im/pictures/30843d13-eaa4-40b9-86e6-2c7ecf94093e.jpg?aki_policy=large,16,￥560,"整套loft,  ・ 3室3卫3床",,,,,
ins轻奢大床房/中山路步行街/近鼓浪屿《栖禾》,4.7,https://z1.muscache.cn/im/pictures/miso/Hosting-53961262/original/c357397b-2e30-403a-bc0e-0b0ba07fef89.jpeg?aki_policy=large,3,￥169,"独立房间,  ・ 1室1卫1床",,,,,
离海50米【高清投影】曾厝正大门附近/闹中取静/轻奢简约风/交通便利【不象】阳光大床房,4.7,https://z1.muscache.cn/im/pictures/miso/Hosting-53987855/original/c4c6cc7f-0434-47ad-a79d-5d6edb00eee5.jpeg?aki_policy=large,5,￥125,"整套别墅,  ・ 1室1卫1床",,,,,
【INS私享大套房】近公交地铁口 住中山路商圈 对面就是鼓浪屿 /厦门大学/曾厝/环岛路/双子塔,4.8,https://z1.muscache.cn/im/pictures/d4021cd1-3b78-4f2f-afbf-bcc25bb07588.jpg?aki_policy=large,55,￥255,"酒店式公寓的房间,  ・ 1室1卫1床",,,,,
?【爱菲儿1930店】鼓浪屿老别墅鹭景精致大床房，含双早，送鼓浪屿手绘地图，近三丘田码头/海底世界,4.8,https://z1.muscache.cn/im/pictures/miso/Hosting-44675033/original/5c43110f-2708-4b6d-a501-d7352c7b6a4d.jpeg?aki_policy=large,58,￥217,"独立房间,  ・ 1室1卫1床",,,,,
【MYAH02】loft一线无遮挡海景房近厦门机场北站,4.7,https://z1.muscache.cn/im/pictures/e7c720dc-0357-4e46-9fdc-faba33ef58ab.jpg?aki_policy=large,38,￥229,"整套loft,  ・ 2室1卫2床",,,,,
udream花房店「锦瑟」 大榕树下/海边鼓浪屿/曼谷风/loft/投影/清水混搭/房车壁炉,4.7,https://z1.muscache.cn/im/pictures/miso/Hosting-49867874/original/48cb117f-bec6-45ee-b426-ffa21c93bf90.jpeg?aki_policy=large,11,￥120,"整套普通公寓,  ・ 1室1卫2床",,,,,
PlainWhite｜杏子〕市中心中山路步行街｜轮渡｜近各大景区｜投影房-BRT地铁公交直达,4.7,https://z1.muscache.cn/im/pictures/14fa4ed2-7523-48c8-8315-8bf839173cac.jpg?aki_policy=large,4,￥252,"酒店式公寓的房间,  ・ 单间1卫2床",,,,,
【仟宿可月租代订鼓浪屿船票】公区百平大露台榻榻米飘窗大床近厦大曾厝环岛路海边直达鼓浪屿中山路步行街,4.9,https://z1.muscache.cn/im/pictures/d8d0f439-538e-4d52-afc5-3639c174d681.jpg?aki_policy=large,70,￥90,"整套平房,  ・ 1室1卫1床",,,,,
天青屿山≡独层3室2厅-连住车接-近曾厝，独立厨房做饭，投影，浴缸，电梯，天台观海看日出，团建聚会,4.7,https://z1.muscache.cn/im/pictures/miso/Hosting-49432662/original/16bc94f8-37c7-4640-8b39-2b754b675356.jpeg?aki_policy=large,44,￥672,"整套公寓型住宅,  ・ 3室3卫4床",,,,,
日式私人露台榻榻米观影大床房-有和服-可穿拍照-,4.7,https://z1.muscache.cn/im/pictures/0c59aeab-fe83-4623-91e0-0eed13cfe0ef.jpg?aki_policy=large,25,￥188,"整套公寓型住宅,  ・ 单间1卫1床",,,,,
