评论人昵称,星级,等级,时间,有用数,评语
朝暮雪,4,推荐,2019-09-29 23:22:00,9583,"
《北京你好》最佳。宁浩竟然能把北京奥运会如此盛大的赛事拍得那么接地气，而且笑中带泪。
以一张奥运会门票为线索，巧妙串起2008年另一件事。
表面上是喜剧，内核其实是悲剧，笑着笑着就哭了。
《前夜》次之。当他们以为没有人理他们的时候，结果所有人都尽了绵薄之力，从烟斗到勺子，从铁锤到长命锁，瞬间泪崩。
《夺冠》和《北京你好》类似，都是透过老百姓的视角反映大时代大事件，主角不是伟人，也没有什么轰轰烈烈的壮举，但是最能让人共鸣。
《白昼流星》借助航天探讨贫富差距。
这个年代人类已经能进入太空，也有的人还看不起病、买不起衣服。
扶贫不仅仅在于物质层面，更重要的是对教育和思想的扶贫。
白昼流星不是流星，也不是宇宙飞船，而是那些带领他人前行的人――探索宇宙的宇航员，又或者是让小孩见识到世界广阔的老者。
"
麻绳,3,还行,2019-09-28 22:02:10,9583,"
徐峥胜出。陈凯歌是作为总导演自告奋勇地拿了最烂的那个本子吗？
"
西楼尘,4,推荐,2019-09-28 21:20:56,7628,"
旗杆上升起的不是一块红布，报纸上登载的不是一个名字，电视外错过了情窦，鸟巢里交换了运气。秒针精确了百年的等待，流星划破了回乡的急迫。女排夺冠终结了我最短的暗恋，核弹爆破公开了你最长的沉默。奥运开幕兑换了我最大的运气，香港回归校准了你最久的思念。每个历史瞬间，都有回忆我们自己记得。
"
LOOK,3,还行,2019-09-29 13:57:44,4130,"
三星都给徐峥这段。基本就是卡萨布兰卡+繁花，唯一缺陷是冬冬长大后怎么就变成了吴京而不是胡歌。宁浩这段分寸全靠葛优掌控。管虎这是被罚再拍一次旗帜么？张一白浪费了好题材，本可以是柳云龙风筝蒙冤硬挺情节，但演员没有驾驭好，给弄成了话剧。文牧野最大亮点是雷佳音的荤段子。陈凯歌就又是虚头巴脑的玩意。薛晓璐零蛋。
"
_,4,推荐,2019-09-30 01:31:52,7376,"
几个人一起看，前面排名无所谓，最差大家都很一致――白昼流星  因此扣了一星
"
悠三岁,4,推荐,2019-09-28 22:46:26,4159,"
宁浩是最好的，葛大爷是完美的。
"
影志,4,推荐,2019-09-28 22:30:04,3625,"
谁能想到呢？这可能是国庆档最好看的一部。从片头王菲主题曲开始就被渲染，看之前有主旋律的刻板印象，但当故事从一个个小人物的切口开始讲述后，就会忘掉主旋律的影子，进入这些故事。2个半小时不嫌长，7个故事亲身经历后面4个，喜欢程度按：徐峥的《夺冠》>宁浩的《北京你好》>张一白的《相遇》>管虎的《前夜》>文牧野的《护航》>陈凯歌的《白昼流星》>薛晓璐的《回归》。爬上房顶的求助张罗、陈旧的《青春之歌》、屋顶上的天线超人、一秒也不能等的东方之珠、萨马兰奇送的奥运门票、回乡的人和没能实现的飞行…每一个无名的“我”都是历史书里看不到的，有笑有泪，原来我们就是这样在历史长河中经历了生活。
"
Cool,5,力荐,2019-09-30 15:00:35,11097,"
第三段那个小男孩太棒了
"
安东,2,较差,2019-09-30 13:17:50,1920,"
就像什么呢，就像一个小伙子想对女孩表达爱意，有太多的甜言蜜语可讲，而七个小伙儿一拥而上同时表白，除了“爱爱爱”就听不到别的声音了，慷慨激昂又空洞苍白。
"
米米路亚0815,5,力荐,2019-09-30 09:29:42,5705,"
最喜欢女排那个故事，小演员太可爱了。     优叔一出现感觉过年了。
"
黄青蕉,4,推荐,2019-09-29 17:02:53,3181,"
任务型电影拍成这样可以了，难得的大时代下看到一点小人性，徐峥（居然）最佳，宁浩第二，其他正常发挥，凯歌老师…emmmmm儿子特写拍太多了哈
"
昆仑有人衣青衣,4,推荐,2019-09-28 18:11:20,1226,"
《我和我的祖国》由七位导演各执一环、按年代事件串接，虽风格各异但共成一色，十分特别。与前几个故事或昂扬或细腻或幽默不同，由陈凯歌执导、第六个亮相的《白昼流星》则大气、温暖。“李叔”于荒漠戈壁的坚守，沃德乐兄弟的迷途知返，都在陈凯歌娴熟老练的转切对接、铺垫推进中，化作沁心的感动。而故事的暖又与雄浑壮美的画面相映衬，佐证了陈凯歌的把控功力。
"
夜来,1,很差,2019-10-01 02:10:39,196,"
大型春晚合集现场
"
私享史,3,还行,2019-09-28 18:34:25,3231,"
管虎5.5分，败笔很多，用倒计时的字幕和黄渤的大量旁白解说加剧了匆忙叙事的流水账感，这个短片还用了最多的明星客串，分散焦点，增加琐碎感。
张一白6.5分，故事太简单，完全是靠任素汐的大段独白撑着，任的演技可谓信手拈来。
徐峥7.5分，七部中的最佳，最生活气息，最显时代感，最轻松愉快。唯一值得商榷的是寻常弄堂里怎么会抛出那么大一面国旗。
薛晓路7分，“一秒都不能少”这个点切得特别好，唯一的不足是任达华的角色设定太刻意，他的那条线也很牵强。
宁浩5分，用“奥运”这个命题作文生造的“一件小事”，葛大爷再能演再可乐也遮不住这个故事的空洞。
陈凯歌4.5分，把一大一小毫无关联的两件事硬凑到了一起，符合陈一贯的不着调风格。唯一值得夸的是它把故事放在了边陲。
文牧野7分，年轻导演拍出了锐气。
【南海万达】
"
已注销,4,推荐,2019-09-28 23:40:53,913,"
我永远喜欢冬冬！
"
陈一,3,还行,2019-09-28 18:37:00,1592,"
陈凯歌凭一己之力把宁浩拉上去的一星又还回去了。
"
胤祥,3,还行,2019-09-29 07:06:45,1433,"
7场“最后一分钟营救”，比的就是怎么去做这个最后一分钟营救。7部评分及个人喜好排序：管虎(4)>徐铮(4)>宁浩(3)>张一白(3)>薛晓璐(2)>文牧野(2)>陈凯歌(1,或者X)。管虎开场调子定的太高后面真的不太好追……要数管虎那段最讲究，细节、方言等等都不错（王千源逆人潮而出的那个长运动镜头相当打动人）。徐铮再次搞了一个父子之家的故事，视听和调度还都蛮有想法（这段其实相当值得分析）。宁浩那段可信度实在打折扣，否则可能还会更好。张一白虽然有两段极为精彩的电影化调度（两人在公车里坐下后车外环境，以及cue[青春之歌]的人潮），但无奈整体温吞且群演实在是有点呵呵。其余几部，薛晓璐拍得比较散乱（其实和第一段可以形成复调啊！），文牧野拍得油腻，至于凯爷，真的不知道编这么个故事要干什么……
"
发呆忘事大王,4,推荐,2019-09-30 23:11:07,719,"
陈凯歌的部分是个败笔
"
柯里昂,3,还行,2019-09-29 22:19:32,526,"
功绩和成就需要被歌颂，主旋律电影存在的合理性也从未被质疑过，与此同时如果能一并回头看看那些被遗忘的和没被正视过的苦痛，或许才是真正的进步。电影本身能看（三部之中），毕竟最好的资源都给到位了，作为献礼片难免会让人联想到2009年的那部，十年过去，跟涨了十倍的票房相比，中国电影在其它方面做出的努力和觉悟实在太缓慢太微不足道了。
"
糖小包,5,力荐,2019-09-30 00:00:32,3400,"
我以前是不怎么感冒献礼片的，这次因为朱一龙的缘故关注了我和我的祖国，才发现我比自己想象中更爱这个国家。这部献礼片的意义，是串联，是纪念，是传承，非常适合全家一起观看。
"
王大根,3,还行,2019-09-28 18:08:57,479,"
How to abandon your personal life for your c*untry, 七个故事里张一白拍的那个果然是最可怕的
"
禾子戈兀,5,力荐,2019-09-30 00:01:46,1490,"
这样的电影注定是要带着餐巾纸去的，真的后悔自己是一个00后，感觉大事发生的时候要么自己还不在，要么就是太小了，心境不成熟。还好在我即将步入成年后，能看到这样一部电影，他深深地教会了我，永远与祖国荣辱同在，远比教科书更加深刻而有力的教法，让我急切的期待着有一天能对前辈说:幸不辱命!
"
哄哄桔啊梗,5,力荐,2019-09-30 00:02:16,1935,"
《我和我的祖国》回归篇真实再现了香港回归的场景，青年演员朱一龙在其中饰演了一名护旗手，当他迈着坚定的步伐走向升旗台时，我好像也到了那个庄严肃穆的现场，那种澎湃激动的心情难以言表。
"
朴实无华的阳光,5,力荐,2019-09-30 00:02:10,760,"
《北京你好》很逗，《回归》很真实，《护航》很燃，《相遇》催泪，《夺冠》诙谐，《前夜》珍贵，《白昼流星》点燃希望。新中国成立70年了，用7个故事来致敬历史展望未来，喜欢。
"
有有,4,推荐,2019-09-30 08:28:33,387,"
七个故事，按照时间顺序，每个故事一个主题。最喜欢香港回归，北京奥运，女排夺冠，故事和主题比较贴合，白昼流星比较扯。
"
琼华校草小紫英,5,力荐,2019-09-30 00:04:23,712,"
为祖国这七十年热泪盈眶，前辈不易，吾当自强！
"
谢谢你们的鱼,1,很差,2019-12-17 10:54:04,33,"
除了陈凯歌和宁浩的故事，其余的短片里面没有人，没有人性，只有集体无意识的狂欢，最讨厌薛晓路和文牧野的那两个，连个起承转合都没有，而管虎和张一白的，毁在毫无真实感的美术上，徐峥那个掐头去尾倒是可以做一个有趣的小短片，如此的政宣篇配不上大银幕，
"
La vie,5,力荐,2019-09-30 22:19:53,445,"
妈！！！！！！！！！！
生日快乐！！！！！！！！
"
tohearof,4,推荐,2019-09-30 22:50:43,309,"
葛优满分
"
西泠,4,推荐,2019-09-30 16:02:13,261,"
拍得还行，演技还是葛优最生动，故事喜欢徐峥导的中国女排，至于陈凯歌那个太尬了，为什么这时候了还加个人物成长，内心转变，献礼片是让人思考的吗？这一思考前期所有情感铺垫都抽空了，我还是期待陈可辛的《中国女排》吧
"
高绛婷,5,力荐,2019-09-30 00:01:47,552,"
《我和我的祖国》中令我印象最深的还是回归篇，“0分0秒升起中国国旗，这是我们的底线”，当国旗从升旗手的手中升起，他们挺拔的军礼，微红的双眼深深刻入了我的脑海，那种情感共鸣是从骨子里透出来的。这是吾辈之幸，能看到祖国一步步迈向强大。
"
正义B胜,3,还行,2019-09-28 23:14:17,461,"
电影其实讲的就是：为了你的祖国，你可以牺牲多少？从这个角度，当然是越软的我越喜欢，比如很多人说最烂的陈凯歌那支，因为是爱国浓度最低的，我就还挺喜欢的。基本按这个观感排序就是：宁浩＞陈凯歌＞文牧野＞徐峥＞管虎＞张一白＞薛晓路。
"
加斯珀哥哥,5,力荐,2019-09-28 18:13:53,344,"
《我和我的祖国》七位导演评分
管虎30
张一白0
徐铮60
薛晓路10
宁浩95
陈凯歌30
文牧野45
"
rovaniemi,4,推荐,2019-09-28 18:26:17,258,"
七分，整体感觉看下来不错的，但对比起来有长板有短板，不评价立意和深度，讲故事还是徐峥，宁浩，文牧野拍得最溜，比较意外的是，看预告片最不起眼的「护航」，看完电影却是最喜欢的一段。比较失望的是「回归」和「前夜」。以及张译真的是神演技，有限的台词，只凭面目表情和眼神，勾画出人物的无限内心。
"
单于立,3,还行,2019-09-28 18:13:03,307,"
《白昼流星》那集看得痛哭流涕，把主旋律命题作文拍出了《平凡的世界》的感觉
"
,2,较差,2019-10-02 00:08:42,206,"
如果建国史是一个成年人的话，他是具有深度遗忘症的人，只有童年和中年的记忆，不反思、不回忆。他的回忆方程式是中年的成功全源自童年记忆。参与国史写作的人是被挑选的，真正的人民都是煽情故事的背景板。中国导演对戏剧是不是有误解，他们的三板斧：1.煽情、最后一分钟营救，感动是第一要务。 2.人物成年的努力一定来自童年。3.高昂的歌曲必定是奏响，人多力量大。 陈凯歌导演写作文连逻辑都不要了。
"
Ocap,2,较差,2019-09-30 19:46:13,209,"
好就好在，是名副其实的“我和我的祖国”，而不仅仅是“我爱我的祖国”。→11.29 只有宁浩人本。
"
哟~,5,力荐,2019-09-30 00:08:35,552,"
看了电影，我只能说，厉害了，我的国！我很自豪和骄傲，真的！
"
Elly,5,力荐,2019-09-30 07:23:08,304,"
本以为拼盘电影没什么看头，没想到却是个非常成功的献礼片，无数次泪目，惠英红太帅了，葛优的表现一如既往地稳，昊然弟弟演出了浑然天成的痞，特别突破
"
大奇特(Grinch),3,还行,2019-09-25 17:13:56,166,"
每位创作者选取的历史横截面不同，选取的角度也不同，但是每位导演都带有明显的个人风格，包括自己熟悉的类型领域，甚至个人的成长经历。之前也看过全剧本，每一组编剧的写法也有不同的特点。个人喜欢管虎、徐峥、凯歌拍的。《前夜》属于命题作文的优秀答卷。国旗、国歌的电影之前都拍过，这次拍升旗装置就是聚焦历史大事件里小人物的瞬间，结尾用伪纪录片的方式特别好。《夺冠》将要“革命任务”还是要“儿女情长”，浓缩成一个男孩的两难处境，沪语话和全民爱体育深得《大李老李和小李》真传。《白昼流星》难度最大，很多人不喜欢是因为剧本是把航天和扶贫整合到一起，有点强扭。但我喜欢凯歌和壮壮这种第五代对于土地人的记忆，有格局和浪漫情怀，而后把精准扶贫上升到一种精神上的“站起来”，“白昼流星”也由传说中的意象变成心中的符号
"
桃桃林林,3,还行,2019-10-07 08:00:17,135,"
7分，这种集锦片很难评分，因为质量各有差异。相比之下，宁浩的《北京你好》和徐峥的《夺冠》都更喜欢，宁浩与葛优的合作，终于让葛优回到了自己最舒适的领域，整体表演很放松，也很希望宁浩与葛优之后会有长片合作啊。徐峥的部分主要是有趣，很市井，也很有回忆的味道，小朋友的情感又有其独特的趣味，其中又涉及个人与集体的选择。管虎的部分也很厉害，导演手法很娴熟。陈凯歌的部分野心很大，只不过选择的两个演员，还是不太符合角色设定，太不像穷人家孩子了。薛晓路的部分问题最大，剧作和导演能力都不好，甚至也不太符合小人物这个预设。
"
听筝,5,力荐,2019-09-30 00:05:12,510,"
一部好的电影、好的作品总是能激起观众对真善美的追求和认同，就像这部集结了中国电影梦之队的献礼片，从小人物的角度见证大中国的变迁，每一个故事都催人热泪，爱国的情怀真的是根植在每个华夏儿女的血脉深处，试问哪一个中国人又不是“此生无悔入华夏，来世还在中华家。”！
"
小圆子,3,还行,2019-09-30 16:46:27,263,"
部分与部分之间的衔接不太好。
配乐是谁你出来，不管哪一part音乐都很硬很尴尬
北京你好 本北京人很惊喜
回归 护航 白昼流星 及格以下
"
にゃんこ,5,力荐,2019-09-30 00:02:12,262,"
70周年，为阿中哥哥庆生
最近各地都在给祖国庆生，去看了电影，更加的感受到了国庆的氛围，当国歌响起国旗升起时，热血沸腾，泪有点不受控制了。
为中国骄傲自豪！
"
jj73浅之,2,较差,2019-09-28 17:31:10,84,"
短片集最残酷的点是，主创能力高下立现。谁会讲故事、谁运镜讲究、谁审美怎么样，哪个演员啥都能演、哪个演员天生讨喜，太一目了然了……
"
夏天的颜色,5,力荐,2019-09-28 21:28:38,460,"
爱国，是人世间最深层、最持久的情感，它流淌在我们的血脉里，扎根于我们的思想深处。
此番中国电影梦之队，集结优秀一线导演和演员，用最真挚的情感、最炽热的激情，最动情的诉说以及最专业的制作集体向新中国成立70周年献礼，致敬伟大祖国。
他们用七个故事，将自己对祖国的理解和情感融入电影中，最终为我们呈现了一部有温度、有细节，同时具有历史厚度的电影。
"
刘遐迩19123,3,还行,2019-09-30 22:35:25,192,"
我爱我的祖国，但我不爱这部电影。
"
李霁琛,4,推荐,2019-09-28 18:33:04,169,"
《北京你好》特别宁浩。这个短片我很喜欢，有生活感，有北京味儿，葛优这个出租司机的角色，把“我和我的祖国”里的“我”刻画得最平实自然。

"
Under Pressure,4,推荐,2019-09-30 14:14:44,151,"
喜欢《北京你好》《白昼流星》《夺冠》
"
鹿,5,力荐,2019-09-28 17:38:55,200,"
徐峥真是讲故事的天才，管虎的视觉和氛围感绝了
"
黄石南,5,力荐,2019-09-30 00:05:27,387,"
之前看到评论说七包纸巾觉得也太夸张了，没想到自己从片头曲响起就开始落泪。算起来七个故事也算亲历了五个，但有的年纪太小没有细节记忆了，有的时过境迁以为渐渐淡忘了。但在这样一部笑泪齐飞的主旋律电影中，导演和演员们，却将每个人心底最朴素的爱国情怀勾起。以时间为节点推演这个国家走过的历程，以你我这样芸芸众生的视角体验祖国的日益强大和飞速发展，最终也许只剩下一句话：此生不悔入种花～
"
不是周贝贝,4,推荐,2019-09-30 17:27:15,125,"
我和我的祖国，七个故事，各有千秋，宁浩很灵，徐峥最有趣，陈凯歌最大气电影感最强，可惜拿了个最不好的本子，葛大爷最稳，他有一种往镜头前一站，就代表了故事本身的气质，那种把任何故事娓娓道来的功力真的牛，自然而不落俗什么人物都能演。
"
孔鲤,4,推荐,2019-10-05 02:30:08,73,"
《我和我的祖国》的主角是那些明面上的角色，但其实仔细想想，你会发现这些小人物，离绝大多数人的生活其实也很遥远。这些明面上的主角都是共和国最重要那批人，没有他们绝对没有共和国的今天。但更让我感动的其实不是他们，而是开始给林治远送金属的那些人民群众，是在街上欢呼原子弹新闻的市民，是在弄堂里围观女排的那些居民，是修钟表的大叔，是听说有抢劫二话不说就去追的小摊贩，没有这些人，也更不会有共和国的今天。这才是我们和我们的祖国。
"
愿为南流景,5,力荐,2019-09-30 00:09:15,304,"
七个导演风格各异，陈凯歌擅长把控画面，宁浩擅长刻画细节，薛晓路女导演，掌控情绪是一绝。惠英红的“一秒都不可以错”是一个泪点，很细腻。
"
走了就别再回来,5,力荐,2019-09-30 00:04:05,388,"
真的看哭了好多次，我们都是小人物，但我们生活在大时代中，我们见证着经历着也创造着这个国家的历史。我为新中国骄傲，自豪！电影值得N刷！
"
哥谭市懵仔,5,力荐,2019-09-30 15:22:54,161,"
普通观众，不太喜欢 护航 和 白昼流星，其他都还行。尤其白昼流星，后半段莫名其妙。

"
咚咚咚小弟,5,力荐,2019-09-30 20:09:09,198,"
一共7个故事，每个20分钟左右，节奏比较紧凑！最喜欢《前夜》和《回归》，前夜当无数群众都来送自己家的东西的时候真的很触动！回归中音乐响起“让海风吹拂了五千年，每一滴泪珠仿佛都说出你的尊严”，真的眼泪都快出来了，白色海军装的小哥哥说他也缺个媳妇的时候笑死我了，长的挺帅，咋说话就那么土呢！原子弹爆炸成功这个觉得有点平淡！中国女排那个就真的很真实，我们小时候真的就是很多人一起看电视，很多童年记忆的电视都是这样看的，小演员演的很好！葛大爷一如既往幽默！陈飞宇和刘昊然真的太土了！最后是中二少女成长成一名优秀的空军飞行员！
"
夜夜夜夜,5,力荐,2019-09-30 00:02:26,330,"
虽然是献礼影片，但是却非常有新意。它汇聚了中国电影梦之队最棒的导演和演员们，一起庆祝新中国成立70周年，本身就很有看点。而影片取材的七个重大的历史事件，巧妙地新颖地结合了小人物的视角，无论你年龄大小，或多或少你都和影片中的小人物一样，经历过这些意义非凡的时刻。祖国今天的繁荣昌盛，我们都是她的见证者，甚至是缔造者。看完就觉得特别感动和激动。会继续努力，为祖国的繁荣富强贡献自己的微薄的力量！
"
每日可爱二百人,2,较差,2019-10-26 15:26:15,70,"
不喜欢。年度最压抑电影。每个故事都是牺牲和付出，永远都是国家最大，而中国人活着的意义只是随时待命为国奉献甚至为国捐躯，爱情舍了，家庭舍了，什么都舍了，换一个如谁所愿的盛世。五十年后如果还有这种电影，希望多拍一拍快乐轻松自由的终于可以自我实现了的中国人。真的，中国人奉献牺牲的已经太多了，也应该追追自己的梦了。
"
迷失,4,推荐,2019-09-30 16:04:03,120,"
上映前真的很期待，因为陈凯歌，因为王菲，因为预告片。看预告时就最喜欢陈凯歌的白昼流星，其次再是宁浩的北京奥运、张一白的相遇、薛晓路的回归、徐峥的夺冠，但没想到相遇拍的稀巴烂，可惜了张译的演技。回归和夺冠也只是让我感动于真实发生的那个事件，如果没有真实事件的依托，和原历史视频的插入，可能我真的要愤然离席了。剩下的前夜，我在看预告的时候就觉得不行，而护航我看完觉得没啥共鸣。所以我觉得不错的只有北京奥运和白昼流星了，这两部我觉得是完全可以单独拍一整部的，我个人也更喜欢白昼流星，因为这名字真的太好听了，而且两位青年演员也演得很不错，但这样的故事加入爱国主旋律就稍有些奇怪，如果能单拎出来拍，我希望白昼流星会是一个有着浓郁边疆文化的民族故事。
"
Citrus,5,力荐,2019-09-30 00:04:52,193,"
这七个高光时刻，记录的正是这个国家是怎样一步一步，从弱到强，从苦难走向了辉煌。
电影中记录了很多的父辈，很多的小人物。却正是千千万万个这样的小人物，推进了这个国家不停歇的发展，把这样美好的现在，交到了我们手中。
而现在，到我们了。
这一代年轻人是什么样子的，祖国的未来就是什么样子的。
一起加油吧，希望下一个高光时刻，我们不仅是见证者，更是参与者。
"
谢飞导演,3,还行,2020-05-13 19:25:47,76,"
学院要恢复评选“学院奖”，开始补看提名的2019年毕业生参与的作品。此片是命题作文，不易。离开了当时献礼的时机，观看感受就差了很多。
"
小猪撞树晕嘛晕,5,力荐,2019-09-30 19:00:38,123,"
为70亿票房做贡献！
"
袁长庚,3,还行,2019-09-30 16:25:36,119,"
十年前是大业当头资本拦路，十年后大家拼了命要在宏大叙事中塞进去个体血泪，这不是主子仁慈通达，而是社会进步倒逼。前两个故事好，好在一个人民共和国的真实情感，徐峥明亮宁浩通达，文牧野浓眉大眼的只会看姑娘。anyway，经此一役，陈凯歌是烂片王应该没有异议了吧？
"
ciao,4,推荐,2019-09-30 10:26:39,120,"
七位导演都在线 每一部各有千秋 但是能不能多花点心在每个片之间的衔接 太突兀太尴尬 最打动的故事是不包括结尾的夺冠
"
南国北郭,4,推荐,2019-09-30 22:47:22,116,"
时代和国家好大，我们好小。
"
锦瑟无端,5,力荐,2019-09-30 00:05:47,322,"
在回归故事中，仪仗队的旗手迈着铿锵有力整齐无比的步伐走到了升旗台前。看着这三个英姿飒爽的军人，将五星红旗准点升起，我太骄傲和自豪了！
"
时也,4,推荐,2019-09-30 00:09:09,286,"
听着国歌声，看到五星红旗迎风飘扬，看到白色军装的护旗手庄严地敬礼，我内心的激动无法言表。
"
下落不明,3,还行,2020-01-14 21:45:10,3,"
哎 如果是别的国家的事情 就不会有这么多的代入感了 “为什么我的眼里常含泪水/因为我对这土地爱得深沉”
"
七七八八,5,力荐,2019-09-30 00:04:55,289,"
属于中国的，寸土不让；属于中国的，分秒必争！――《回归》
"
SilentNimo,3,还行,2019-10-01 01:10:43,168,"
陈凯歌捧儿子捧过了，最尬的故事，三星给开国和女排
"
Zian,4,推荐,2019-09-30 11:24:13,73,"
最近真的是。。。被这个歌和电影刷屏了。。。看完觉得还是很不错的！这个片子最喜欢的是奥运的那个！！葛优你大爷还是你大爷，深深抓住了我的08年情节！08年可能真的每个人爱国自豪感到最高的时候了。08年的时候真的觉得未来什么都会更好。其实比较失望的反而是刘昊然的演的部分，人物态度转换的太突然了，很不自然。比较惊喜的是《护航》，拍出了飞行的一种温柔，军人下面的温柔才是最动人的，一看这个故事导演是拍《我不是药神》的文牧野，难怪！完全没有被几个老导演压下去啊！《前夜》黄渤也是演的很好，整个故事很稳当。剩下的都是及格以上，可能是其他故事太好了，所以也就没感觉了。


作为在一个特殊时刻的特殊电影，落地不同时期的不同身边人物，关注个体的家国情怀，而不是大而无当的强调大国情怀。真的是很温柔了。
"
橘子不好吃吗,5,力荐,2019-09-30 00:10:13,288,"
有笑有泪，有激情有燃点！我为祖国打电话！我和阿中哥哥永远在一起！
"
羡上林,5,力荐,2019-09-30 23:57:56,64,"
为题材打了五星，很多情节真的感人。不过七个里面难道不是陈导的最……尬？
"
千木文子,5,力荐,2019-09-30 02:34:45,72,"
迟到了半小时，一进影院，全场坐满，正好看到任素汐和张译在公交车上的那段，正好回顾了前面的剧情，我只看任素汐表演都看哭了，爱国主义满满，每个故事都有特色，宁浩牛逼！！！
"
华盛顿樱桃树,3,还行,2019-09-28 14:40:59,103,"
最棒的是所有故事都选择了小人物的视角，情感上面更能共通。项目整体的难度很大，风格难以统一，相互之前更是难以串联。更加现实的是，七个故事摆放在一起。参差感就有了。但情感都是一个情感，激动人心罢了。
"
王食欲,2,较差,2019-10-02 22:45:44,69,"
我认为田壮壮老师接陈凯歌这个戏，只能是为了去草原骑马。只能是。只能是。
"
sanyo1527,3,还行,2019-09-28 23:56:16,114,"
张一白那段本来能拍得很棒，但叙事完全依靠对话太僵了，觉得最差的是薛晓路那段，想面面俱到但哪方面也没顾到。管虎、徐峥、宁浩三段最好。
"
鬼狗杀手,5,力荐,2019-09-30 16:41:23,58,"
看着确实让人感慨万千，七个故事风格不一样，品质也不一样，但这个电影打分不需要太客观。
《前夜》开篇很精彩，导演调度，演员表演都不错。
《相遇》演员是唯一的亮点，张译任素汐非常稳，但从整个故事来看，应该是七个里面垫底的那个。
《夺冠》徐峥选的视角很有意思，整个短片明快又充满童趣。 
《回归》讲真不怎么样，但罗大佑的歌声响起的时候，还是把我看感动了，果然是因为最近发生的事，看这个短片十分感慨。
《北京你好》七个故事里我最喜欢的一个，宁浩把自己的风格融入了背景，把那年的辉煌与伤痛放在一起，主旋律拍出了小人物的反思，
《白昼流星》的画面和思想都是七个故事里面最好的，但表现出来嘛……
《护航》非常工整，文牧野是七个导演里发挥最稳定的一个。
"
大聪,4,推荐,2019-10-01 22:59:01,57,"
在比较偏的一个电影院看的《我和我的祖国》，但满座。
气氛感动，电影结束大家一起跟着唱起《我和我的祖国》，鼓掌。
北京你好>夺冠>护航>前夜>白昼流星>相遇>回归
"
叫我高舒夜,4,推荐,2019-09-28 18:29:43,91,"
陈凯歌真的不会讲故事，白昼流星一看就是上个世纪的故事，载人航天的外壳套着精准扶贫的里子，尴尬又假大空；张一白稳定发挥，贡献了第二个尴尬又无聊的片段；意外的夺冠很不错（去掉战狼片段），女排大背景下的追寻爱情的冬冬，喜欢；回归最有质感；葛大爷定海神针，宁浩稳定发挥；黄渤宋佳两段一般般，最后韩东君太特么帅了！邪魅一笑的正确打开方式。
"
字母君,3,还行,2019-09-28 18:17:31,76,"
令人惊讶的是，从《前夜》中困难重重的指令传达，到《相遇》的人物命运、《夺冠》中加于孩子身上的复杂牺牲精神和简直有恶政隐嫌疑的狗、《回归》中《东方之珠》和主人公的逃港者身份、《北京你好》中对小市民心态的呈现和数句结合时代可解读出特殊意味的台词、《白昼流星》警员审讯方式、三位主角身份和强扭的平民视角，再到最后《护航》平民视角的完全消失，几乎所有导演都在集体回忆中或主动、或被动地提取出了对集体主义、官僚作风和国民性不同程度的反思。
按喜爱程度排的话大概是：宁浩（不过题目本身也最容易发挥）＞★★★＝徐峥＞张一白（长镜头后景运用非常厉害，但水平飘忽不定）＞管虎＞★★＝陈凯歌（题目难拍，但很好地贯彻了第五代精神）＞薛晓路（出发点好，但材质处理不佳，群像也太像铺大饼）＞文牧野（不切题，而且拍得有些油腻）。
"
独孤先生,5,力荐,2019-09-30 22:01:04,69,"
葛大爷那段太有意思了
"
匡W歌,2,较差,2019-12-17 13:14:16,44,"
以小人物做切口又怎样？从剧作角度，没有哪个故事真正跳脱了样板戏范式。陈凯歌《白昼流星》直接抄用《悲惨世界》的情节。且整部片子明臭太多，槽多无口。“顺利完成升旗任务，组织和领导给你发老婆” ？“升旗任务完成得不圆满，老子一枪崩了你”？
拜托都啥年月了？我想翻一会儿白眼。从这些细节可以得见，这个国家骨子里的核心价值观从来没变过。全片唯一合格的，是《相遇》里念台词过关的任素汐，以及，戴着口罩用眼神念完了所有台词的张译。
"
frozenmoon,3,还行,2019-10-05 22:37:47,38,"
宁浩和徐峥拍得挺聪明，陈凯歌拍得太笨拙了。
"
梧桐树下你和我,4,推荐,2019-10-10 23:38:06,1,"
7个故事《前夜》《相遇》《夺冠》《回归》《北京你好》《白昼流星》《护航》以7个小人物独特的历史背景视角串联起送给祖国70年庆生的电影。其中《前夜》《相遇》《北京你好》这三个拍得特别好，最让人失望就是《回归》对于一个广东人来讲，香港97回归小人物故事太多了，薛晓路是否真的明白香港回归的情感，还有回归仪式的争分夺秒拍得相当平庸，看不出任达华作为广东佛山人回归祖国有多自豪。《白昼流星》的知青扶贫，少数民族和神舟十一号回归 之间的联系感觉特别生硬，文牧野的《护航》作为收编的最后一个故事感觉意图含糊定位不明。管虎把主旋律电影拍得红通红透的，完美诠释了“人民的选择”《相遇》无名英雄们的默默无闻构建一个美好的祖国蓝图。78分，最有艺术感的主旋律电影，最重要的是“小人物”的我们见证了整个历史伟大的进程。
"
嘟嘟熊之父,3,还行,2019-10-10 22:43:02,33,"
真的是一部热闹的电影，具体如下：

管虎：热闹是我们的
张一白：热闹是他们的
徐峥：热闹是你们的
薛晓路：热闹是谁的
宁浩：热闹是咱们的
陈凯歌：热闹是啥
文牧野：热闹是它的

宁浩那段爆哭，真的太强了，他在我心中地位直线攀升一百名。
"
麻绳,3,还行,2019-09-28 22:02:10,9583,"
徐峥胜出。陈凯歌是作为总导演自告奋勇地拿了最烂的那个本子吗？
"
西楼尘,4,推荐,2019-09-28 21:20:56,7628,"
旗杆上升起的不是一块红布，报纸上登载的不是一个名字，电视外错过了情窦，鸟巢里交换了运气。秒针精确了百年的等待，流星划破了回乡的急迫。女排夺冠终结了我最短的暗恋，核弹爆破公开了你最长的沉默。奥运开幕兑换了我最大的运气，香港回归校准了你最久的思念。每个历史瞬间，都有回忆我们自己记得。
"
LOOK,3,还行,2019-09-29 13:57:44,4130,"
三星都给徐峥这段。基本就是卡萨布兰卡+繁花，唯一缺陷是冬冬长大后怎么就变成了吴京而不是胡歌。宁浩这段分寸全靠葛优掌控。管虎这是被罚再拍一次旗帜么？张一白浪费了好题材，本可以是柳云龙风筝蒙冤硬挺情节，但演员没有驾驭好，给弄成了话剧。文牧野最大亮点是雷佳音的荤段子。陈凯歌就又是虚头巴脑的玩意。薛晓璐零蛋。
"
_,4,推荐,2019-09-30 01:31:52,7376,"
几个人一起看，前面排名无所谓，最差大家都很一致――白昼流星  因此扣了一星
"
悠三岁,4,推荐,2019-09-28 22:46:26,4159,"
宁浩是最好的，葛大爷是完美的。
"
影志,4,推荐,2019-09-28 22:30:04,3625,"
谁能想到呢？这可能是国庆档最好看的一部。从片头王菲主题曲开始就被渲染，看之前有主旋律的刻板印象，但当故事从一个个小人物的切口开始讲述后，就会忘掉主旋律的影子，进入这些故事。2个半小时不嫌长，7个故事亲身经历后面4个，喜欢程度按：徐峥的《夺冠》>宁浩的《北京你好》>张一白的《相遇》>管虎的《前夜》>文牧野的《护航》>陈凯歌的《白昼流星》>薛晓璐的《回归》。爬上房顶的求助张罗、陈旧的《青春之歌》、屋顶上的天线超人、一秒也不能等的东方之珠、萨马兰奇送的奥运门票、回乡的人和没能实现的飞行…每一个无名的“我”都是历史书里看不到的，有笑有泪，原来我们就是这样在历史长河中经历了生活。
"
Cool,5,力荐,2019-09-30 15:00:35,11097,"
第三段那个小男孩太棒了
"
安东,2,较差,2019-09-30 13:17:50,1920,"
就像什么呢，就像一个小伙子想对女孩表达爱意，有太多的甜言蜜语可讲，而七个小伙儿一拥而上同时表白，除了“爱爱爱”就听不到别的声音了，慷慨激昂又空洞苍白。
"
米米路亚0815,5,力荐,2019-09-30 09:29:42,5705,"
最喜欢女排那个故事，小演员太可爱了。     优叔一出现感觉过年了。
"
黄青蕉,4,推荐,2019-09-29 17:02:53,3181,"
任务型电影拍成这样可以了，难得的大时代下看到一点小人性，徐峥（居然）最佳，宁浩第二，其他正常发挥，凯歌老师…emmmmm儿子特写拍太多了哈
"
昆仑有人衣青衣,4,推荐,2019-09-28 18:11:20,1226,"
《我和我的祖国》由七位导演各执一环、按年代事件串接，虽风格各异但共成一色，十分特别。与前几个故事或昂扬或细腻或幽默不同，由陈凯歌执导、第六个亮相的《白昼流星》则大气、温暖。“李叔”于荒漠戈壁的坚守，沃德乐兄弟的迷途知返，都在陈凯歌娴熟老练的转切对接、铺垫推进中，化作沁心的感动。而故事的暖又与雄浑壮美的画面相映衬，佐证了陈凯歌的把控功力。
"
夜来,1,很差,2019-10-01 02:10:39,196,"
大型春晚合集现场
"
私享史,3,还行,2019-09-28 18:34:25,3231,"
管虎5.5分，败笔很多，用倒计时的字幕和黄渤的大量旁白解说加剧了匆忙叙事的流水账感，这个短片还用了最多的明星客串，分散焦点，增加琐碎感。
张一白6.5分，故事太简单，完全是靠任素汐的大段独白撑着，任的演技可谓信手拈来。
徐峥7.5分，七部中的最佳，最生活气息，最显时代感，最轻松愉快。唯一值得商榷的是寻常弄堂里怎么会抛出那么大一面国旗。
薛晓路7分，“一秒都不能少”这个点切得特别好，唯一的不足是任达华的角色设定太刻意，他的那条线也很牵强。
宁浩5分，用“奥运”这个命题作文生造的“一件小事”，葛大爷再能演再可乐也遮不住这个故事的空洞。
陈凯歌4.5分，把一大一小毫无关联的两件事硬凑到了一起，符合陈一贯的不着调风格。唯一值得夸的是它把故事放在了边陲。
文牧野7分，年轻导演拍出了锐气。
【南海万达】
"
已注销,4,推荐,2019-09-28 23:40:53,913,"
我永远喜欢冬冬！
"
陈一,3,还行,2019-09-28 18:37:00,1592,"
陈凯歌凭一己之力把宁浩拉上去的一星又还回去了。
"
胤祥,3,还行,2019-09-29 07:06:45,1433,"
7场“最后一分钟营救”，比的就是怎么去做这个最后一分钟营救。7部评分及个人喜好排序：管虎(4)>徐铮(4)>宁浩(3)>张一白(3)>薛晓璐(2)>文牧野(2)>陈凯歌(1,或者X)。管虎开场调子定的太高后面真的不太好追……要数管虎那段最讲究，细节、方言等等都不错（王千源逆人潮而出的那个长运动镜头相当打动人）。徐铮再次搞了一个父子之家的故事，视听和调度还都蛮有想法（这段其实相当值得分析）。宁浩那段可信度实在打折扣，否则可能还会更好。张一白虽然有两段极为精彩的电影化调度（两人在公车里坐下后车外环境，以及cue[青春之歌]的人潮），但无奈整体温吞且群演实在是有点呵呵。其余几部，薛晓璐拍得比较散乱（其实和第一段可以形成复调啊！），文牧野拍得油腻，至于凯爷，真的不知道编这么个故事要干什么……
"
发呆忘事大王,4,推荐,2019-09-30 23:11:07,719,"
陈凯歌的部分是个败笔
"
柯里昂,3,还行,2019-09-29 22:19:32,526,"
功绩和成就需要被歌颂，主旋律电影存在的合理性也从未被质疑过，与此同时如果能一并回头看看那些被遗忘的和没被正视过的苦痛，或许才是真正的进步。电影本身能看（三部之中），毕竟最好的资源都给到位了，作为献礼片难免会让人联想到2009年的那部，十年过去，跟涨了十倍的票房相比，中国电影在其它方面做出的努力和觉悟实在太缓慢太微不足道了。
"
糖小包,5,力荐,2019-09-30 00:00:32,3400,"
我以前是不怎么感冒献礼片的，这次因为朱一龙的缘故关注了我和我的祖国，才发现我比自己想象中更爱这个国家。这部献礼片的意义，是串联，是纪念，是传承，非常适合全家一起观看。
"
王大根,3,还行,2019-09-28 18:08:57,479,"
How to abandon your personal life for your c*untry, 七个故事里张一白拍的那个果然是最可怕的
"
禾子戈兀,5,力荐,2019-09-30 00:01:46,1490,"
这样的电影注定是要带着餐巾纸去的，真的后悔自己是一个00后，感觉大事发生的时候要么自己还不在，要么就是太小了，心境不成熟。还好在我即将步入成年后，能看到这样一部电影，他深深地教会了我，永远与祖国荣辱同在，远比教科书更加深刻而有力的教法，让我急切的期待着有一天能对前辈说:幸不辱命!
"
哄哄桔啊梗,5,力荐,2019-09-30 00:02:16,1935,"
《我和我的祖国》回归篇真实再现了香港回归的场景，青年演员朱一龙在其中饰演了一名护旗手，当他迈着坚定的步伐走向升旗台时，我好像也到了那个庄严肃穆的现场，那种澎湃激动的心情难以言表。
"
朴实无华的阳光,5,力荐,2019-09-30 00:02:10,760,"
《北京你好》很逗，《回归》很真实，《护航》很燃，《相遇》催泪，《夺冠》诙谐，《前夜》珍贵，《白昼流星》点燃希望。新中国成立70年了，用7个故事来致敬历史展望未来，喜欢。
"
有有,4,推荐,2019-09-30 08:28:33,387,"
七个故事，按照时间顺序，每个故事一个主题。最喜欢香港回归，北京奥运，女排夺冠，故事和主题比较贴合，白昼流星比较扯。
"
琼华校草小紫英,5,力荐,2019-09-30 00:04:23,712,"
为祖国这七十年热泪盈眶，前辈不易，吾当自强！
"
谢谢你们的鱼,1,很差,2019-12-17 10:54:04,33,"
除了陈凯歌和宁浩的故事，其余的短片里面没有人，没有人性，只有集体无意识的狂欢，最讨厌薛晓路和文牧野的那两个，连个起承转合都没有，而管虎和张一白的，毁在毫无真实感的美术上，徐峥那个掐头去尾倒是可以做一个有趣的小短片，如此的政宣篇配不上大银幕，
"
La vie,5,力荐,2019-09-30 22:19:53,445,"
妈！！！！！！！！！！
生日快乐！！！！！！！！
"
tohearof,4,推荐,2019-09-30 22:50:43,309,"
葛优满分
"
西泠,4,推荐,2019-09-30 16:02:13,261,"
拍得还行，演技还是葛优最生动，故事喜欢徐峥导的中国女排，至于陈凯歌那个太尬了，为什么这时候了还加个人物成长，内心转变，献礼片是让人思考的吗？这一思考前期所有情感铺垫都抽空了，我还是期待陈可辛的《中国女排》吧
"
高绛婷,5,力荐,2019-09-30 00:01:47,552,"
《我和我的祖国》中令我印象最深的还是回归篇，“0分0秒升起中国国旗，这是我们的底线”，当国旗从升旗手的手中升起，他们挺拔的军礼，微红的双眼深深刻入了我的脑海，那种情感共鸣是从骨子里透出来的。这是吾辈之幸，能看到祖国一步步迈向强大。
"
正义B胜,3,还行,2019-09-28 23:14:17,461,"
电影其实讲的就是：为了你的祖国，你可以牺牲多少？从这个角度，当然是越软的我越喜欢，比如很多人说最烂的陈凯歌那支，因为是爱国浓度最低的，我就还挺喜欢的。基本按这个观感排序就是：宁浩＞陈凯歌＞文牧野＞徐峥＞管虎＞张一白＞薛晓路。
"
加斯珀哥哥,5,力荐,2019-09-28 18:13:53,344,"
《我和我的祖国》七位导演评分
管虎30
张一白0
徐铮60
薛晓路10
宁浩95
陈凯歌30
文牧野45
"
rovaniemi,4,推荐,2019-09-28 18:26:17,258,"
七分，整体感觉看下来不错的，但对比起来有长板有短板，不评价立意和深度，讲故事还是徐峥，宁浩，文牧野拍得最溜，比较意外的是，看预告片最不起眼的「护航」，看完电影却是最喜欢的一段。比较失望的是「回归」和「前夜」。以及张译真的是神演技，有限的台词，只凭面目表情和眼神，勾画出人物的无限内心。
"
单于立,3,还行,2019-09-28 18:13:03,307,"
《白昼流星》那集看得痛哭流涕，把主旋律命题作文拍出了《平凡的世界》的感觉
"
,2,较差,2019-10-02 00:08:42,206,"
如果建国史是一个成年人的话，他是具有深度遗忘症的人，只有童年和中年的记忆，不反思、不回忆。他的回忆方程式是中年的成功全源自童年记忆。参与国史写作的人是被挑选的，真正的人民都是煽情故事的背景板。中国导演对戏剧是不是有误解，他们的三板斧：1.煽情、最后一分钟营救，感动是第一要务。 2.人物成年的努力一定来自童年。3.高昂的歌曲必定是奏响，人多力量大。 陈凯歌导演写作文连逻辑都不要了。
"
Ocap,2,较差,2019-09-30 19:46:13,209,"
好就好在，是名副其实的“我和我的祖国”，而不仅仅是“我爱我的祖国”。→11.29 只有宁浩人本。
"
哟~,5,力荐,2019-09-30 00:08:35,552,"
看了电影，我只能说，厉害了，我的国！我很自豪和骄傲，真的！
"
Elly,5,力荐,2019-09-30 07:23:08,304,"
本以为拼盘电影没什么看头，没想到却是个非常成功的献礼片，无数次泪目，惠英红太帅了，葛优的表现一如既往地稳，昊然弟弟演出了浑然天成的痞，特别突破
"
大奇特(Grinch),3,还行,2019-09-25 17:13:56,166,"
每位创作者选取的历史横截面不同，选取的角度也不同，但是每位导演都带有明显的个人风格，包括自己熟悉的类型领域，甚至个人的成长经历。之前也看过全剧本，每一组编剧的写法也有不同的特点。个人喜欢管虎、徐峥、凯歌拍的。《前夜》属于命题作文的优秀答卷。国旗、国歌的电影之前都拍过，这次拍升旗装置就是聚焦历史大事件里小人物的瞬间，结尾用伪纪录片的方式特别好。《夺冠》将要“革命任务”还是要“儿女情长”，浓缩成一个男孩的两难处境，沪语话和全民爱体育深得《大李老李和小李》真传。《白昼流星》难度最大，很多人不喜欢是因为剧本是把航天和扶贫整合到一起，有点强扭。但我喜欢凯歌和壮壮这种第五代对于土地人的记忆，有格局和浪漫情怀，而后把精准扶贫上升到一种精神上的“站起来”，“白昼流星”也由传说中的意象变成心中的符号
"
桃桃林林,3,还行,2019-10-07 08:00:17,135,"
7分，这种集锦片很难评分，因为质量各有差异。相比之下，宁浩的《北京你好》和徐峥的《夺冠》都更喜欢，宁浩与葛优的合作，终于让葛优回到了自己最舒适的领域，整体表演很放松，也很希望宁浩与葛优之后会有长片合作啊。徐峥的部分主要是有趣，很市井，也很有回忆的味道，小朋友的情感又有其独特的趣味，其中又涉及个人与集体的选择。管虎的部分也很厉害，导演手法很娴熟。陈凯歌的部分野心很大，只不过选择的两个演员，还是不太符合角色设定，太不像穷人家孩子了。薛晓路的部分问题最大，剧作和导演能力都不好，甚至也不太符合小人物这个预设。
"
听筝,5,力荐,2019-09-30 00:05:12,510,"
一部好的电影、好的作品总是能激起观众对真善美的追求和认同，就像这部集结了中国电影梦之队的献礼片，从小人物的角度见证大中国的变迁，每一个故事都催人热泪，爱国的情怀真的是根植在每个华夏儿女的血脉深处，试问哪一个中国人又不是“此生无悔入华夏，来世还在中华家。”！
"
小圆子,3,还行,2019-09-30 16:46:27,263,"
部分与部分之间的衔接不太好。
配乐是谁你出来，不管哪一part音乐都很硬很尴尬
北京你好 本北京人很惊喜
回归 护航 白昼流星 及格以下
"
にゃんこ,5,力荐,2019-09-30 00:02:12,262,"
70周年，为阿中哥哥庆生
最近各地都在给祖国庆生，去看了电影，更加的感受到了国庆的氛围，当国歌响起国旗升起时，热血沸腾，泪有点不受控制了。
为中国骄傲自豪！
"
jj73浅之,2,较差,2019-09-28 17:31:10,84,"
短片集最残酷的点是，主创能力高下立现。谁会讲故事、谁运镜讲究、谁审美怎么样，哪个演员啥都能演、哪个演员天生讨喜，太一目了然了……
"
夏天的颜色,5,力荐,2019-09-28 21:28:38,460,"
爱国，是人世间最深层、最持久的情感，它流淌在我们的血脉里，扎根于我们的思想深处。
此番中国电影梦之队，集结优秀一线导演和演员，用最真挚的情感、最炽热的激情，最动情的诉说以及最专业的制作集体向新中国成立70周年献礼，致敬伟大祖国。
他们用七个故事，将自己对祖国的理解和情感融入电影中，最终为我们呈现了一部有温度、有细节，同时具有历史厚度的电影。
"
刘遐迩19123,3,还行,2019-09-30 22:35:25,192,"
我爱我的祖国，但我不爱这部电影。
"
李霁琛,4,推荐,2019-09-28 18:33:04,169,"
《北京你好》特别宁浩。这个短片我很喜欢，有生活感，有北京味儿，葛优这个出租司机的角色，把“我和我的祖国”里的“我”刻画得最平实自然。

"
Under Pressure,4,推荐,2019-09-30 14:14:44,151,"
喜欢《北京你好》《白昼流星》《夺冠》
"
鹿,5,力荐,2019-09-28 17:38:55,200,"
徐峥真是讲故事的天才，管虎的视觉和氛围感绝了
"
黄石南,5,力荐,2019-09-30 00:05:27,387,"
之前看到评论说七包纸巾觉得也太夸张了，没想到自己从片头曲响起就开始落泪。算起来七个故事也算亲历了五个，但有的年纪太小没有细节记忆了，有的时过境迁以为渐渐淡忘了。但在这样一部笑泪齐飞的主旋律电影中，导演和演员们，却将每个人心底最朴素的爱国情怀勾起。以时间为节点推演这个国家走过的历程，以你我这样芸芸众生的视角体验祖国的日益强大和飞速发展，最终也许只剩下一句话：此生不悔入种花～
"
不是周贝贝,4,推荐,2019-09-30 17:27:15,125,"
我和我的祖国，七个故事，各有千秋，宁浩很灵，徐峥最有趣，陈凯歌最大气电影感最强，可惜拿了个最不好的本子，葛大爷最稳，他有一种往镜头前一站，就代表了故事本身的气质，那种把任何故事娓娓道来的功力真的牛，自然而不落俗什么人物都能演。
"
孔鲤,4,推荐,2019-10-05 02:30:08,73,"
《我和我的祖国》的主角是那些明面上的角色，但其实仔细想想，你会发现这些小人物，离绝大多数人的生活其实也很遥远。这些明面上的主角都是共和国最重要那批人，没有他们绝对没有共和国的今天。但更让我感动的其实不是他们，而是开始给林治远送金属的那些人民群众，是在街上欢呼原子弹新闻的市民，是在弄堂里围观女排的那些居民，是修钟表的大叔，是听说有抢劫二话不说就去追的小摊贩，没有这些人，也更不会有共和国的今天。这才是我们和我们的祖国。
"
愿为南流景,5,力荐,2019-09-30 00:09:15,304,"
七个导演风格各异，陈凯歌擅长把控画面，宁浩擅长刻画细节，薛晓路女导演，掌控情绪是一绝。惠英红的“一秒都不可以错”是一个泪点，很细腻。
"
走了就别再回来,5,力荐,2019-09-30 00:04:05,388,"
真的看哭了好多次，我们都是小人物，但我们生活在大时代中，我们见证着经历着也创造着这个国家的历史。我为新中国骄傲，自豪！电影值得N刷！
"
哥谭市懵仔,5,力荐,2019-09-30 15:22:54,161,"
普通观众，不太喜欢 护航 和 白昼流星，其他都还行。尤其白昼流星，后半段莫名其妙。

"
咚咚咚小弟,5,力荐,2019-09-30 20:09:09,198,"
一共7个故事，每个20分钟左右，节奏比较紧凑！最喜欢《前夜》和《回归》，前夜当无数群众都来送自己家的东西的时候真的很触动！回归中音乐响起“让海风吹拂了五千年，每一滴泪珠仿佛都说出你的尊严”，真的眼泪都快出来了，白色海军装的小哥哥说他也缺个媳妇的时候笑死我了，长的挺帅，咋说话就那么土呢！原子弹爆炸成功这个觉得有点平淡！中国女排那个就真的很真实，我们小时候真的就是很多人一起看电视，很多童年记忆的电视都是这样看的，小演员演的很好！葛大爷一如既往幽默！陈飞宇和刘昊然真的太土了！最后是中二少女成长成一名优秀的空军飞行员！
"
夜夜夜夜,5,力荐,2019-09-30 00:02:26,330,"
虽然是献礼影片，但是却非常有新意。它汇聚了中国电影梦之队最棒的导演和演员们，一起庆祝新中国成立70周年，本身就很有看点。而影片取材的七个重大的历史事件，巧妙地新颖地结合了小人物的视角，无论你年龄大小，或多或少你都和影片中的小人物一样，经历过这些意义非凡的时刻。祖国今天的繁荣昌盛，我们都是她的见证者，甚至是缔造者。看完就觉得特别感动和激动。会继续努力，为祖国的繁荣富强贡献自己的微薄的力量！
"
每日可爱二百人,2,较差,2019-10-26 15:26:15,70,"
不喜欢。年度最压抑电影。每个故事都是牺牲和付出，永远都是国家最大，而中国人活着的意义只是随时待命为国奉献甚至为国捐躯，爱情舍了，家庭舍了，什么都舍了，换一个如谁所愿的盛世。五十年后如果还有这种电影，希望多拍一拍快乐轻松自由的终于可以自我实现了的中国人。真的，中国人奉献牺牲的已经太多了，也应该追追自己的梦了。
"
迷失,4,推荐,2019-09-30 16:04:03,120,"
上映前真的很期待，因为陈凯歌，因为王菲，因为预告片。看预告时就最喜欢陈凯歌的白昼流星，其次再是宁浩的北京奥运、张一白的相遇、薛晓路的回归、徐峥的夺冠，但没想到相遇拍的稀巴烂，可惜了张译的演技。回归和夺冠也只是让我感动于真实发生的那个事件，如果没有真实事件的依托，和原历史视频的插入，可能我真的要愤然离席了。剩下的前夜，我在看预告的时候就觉得不行，而护航我看完觉得没啥共鸣。所以我觉得不错的只有北京奥运和白昼流星了，这两部我觉得是完全可以单独拍一整部的，我个人也更喜欢白昼流星，因为这名字真的太好听了，而且两位青年演员也演得很不错，但这样的故事加入爱国主旋律就稍有些奇怪，如果能单拎出来拍，我希望白昼流星会是一个有着浓郁边疆文化的民族故事。
"
Citrus,5,力荐,2019-09-30 00:04:52,193,"
这七个高光时刻，记录的正是这个国家是怎样一步一步，从弱到强，从苦难走向了辉煌。
电影中记录了很多的父辈，很多的小人物。却正是千千万万个这样的小人物，推进了这个国家不停歇的发展，把这样美好的现在，交到了我们手中。
而现在，到我们了。
这一代年轻人是什么样子的，祖国的未来就是什么样子的。
一起加油吧，希望下一个高光时刻，我们不仅是见证者，更是参与者。
"
谢飞导演,3,还行,2020-05-13 19:25:47,76,"
学院要恢复评选“学院奖”，开始补看提名的2019年毕业生参与的作品。此片是命题作文，不易。离开了当时献礼的时机，观看感受就差了很多。
"
小猪撞树晕嘛晕,5,力荐,2019-09-30 19:00:38,123,"
为70亿票房做贡献！
"
袁长庚,3,还行,2019-09-30 16:25:36,119,"
十年前是大业当头资本拦路，十年后大家拼了命要在宏大叙事中塞进去个体血泪，这不是主子仁慈通达，而是社会进步倒逼。前两个故事好，好在一个人民共和国的真实情感，徐峥明亮宁浩通达，文牧野浓眉大眼的只会看姑娘。anyway，经此一役，陈凯歌是烂片王应该没有异议了吧？
"
ciao,4,推荐,2019-09-30 10:26:39,120,"
七位导演都在线 每一部各有千秋 但是能不能多花点心在每个片之间的衔接 太突兀太尴尬 最打动的故事是不包括结尾的夺冠
"
南国北郭,4,推荐,2019-09-30 22:47:22,116,"
时代和国家好大，我们好小。
"
锦瑟无端,5,力荐,2019-09-30 00:05:47,322,"
在回归故事中，仪仗队的旗手迈着铿锵有力整齐无比的步伐走到了升旗台前。看着这三个英姿飒爽的军人，将五星红旗准点升起，我太骄傲和自豪了！
"
时也,4,推荐,2019-09-30 00:09:09,286,"
听着国歌声，看到五星红旗迎风飘扬，看到白色军装的护旗手庄严地敬礼，我内心的激动无法言表。
"
下落不明,3,还行,2020-01-14 21:45:10,3,"
哎 如果是别的国家的事情 就不会有这么多的代入感了 “为什么我的眼里常含泪水/因为我对这土地爱得深沉”
"
七七八八,5,力荐,2019-09-30 00:04:55,289,"
属于中国的，寸土不让；属于中国的，分秒必争！――《回归》
"
SilentNimo,3,还行,2019-10-01 01:10:43,168,"
陈凯歌捧儿子捧过了，最尬的故事，三星给开国和女排
"
Zian,4,推荐,2019-09-30 11:24:13,73,"
最近真的是。。。被这个歌和电影刷屏了。。。看完觉得还是很不错的！这个片子最喜欢的是奥运的那个！！葛优你大爷还是你大爷，深深抓住了我的08年情节！08年可能真的每个人爱国自豪感到最高的时候了。08年的时候真的觉得未来什么都会更好。其实比较失望的反而是刘昊然的演的部分，人物态度转换的太突然了，很不自然。比较惊喜的是《护航》，拍出了飞行的一种温柔，军人下面的温柔才是最动人的，一看这个故事导演是拍《我不是药神》的文牧野，难怪！完全没有被几个老导演压下去啊！《前夜》黄渤也是演的很好，整个故事很稳当。剩下的都是及格以上，可能是其他故事太好了，所以也就没感觉了。


作为在一个特殊时刻的特殊电影，落地不同时期的不同身边人物，关注个体的家国情怀，而不是大而无当的强调大国情怀。真的是很温柔了。
"
橘子不好吃吗,5,力荐,2019-09-30 00:10:13,288,"
有笑有泪，有激情有燃点！我为祖国打电话！我和阿中哥哥永远在一起！
"
羡上林,5,力荐,2019-09-30 23:57:56,64,"
为题材打了五星，很多情节真的感人。不过七个里面难道不是陈导的最……尬？
"
千木文子,5,力荐,2019-09-30 02:34:45,72,"
迟到了半小时，一进影院，全场坐满，正好看到任素汐和张译在公交车上的那段，正好回顾了前面的剧情，我只看任素汐表演都看哭了，爱国主义满满，每个故事都有特色，宁浩牛逼！！！
"
华盛顿樱桃树,3,还行,2019-09-28 14:40:59,103,"
最棒的是所有故事都选择了小人物的视角，情感上面更能共通。项目整体的难度很大，风格难以统一，相互之前更是难以串联。更加现实的是，七个故事摆放在一起。参差感就有了。但情感都是一个情感，激动人心罢了。
"
王食欲,2,较差,2019-10-02 22:45:44,69,"
我认为田壮壮老师接陈凯歌这个戏，只能是为了去草原骑马。只能是。只能是。
"
sanyo1527,3,还行,2019-09-28 23:56:16,114,"
张一白那段本来能拍得很棒，但叙事完全依靠对话太僵了，觉得最差的是薛晓路那段，想面面俱到但哪方面也没顾到。管虎、徐峥、宁浩三段最好。
"
鬼狗杀手,5,力荐,2019-09-30 16:41:23,58,"
看着确实让人感慨万千，七个故事风格不一样，品质也不一样，但这个电影打分不需要太客观。
《前夜》开篇很精彩，导演调度，演员表演都不错。
《相遇》演员是唯一的亮点，张译任素汐非常稳，但从整个故事来看，应该是七个里面垫底的那个。
《夺冠》徐峥选的视角很有意思，整个短片明快又充满童趣。 
《回归》讲真不怎么样，但罗大佑的歌声响起的时候，还是把我看感动了，果然是因为最近发生的事，看这个短片十分感慨。
《北京你好》七个故事里我最喜欢的一个，宁浩把自己的风格融入了背景，把那年的辉煌与伤痛放在一起，主旋律拍出了小人物的反思，
《白昼流星》的画面和思想都是七个故事里面最好的，但表现出来嘛……
《护航》非常工整，文牧野是七个导演里发挥最稳定的一个。
"
大聪,4,推荐,2019-10-01 22:59:01,57,"
在比较偏的一个电影院看的《我和我的祖国》，但满座。
气氛感动，电影结束大家一起跟着唱起《我和我的祖国》，鼓掌。
北京你好>夺冠>护航>前夜>白昼流星>相遇>回归
"
叫我高舒夜,4,推荐,2019-09-28 18:29:43,91,"
陈凯歌真的不会讲故事，白昼流星一看就是上个世纪的故事，载人航天的外壳套着精准扶贫的里子，尴尬又假大空；张一白稳定发挥，贡献了第二个尴尬又无聊的片段；意外的夺冠很不错（去掉战狼片段），女排大背景下的追寻爱情的冬冬，喜欢；回归最有质感；葛大爷定海神针，宁浩稳定发挥；黄渤宋佳两段一般般，最后韩东君太特么帅了！邪魅一笑的正确打开方式。
"
字母君,3,还行,2019-09-28 18:17:31,76,"
令人惊讶的是，从《前夜》中困难重重的指令传达，到《相遇》的人物命运、《夺冠》中加于孩子身上的复杂牺牲精神和简直有恶政隐嫌疑的狗、《回归》中《东方之珠》和主人公的逃港者身份、《北京你好》中对小市民心态的呈现和数句结合时代可解读出特殊意味的台词、《白昼流星》警员审讯方式、三位主角身份和强扭的平民视角，再到最后《护航》平民视角的完全消失，几乎所有导演都在集体回忆中或主动、或被动地提取出了对集体主义、官僚作风和国民性不同程度的反思。
按喜爱程度排的话大概是：宁浩（不过题目本身也最容易发挥）＞★★★＝徐峥＞张一白（长镜头后景运用非常厉害，但水平飘忽不定）＞管虎＞★★＝陈凯歌（题目难拍，但很好地贯彻了第五代精神）＞薛晓路（出发点好，但材质处理不佳，群像也太像铺大饼）＞文牧野（不切题，而且拍得有些油腻）。
"
独孤先生,5,力荐,2019-09-30 22:01:04,69,"
葛大爷那段太有意思了
"
匡W歌,2,较差,2019-12-17 13:14:16,44,"
以小人物做切口又怎样？从剧作角度，没有哪个故事真正跳脱了样板戏范式。陈凯歌《白昼流星》直接抄用《悲惨世界》的情节。且整部片子明臭太多，槽多无口。“顺利完成升旗任务，组织和领导给你发老婆” ？“升旗任务完成得不圆满，老子一枪崩了你”？
拜托都啥年月了？我想翻一会儿白眼。从这些细节可以得见，这个国家骨子里的核心价值观从来没变过。全片唯一合格的，是《相遇》里念台词过关的任素汐，以及，戴着口罩用眼神念完了所有台词的张译。
"
frozenmoon,3,还行,2019-10-05 22:37:47,38,"
宁浩和徐峥拍得挺聪明，陈凯歌拍得太笨拙了。
"
梧桐树下你和我,4,推荐,2019-10-10 23:38:06,1,"
7个故事《前夜》《相遇》《夺冠》《回归》《北京你好》《白昼流星》《护航》以7个小人物独特的历史背景视角串联起送给祖国70年庆生的电影。其中《前夜》《相遇》《北京你好》这三个拍得特别好，最让人失望就是《回归》对于一个广东人来讲，香港97回归小人物故事太多了，薛晓路是否真的明白香港回归的情感，还有回归仪式的争分夺秒拍得相当平庸，看不出任达华作为广东佛山人回归祖国有多自豪。《白昼流星》的知青扶贫，少数民族和神舟十一号回归 之间的联系感觉特别生硬，文牧野的《护航》作为收编的最后一个故事感觉意图含糊定位不明。管虎把主旋律电影拍得红通红透的，完美诠释了“人民的选择”《相遇》无名英雄们的默默无闻构建一个美好的祖国蓝图。78分，最有艺术感的主旋律电影，最重要的是“小人物”的我们见证了整个历史伟大的进程。
"
嘟嘟熊之父,3,还行,2019-10-10 22:43:02,33,"
真的是一部热闹的电影，具体如下：

管虎：热闹是我们的
张一白：热闹是他们的
徐峥：热闹是你们的
薛晓路：热闹是谁的
宁浩：热闹是咱们的
陈凯歌：热闹是啥
文牧野：热闹是它的

宁浩那段爆哭，真的太强了，他在我心中地位直线攀升一百名。
"
stan,3,还行,2019-09-30 14:55:26,61,"
三颗星分别给第一第二和最后一个故事。最烂的是北京你好那个，特别无聊的
"
西楼尘,4,推荐,2019-09-28 21:20:56,7628,"
旗杆上升起的不是一块红布，报纸上登载的不是一个名字，电视外错过了情窦，鸟巢里交换了运气。秒针精确了百年的等待，流星划破了回乡的急迫。女排夺冠终结了我最短的暗恋，核弹爆破公开了你最长的沉默。奥运开幕兑换了我最大的运气，香港回归校准了你最久的思念。每个历史瞬间，都有回忆我们自己记得。
"
LOOK,3,还行,2019-09-29 13:57:44,4130,"
三星都给徐峥这段。基本就是卡萨布兰卡+繁花，唯一缺陷是冬冬长大后怎么就变成了吴京而不是胡歌。宁浩这段分寸全靠葛优掌控。管虎这是被罚再拍一次旗帜么？张一白浪费了好题材，本可以是柳云龙风筝蒙冤硬挺情节，但演员没有驾驭好，给弄成了话剧。文牧野最大亮点是雷佳音的荤段子。陈凯歌就又是虚头巴脑的玩意。薛晓璐零蛋。
"
_,4,推荐,2019-09-30 01:31:52,7376,"
几个人一起看，前面排名无所谓，最差大家都很一致――白昼流星  因此扣了一星
"
悠三岁,4,推荐,2019-09-28 22:46:26,4159,"
宁浩是最好的，葛大爷是完美的。
"
影志,4,推荐,2019-09-28 22:30:04,3625,"
谁能想到呢？这可能是国庆档最好看的一部。从片头王菲主题曲开始就被渲染，看之前有主旋律的刻板印象，但当故事从一个个小人物的切口开始讲述后，就会忘掉主旋律的影子，进入这些故事。2个半小时不嫌长，7个故事亲身经历后面4个，喜欢程度按：徐峥的《夺冠》>宁浩的《北京你好》>张一白的《相遇》>管虎的《前夜》>文牧野的《护航》>陈凯歌的《白昼流星》>薛晓璐的《回归》。爬上房顶的求助张罗、陈旧的《青春之歌》、屋顶上的天线超人、一秒也不能等的东方之珠、萨马兰奇送的奥运门票、回乡的人和没能实现的飞行…每一个无名的“我”都是历史书里看不到的，有笑有泪，原来我们就是这样在历史长河中经历了生活。
"
Cool,5,力荐,2019-09-30 15:00:35,11097,"
第三段那个小男孩太棒了
"
安东,2,较差,2019-09-30 13:17:50,1920,"
就像什么呢，就像一个小伙子想对女孩表达爱意，有太多的甜言蜜语可讲，而七个小伙儿一拥而上同时表白，除了“爱爱爱”就听不到别的声音了，慷慨激昂又空洞苍白。
"
米米路亚0815,5,力荐,2019-09-30 09:29:42,5705,"
最喜欢女排那个故事，小演员太可爱了。     优叔一出现感觉过年了。
"
黄青蕉,4,推荐,2019-09-29 17:02:53,3181,"
任务型电影拍成这样可以了，难得的大时代下看到一点小人性，徐峥（居然）最佳，宁浩第二，其他正常发挥，凯歌老师…emmmmm儿子特写拍太多了哈
"
昆仑有人衣青衣,4,推荐,2019-09-28 18:11:20,1226,"
《我和我的祖国》由七位导演各执一环、按年代事件串接，虽风格各异但共成一色，十分特别。与前几个故事或昂扬或细腻或幽默不同，由陈凯歌执导、第六个亮相的《白昼流星》则大气、温暖。“李叔”于荒漠戈壁的坚守，沃德乐兄弟的迷途知返，都在陈凯歌娴熟老练的转切对接、铺垫推进中，化作沁心的感动。而故事的暖又与雄浑壮美的画面相映衬，佐证了陈凯歌的把控功力。
"
夜来,1,很差,2019-10-01 02:10:39,196,"
大型春晚合集现场
"
私享史,3,还行,2019-09-28 18:34:25,3231,"
管虎5.5分，败笔很多，用倒计时的字幕和黄渤的大量旁白解说加剧了匆忙叙事的流水账感，这个短片还用了最多的明星客串，分散焦点，增加琐碎感。
张一白6.5分，故事太简单，完全是靠任素汐的大段独白撑着，任的演技可谓信手拈来。
徐峥7.5分，七部中的最佳，最生活气息，最显时代感，最轻松愉快。唯一值得商榷的是寻常弄堂里怎么会抛出那么大一面国旗。
薛晓路7分，“一秒都不能少”这个点切得特别好，唯一的不足是任达华的角色设定太刻意，他的那条线也很牵强。
宁浩5分，用“奥运”这个命题作文生造的“一件小事”，葛大爷再能演再可乐也遮不住这个故事的空洞。
陈凯歌4.5分，把一大一小毫无关联的两件事硬凑到了一起，符合陈一贯的不着调风格。唯一值得夸的是它把故事放在了边陲。
文牧野7分，年轻导演拍出了锐气。
【南海万达】
"
已注销,4,推荐,2019-09-28 23:40:53,913,"
我永远喜欢冬冬！
"
陈一,3,还行,2019-09-28 18:37:00,1592,"
陈凯歌凭一己之力把宁浩拉上去的一星又还回去了。
"
胤祥,3,还行,2019-09-29 07:06:45,1433,"
7场“最后一分钟营救”，比的就是怎么去做这个最后一分钟营救。7部评分及个人喜好排序：管虎(4)>徐铮(4)>宁浩(3)>张一白(3)>薛晓璐(2)>文牧野(2)>陈凯歌(1,或者X)。管虎开场调子定的太高后面真的不太好追……要数管虎那段最讲究，细节、方言等等都不错（王千源逆人潮而出的那个长运动镜头相当打动人）。徐铮再次搞了一个父子之家的故事，视听和调度还都蛮有想法（这段其实相当值得分析）。宁浩那段可信度实在打折扣，否则可能还会更好。张一白虽然有两段极为精彩的电影化调度（两人在公车里坐下后车外环境，以及cue[青春之歌]的人潮），但无奈整体温吞且群演实在是有点呵呵。其余几部，薛晓璐拍得比较散乱（其实和第一段可以形成复调啊！），文牧野拍得油腻，至于凯爷，真的不知道编这么个故事要干什么……
"
发呆忘事大王,4,推荐,2019-09-30 23:11:07,719,"
陈凯歌的部分是个败笔
"
柯里昂,3,还行,2019-09-29 22:19:32,526,"
功绩和成就需要被歌颂，主旋律电影存在的合理性也从未被质疑过，与此同时如果能一并回头看看那些被遗忘的和没被正视过的苦痛，或许才是真正的进步。电影本身能看（三部之中），毕竟最好的资源都给到位了，作为献礼片难免会让人联想到2009年的那部，十年过去，跟涨了十倍的票房相比，中国电影在其它方面做出的努力和觉悟实在太缓慢太微不足道了。
"
糖小包,5,力荐,2019-09-30 00:00:32,3400,"
我以前是不怎么感冒献礼片的，这次因为朱一龙的缘故关注了我和我的祖国，才发现我比自己想象中更爱这个国家。这部献礼片的意义，是串联，是纪念，是传承，非常适合全家一起观看。
"
王大根,3,还行,2019-09-28 18:08:57,479,"
How to abandon your personal life for your c*untry, 七个故事里张一白拍的那个果然是最可怕的
"
禾子戈兀,5,力荐,2019-09-30 00:01:46,1490,"
这样的电影注定是要带着餐巾纸去的，真的后悔自己是一个00后，感觉大事发生的时候要么自己还不在，要么就是太小了，心境不成熟。还好在我即将步入成年后，能看到这样一部电影，他深深地教会了我，永远与祖国荣辱同在，远比教科书更加深刻而有力的教法，让我急切的期待着有一天能对前辈说:幸不辱命!
"
哄哄桔啊梗,5,力荐,2019-09-30 00:02:16,1935,"
《我和我的祖国》回归篇真实再现了香港回归的场景，青年演员朱一龙在其中饰演了一名护旗手，当他迈着坚定的步伐走向升旗台时，我好像也到了那个庄严肃穆的现场，那种澎湃激动的心情难以言表。
"
朴实无华的阳光,5,力荐,2019-09-30 00:02:10,760,"
《北京你好》很逗，《回归》很真实，《护航》很燃，《相遇》催泪，《夺冠》诙谐，《前夜》珍贵，《白昼流星》点燃希望。新中国成立70年了，用7个故事来致敬历史展望未来，喜欢。
"
有有,4,推荐,2019-09-30 08:28:33,387,"
七个故事，按照时间顺序，每个故事一个主题。最喜欢香港回归，北京奥运，女排夺冠，故事和主题比较贴合，白昼流星比较扯。
"
琼华校草小紫英,5,力荐,2019-09-30 00:04:23,712,"
为祖国这七十年热泪盈眶，前辈不易，吾当自强！
"
谢谢你们的鱼,1,很差,2019-12-17 10:54:04,33,"
除了陈凯歌和宁浩的故事，其余的短片里面没有人，没有人性，只有集体无意识的狂欢，最讨厌薛晓路和文牧野的那两个，连个起承转合都没有，而管虎和张一白的，毁在毫无真实感的美术上，徐峥那个掐头去尾倒是可以做一个有趣的小短片，如此的政宣篇配不上大银幕，
"
La vie,5,力荐,2019-09-30 22:19:53,445,"
妈！！！！！！！！！！
生日快乐！！！！！！！！
"
tohearof,4,推荐,2019-09-30 22:50:43,309,"
葛优满分
"
西泠,4,推荐,2019-09-30 16:02:13,261,"
拍得还行，演技还是葛优最生动，故事喜欢徐峥导的中国女排，至于陈凯歌那个太尬了，为什么这时候了还加个人物成长，内心转变，献礼片是让人思考的吗？这一思考前期所有情感铺垫都抽空了，我还是期待陈可辛的《中国女排》吧
"
高绛婷,5,力荐,2019-09-30 00:01:47,552,"
《我和我的祖国》中令我印象最深的还是回归篇，“0分0秒升起中国国旗，这是我们的底线”，当国旗从升旗手的手中升起，他们挺拔的军礼，微红的双眼深深刻入了我的脑海，那种情感共鸣是从骨子里透出来的。这是吾辈之幸，能看到祖国一步步迈向强大。
"
正义B胜,3,还行,2019-09-28 23:14:17,461,"
电影其实讲的就是：为了你的祖国，你可以牺牲多少？从这个角度，当然是越软的我越喜欢，比如很多人说最烂的陈凯歌那支，因为是爱国浓度最低的，我就还挺喜欢的。基本按这个观感排序就是：宁浩＞陈凯歌＞文牧野＞徐峥＞管虎＞张一白＞薛晓路。
"
加斯珀哥哥,5,力荐,2019-09-28 18:13:53,344,"
《我和我的祖国》七位导演评分
管虎30
张一白0
徐铮60
薛晓路10
宁浩95
陈凯歌30
文牧野45
"
rovaniemi,4,推荐,2019-09-28 18:26:17,258,"
七分，整体感觉看下来不错的，但对比起来有长板有短板，不评价立意和深度，讲故事还是徐峥，宁浩，文牧野拍得最溜，比较意外的是，看预告片最不起眼的「护航」，看完电影却是最喜欢的一段。比较失望的是「回归」和「前夜」。以及张译真的是神演技，有限的台词，只凭面目表情和眼神，勾画出人物的无限内心。
"
单于立,3,还行,2019-09-28 18:13:03,307,"
《白昼流星》那集看得痛哭流涕，把主旋律命题作文拍出了《平凡的世界》的感觉
"
,2,较差,2019-10-02 00:08:42,206,"
如果建国史是一个成年人的话，他是具有深度遗忘症的人，只有童年和中年的记忆，不反思、不回忆。他的回忆方程式是中年的成功全源自童年记忆。参与国史写作的人是被挑选的，真正的人民都是煽情故事的背景板。中国导演对戏剧是不是有误解，他们的三板斧：1.煽情、最后一分钟营救，感动是第一要务。 2.人物成年的努力一定来自童年。3.高昂的歌曲必定是奏响，人多力量大。 陈凯歌导演写作文连逻辑都不要了。
"
Ocap,2,较差,2019-09-30 19:46:13,209,"
好就好在，是名副其实的“我和我的祖国”，而不仅仅是“我爱我的祖国”。→11.29 只有宁浩人本。
"
哟~,5,力荐,2019-09-30 00:08:35,552,"
看了电影，我只能说，厉害了，我的国！我很自豪和骄傲，真的！
"
Elly,5,力荐,2019-09-30 07:23:08,304,"
本以为拼盘电影没什么看头，没想到却是个非常成功的献礼片，无数次泪目，惠英红太帅了，葛优的表现一如既往地稳，昊然弟弟演出了浑然天成的痞，特别突破
"
大奇特(Grinch),3,还行,2019-09-25 17:13:56,166,"
每位创作者选取的历史横截面不同，选取的角度也不同，但是每位导演都带有明显的个人风格，包括自己熟悉的类型领域，甚至个人的成长经历。之前也看过全剧本，每一组编剧的写法也有不同的特点。个人喜欢管虎、徐峥、凯歌拍的。《前夜》属于命题作文的优秀答卷。国旗、国歌的电影之前都拍过，这次拍升旗装置就是聚焦历史大事件里小人物的瞬间，结尾用伪纪录片的方式特别好。《夺冠》将要“革命任务”还是要“儿女情长”，浓缩成一个男孩的两难处境，沪语话和全民爱体育深得《大李老李和小李》真传。《白昼流星》难度最大，很多人不喜欢是因为剧本是把航天和扶贫整合到一起，有点强扭。但我喜欢凯歌和壮壮这种第五代对于土地人的记忆，有格局和浪漫情怀，而后把精准扶贫上升到一种精神上的“站起来”，“白昼流星”也由传说中的意象变成心中的符号
"
桃桃林林,3,还行,2019-10-07 08:00:17,135,"
7分，这种集锦片很难评分，因为质量各有差异。相比之下，宁浩的《北京你好》和徐峥的《夺冠》都更喜欢，宁浩与葛优的合作，终于让葛优回到了自己最舒适的领域，整体表演很放松，也很希望宁浩与葛优之后会有长片合作啊。徐峥的部分主要是有趣，很市井，也很有回忆的味道，小朋友的情感又有其独特的趣味，其中又涉及个人与集体的选择。管虎的部分也很厉害，导演手法很娴熟。陈凯歌的部分野心很大，只不过选择的两个演员，还是不太符合角色设定，太不像穷人家孩子了。薛晓路的部分问题最大，剧作和导演能力都不好，甚至也不太符合小人物这个预设。
"
听筝,5,力荐,2019-09-30 00:05:12,510,"
一部好的电影、好的作品总是能激起观众对真善美的追求和认同，就像这部集结了中国电影梦之队的献礼片，从小人物的角度见证大中国的变迁，每一个故事都催人热泪，爱国的情怀真的是根植在每个华夏儿女的血脉深处，试问哪一个中国人又不是“此生无悔入华夏，来世还在中华家。”！
"
小圆子,3,还行,2019-09-30 16:46:27,263,"
部分与部分之间的衔接不太好。
配乐是谁你出来，不管哪一part音乐都很硬很尴尬
北京你好 本北京人很惊喜
回归 护航 白昼流星 及格以下
"
にゃんこ,5,力荐,2019-09-30 00:02:12,262,"
70周年，为阿中哥哥庆生
最近各地都在给祖国庆生，去看了电影，更加的感受到了国庆的氛围，当国歌响起国旗升起时，热血沸腾，泪有点不受控制了。
为中国骄傲自豪！
"
jj73浅之,2,较差,2019-09-28 17:31:10,84,"
短片集最残酷的点是，主创能力高下立现。谁会讲故事、谁运镜讲究、谁审美怎么样，哪个演员啥都能演、哪个演员天生讨喜，太一目了然了……
"
夏天的颜色,5,力荐,2019-09-28 21:28:38,460,"
爱国，是人世间最深层、最持久的情感，它流淌在我们的血脉里，扎根于我们的思想深处。
此番中国电影梦之队，集结优秀一线导演和演员，用最真挚的情感、最炽热的激情，最动情的诉说以及最专业的制作集体向新中国成立70周年献礼，致敬伟大祖国。
他们用七个故事，将自己对祖国的理解和情感融入电影中，最终为我们呈现了一部有温度、有细节，同时具有历史厚度的电影。
"
刘遐迩19123,3,还行,2019-09-30 22:35:25,192,"
我爱我的祖国，但我不爱这部电影。
"
李霁琛,4,推荐,2019-09-28 18:33:04,169,"
《北京你好》特别宁浩。这个短片我很喜欢，有生活感，有北京味儿，葛优这个出租司机的角色，把“我和我的祖国”里的“我”刻画得最平实自然。

"
Under Pressure,4,推荐,2019-09-30 14:14:44,151,"
喜欢《北京你好》《白昼流星》《夺冠》
"
鹿,5,力荐,2019-09-28 17:38:55,200,"
徐峥真是讲故事的天才，管虎的视觉和氛围感绝了
"
黄石南,5,力荐,2019-09-30 00:05:27,387,"
之前看到评论说七包纸巾觉得也太夸张了，没想到自己从片头曲响起就开始落泪。算起来七个故事也算亲历了五个，但有的年纪太小没有细节记忆了，有的时过境迁以为渐渐淡忘了。但在这样一部笑泪齐飞的主旋律电影中，导演和演员们，却将每个人心底最朴素的爱国情怀勾起。以时间为节点推演这个国家走过的历程，以你我这样芸芸众生的视角体验祖国的日益强大和飞速发展，最终也许只剩下一句话：此生不悔入种花～
"
不是周贝贝,4,推荐,2019-09-30 17:27:15,125,"
我和我的祖国，七个故事，各有千秋，宁浩很灵，徐峥最有趣，陈凯歌最大气电影感最强，可惜拿了个最不好的本子，葛大爷最稳，他有一种往镜头前一站，就代表了故事本身的气质，那种把任何故事娓娓道来的功力真的牛，自然而不落俗什么人物都能演。
"
孔鲤,4,推荐,2019-10-05 02:30:08,73,"
《我和我的祖国》的主角是那些明面上的角色，但其实仔细想想，你会发现这些小人物，离绝大多数人的生活其实也很遥远。这些明面上的主角都是共和国最重要那批人，没有他们绝对没有共和国的今天。但更让我感动的其实不是他们，而是开始给林治远送金属的那些人民群众，是在街上欢呼原子弹新闻的市民，是在弄堂里围观女排的那些居民，是修钟表的大叔，是听说有抢劫二话不说就去追的小摊贩，没有这些人，也更不会有共和国的今天。这才是我们和我们的祖国。
"
愿为南流景,5,力荐,2019-09-30 00:09:15,304,"
七个导演风格各异，陈凯歌擅长把控画面，宁浩擅长刻画细节，薛晓路女导演，掌控情绪是一绝。惠英红的“一秒都不可以错”是一个泪点，很细腻。
"
走了就别再回来,5,力荐,2019-09-30 00:04:05,388,"
真的看哭了好多次，我们都是小人物，但我们生活在大时代中，我们见证着经历着也创造着这个国家的历史。我为新中国骄傲，自豪！电影值得N刷！
"
哥谭市懵仔,5,力荐,2019-09-30 15:22:54,161,"
普通观众，不太喜欢 护航 和 白昼流星，其他都还行。尤其白昼流星，后半段莫名其妙。

"
咚咚咚小弟,5,力荐,2019-09-30 20:09:09,198,"
一共7个故事，每个20分钟左右，节奏比较紧凑！最喜欢《前夜》和《回归》，前夜当无数群众都来送自己家的东西的时候真的很触动！回归中音乐响起“让海风吹拂了五千年，每一滴泪珠仿佛都说出你的尊严”，真的眼泪都快出来了，白色海军装的小哥哥说他也缺个媳妇的时候笑死我了，长的挺帅，咋说话就那么土呢！原子弹爆炸成功这个觉得有点平淡！中国女排那个就真的很真实，我们小时候真的就是很多人一起看电视，很多童年记忆的电视都是这样看的，小演员演的很好！葛大爷一如既往幽默！陈飞宇和刘昊然真的太土了！最后是中二少女成长成一名优秀的空军飞行员！
"
夜夜夜夜,5,力荐,2019-09-30 00:02:26,330,"
虽然是献礼影片，但是却非常有新意。它汇聚了中国电影梦之队最棒的导演和演员们，一起庆祝新中国成立70周年，本身就很有看点。而影片取材的七个重大的历史事件，巧妙地新颖地结合了小人物的视角，无论你年龄大小，或多或少你都和影片中的小人物一样，经历过这些意义非凡的时刻。祖国今天的繁荣昌盛，我们都是她的见证者，甚至是缔造者。看完就觉得特别感动和激动。会继续努力，为祖国的繁荣富强贡献自己的微薄的力量！
"
每日可爱二百人,2,较差,2019-10-26 15:26:15,70,"
不喜欢。年度最压抑电影。每个故事都是牺牲和付出，永远都是国家最大，而中国人活着的意义只是随时待命为国奉献甚至为国捐躯，爱情舍了，家庭舍了，什么都舍了，换一个如谁所愿的盛世。五十年后如果还有这种电影，希望多拍一拍快乐轻松自由的终于可以自我实现了的中国人。真的，中国人奉献牺牲的已经太多了，也应该追追自己的梦了。
"
迷失,4,推荐,2019-09-30 16:04:03,120,"
上映前真的很期待，因为陈凯歌，因为王菲，因为预告片。看预告时就最喜欢陈凯歌的白昼流星，其次再是宁浩的北京奥运、张一白的相遇、薛晓路的回归、徐峥的夺冠，但没想到相遇拍的稀巴烂，可惜了张译的演技。回归和夺冠也只是让我感动于真实发生的那个事件，如果没有真实事件的依托，和原历史视频的插入，可能我真的要愤然离席了。剩下的前夜，我在看预告的时候就觉得不行，而护航我看完觉得没啥共鸣。所以我觉得不错的只有北京奥运和白昼流星了，这两部我觉得是完全可以单独拍一整部的，我个人也更喜欢白昼流星，因为这名字真的太好听了，而且两位青年演员也演得很不错，但这样的故事加入爱国主旋律就稍有些奇怪，如果能单拎出来拍，我希望白昼流星会是一个有着浓郁边疆文化的民族故事。
"
Citrus,5,力荐,2019-09-30 00:04:52,193,"
这七个高光时刻，记录的正是这个国家是怎样一步一步，从弱到强，从苦难走向了辉煌。
电影中记录了很多的父辈，很多的小人物。却正是千千万万个这样的小人物，推进了这个国家不停歇的发展，把这样美好的现在，交到了我们手中。
而现在，到我们了。
这一代年轻人是什么样子的，祖国的未来就是什么样子的。
一起加油吧，希望下一个高光时刻，我们不仅是见证者，更是参与者。
"
谢飞导演,3,还行,2020-05-13 19:25:47,76,"
学院要恢复评选“学院奖”，开始补看提名的2019年毕业生参与的作品。此片是命题作文，不易。离开了当时献礼的时机，观看感受就差了很多。
"
小猪撞树晕嘛晕,5,力荐,2019-09-30 19:00:38,123,"
为70亿票房做贡献！
"
袁长庚,3,还行,2019-09-30 16:25:36,119,"
十年前是大业当头资本拦路，十年后大家拼了命要在宏大叙事中塞进去个体血泪，这不是主子仁慈通达，而是社会进步倒逼。前两个故事好，好在一个人民共和国的真实情感，徐峥明亮宁浩通达，文牧野浓眉大眼的只会看姑娘。anyway，经此一役，陈凯歌是烂片王应该没有异议了吧？
"
ciao,4,推荐,2019-09-30 10:26:39,120,"
七位导演都在线 每一部各有千秋 但是能不能多花点心在每个片之间的衔接 太突兀太尴尬 最打动的故事是不包括结尾的夺冠
"
南国北郭,4,推荐,2019-09-30 22:47:22,116,"
时代和国家好大，我们好小。
"
锦瑟无端,5,力荐,2019-09-30 00:05:47,322,"
在回归故事中，仪仗队的旗手迈着铿锵有力整齐无比的步伐走到了升旗台前。看着这三个英姿飒爽的军人，将五星红旗准点升起，我太骄傲和自豪了！
"
时也,4,推荐,2019-09-30 00:09:09,286,"
听着国歌声，看到五星红旗迎风飘扬，看到白色军装的护旗手庄严地敬礼，我内心的激动无法言表。
"
下落不明,3,还行,2020-01-14 21:45:10,3,"
哎 如果是别的国家的事情 就不会有这么多的代入感了 “为什么我的眼里常含泪水/因为我对这土地爱得深沉”
"
七七八八,5,力荐,2019-09-30 00:04:55,289,"
属于中国的，寸土不让；属于中国的，分秒必争！――《回归》
"
SilentNimo,3,还行,2019-10-01 01:10:43,168,"
陈凯歌捧儿子捧过了，最尬的故事，三星给开国和女排
"
Zian,4,推荐,2019-09-30 11:24:13,73,"
最近真的是。。。被这个歌和电影刷屏了。。。看完觉得还是很不错的！这个片子最喜欢的是奥运的那个！！葛优你大爷还是你大爷，深深抓住了我的08年情节！08年可能真的每个人爱国自豪感到最高的时候了。08年的时候真的觉得未来什么都会更好。其实比较失望的反而是刘昊然的演的部分，人物态度转换的太突然了，很不自然。比较惊喜的是《护航》，拍出了飞行的一种温柔，军人下面的温柔才是最动人的，一看这个故事导演是拍《我不是药神》的文牧野，难怪！完全没有被几个老导演压下去啊！《前夜》黄渤也是演的很好，整个故事很稳当。剩下的都是及格以上，可能是其他故事太好了，所以也就没感觉了。


作为在一个特殊时刻的特殊电影，落地不同时期的不同身边人物，关注个体的家国情怀，而不是大而无当的强调大国情怀。真的是很温柔了。
"
橘子不好吃吗,5,力荐,2019-09-30 00:10:13,288,"
有笑有泪，有激情有燃点！我为祖国打电话！我和阿中哥哥永远在一起！
"
羡上林,5,力荐,2019-09-30 23:57:56,64,"
为题材打了五星，很多情节真的感人。不过七个里面难道不是陈导的最……尬？
"
千木文子,5,力荐,2019-09-30 02:34:45,72,"
迟到了半小时，一进影院，全场坐满，正好看到任素汐和张译在公交车上的那段，正好回顾了前面的剧情，我只看任素汐表演都看哭了，爱国主义满满，每个故事都有特色，宁浩牛逼！！！
"
华盛顿樱桃树,3,还行,2019-09-28 14:40:59,103,"
最棒的是所有故事都选择了小人物的视角，情感上面更能共通。项目整体的难度很大，风格难以统一，相互之前更是难以串联。更加现实的是，七个故事摆放在一起。参差感就有了。但情感都是一个情感，激动人心罢了。
"
王食欲,2,较差,2019-10-02 22:45:44,69,"
我认为田壮壮老师接陈凯歌这个戏，只能是为了去草原骑马。只能是。只能是。
"
sanyo1527,3,还行,2019-09-28 23:56:16,114,"
张一白那段本来能拍得很棒，但叙事完全依靠对话太僵了，觉得最差的是薛晓路那段，想面面俱到但哪方面也没顾到。管虎、徐峥、宁浩三段最好。
"
鬼狗杀手,5,力荐,2019-09-30 16:41:23,58,"
看着确实让人感慨万千，七个故事风格不一样，品质也不一样，但这个电影打分不需要太客观。
《前夜》开篇很精彩，导演调度，演员表演都不错。
《相遇》演员是唯一的亮点，张译任素汐非常稳，但从整个故事来看，应该是七个里面垫底的那个。
《夺冠》徐峥选的视角很有意思，整个短片明快又充满童趣。 
《回归》讲真不怎么样，但罗大佑的歌声响起的时候，还是把我看感动了，果然是因为最近发生的事，看这个短片十分感慨。
《北京你好》七个故事里我最喜欢的一个，宁浩把自己的风格融入了背景，把那年的辉煌与伤痛放在一起，主旋律拍出了小人物的反思，
《白昼流星》的画面和思想都是七个故事里面最好的，但表现出来嘛……
《护航》非常工整，文牧野是七个导演里发挥最稳定的一个。
"
大聪,4,推荐,2019-10-01 22:59:01,57,"
在比较偏的一个电影院看的《我和我的祖国》，但满座。
气氛感动，电影结束大家一起跟着唱起《我和我的祖国》，鼓掌。
北京你好>夺冠>护航>前夜>白昼流星>相遇>回归
"
叫我高舒夜,4,推荐,2019-09-28 18:29:43,91,"
陈凯歌真的不会讲故事，白昼流星一看就是上个世纪的故事，载人航天的外壳套着精准扶贫的里子，尴尬又假大空；张一白稳定发挥，贡献了第二个尴尬又无聊的片段；意外的夺冠很不错（去掉战狼片段），女排大背景下的追寻爱情的冬冬，喜欢；回归最有质感；葛大爷定海神针，宁浩稳定发挥；黄渤宋佳两段一般般，最后韩东君太特么帅了！邪魅一笑的正确打开方式。
"
字母君,3,还行,2019-09-28 18:17:31,76,"
令人惊讶的是，从《前夜》中困难重重的指令传达，到《相遇》的人物命运、《夺冠》中加于孩子身上的复杂牺牲精神和简直有恶政隐嫌疑的狗、《回归》中《东方之珠》和主人公的逃港者身份、《北京你好》中对小市民心态的呈现和数句结合时代可解读出特殊意味的台词、《白昼流星》警员审讯方式、三位主角身份和强扭的平民视角，再到最后《护航》平民视角的完全消失，几乎所有导演都在集体回忆中或主动、或被动地提取出了对集体主义、官僚作风和国民性不同程度的反思。
按喜爱程度排的话大概是：宁浩（不过题目本身也最容易发挥）＞★★★＝徐峥＞张一白（长镜头后景运用非常厉害，但水平飘忽不定）＞管虎＞★★＝陈凯歌（题目难拍，但很好地贯彻了第五代精神）＞薛晓路（出发点好，但材质处理不佳，群像也太像铺大饼）＞文牧野（不切题，而且拍得有些油腻）。
"
独孤先生,5,力荐,2019-09-30 22:01:04,69,"
葛大爷那段太有意思了
"
匡W歌,2,较差,2019-12-17 13:14:16,44,"
以小人物做切口又怎样？从剧作角度，没有哪个故事真正跳脱了样板戏范式。陈凯歌《白昼流星》直接抄用《悲惨世界》的情节。且整部片子明臭太多，槽多无口。“顺利完成升旗任务，组织和领导给你发老婆” ？“升旗任务完成得不圆满，老子一枪崩了你”？
拜托都啥年月了？我想翻一会儿白眼。从这些细节可以得见，这个国家骨子里的核心价值观从来没变过。全片唯一合格的，是《相遇》里念台词过关的任素汐，以及，戴着口罩用眼神念完了所有台词的张译。
"
frozenmoon,3,还行,2019-10-05 22:37:47,38,"
宁浩和徐峥拍得挺聪明，陈凯歌拍得太笨拙了。
"
梧桐树下你和我,4,推荐,2019-10-10 23:38:06,1,"
7个故事《前夜》《相遇》《夺冠》《回归》《北京你好》《白昼流星》《护航》以7个小人物独特的历史背景视角串联起送给祖国70年庆生的电影。其中《前夜》《相遇》《北京你好》这三个拍得特别好，最让人失望就是《回归》对于一个广东人来讲，香港97回归小人物故事太多了，薛晓路是否真的明白香港回归的情感，还有回归仪式的争分夺秒拍得相当平庸，看不出任达华作为广东佛山人回归祖国有多自豪。《白昼流星》的知青扶贫，少数民族和神舟十一号回归 之间的联系感觉特别生硬，文牧野的《护航》作为收编的最后一个故事感觉意图含糊定位不明。管虎把主旋律电影拍得红通红透的，完美诠释了“人民的选择”《相遇》无名英雄们的默默无闻构建一个美好的祖国蓝图。78分，最有艺术感的主旋律电影，最重要的是“小人物”的我们见证了整个历史伟大的进程。
"
嘟嘟熊之父,3,还行,2019-10-10 22:43:02,33,"
真的是一部热闹的电影，具体如下：

管虎：热闹是我们的
张一白：热闹是他们的
徐峥：热闹是你们的
薛晓路：热闹是谁的
宁浩：热闹是咱们的
陈凯歌：热闹是啥
文牧野：热闹是它的

宁浩那段爆哭，真的太强了，他在我心中地位直线攀升一百名。
"
stan,3,还行,2019-09-30 14:55:26,61,"
三颗星分别给第一第二和最后一个故事。最烂的是北京你好那个，特别无聊的
"
HTL,4,推荐,2019-10-01 00:05:56,74,"
7.5分。夺冠8.5分>北京你好8分>相遇7.5分>前夜7分>护航6.5分>回归4分>白昼流星0分。
"
LOOK,3,还行,2019-09-29 13:57:44,4130,"
三星都给徐峥这段。基本就是卡萨布兰卡+繁花，唯一缺陷是冬冬长大后怎么就变成了吴京而不是胡歌。宁浩这段分寸全靠葛优掌控。管虎这是被罚再拍一次旗帜么？张一白浪费了好题材，本可以是柳云龙风筝蒙冤硬挺情节，但演员没有驾驭好，给弄成了话剧。文牧野最大亮点是雷佳音的荤段子。陈凯歌就又是虚头巴脑的玩意。薛晓璐零蛋。
"
_,4,推荐,2019-09-30 01:31:52,7376,"
几个人一起看，前面排名无所谓，最差大家都很一致――白昼流星  因此扣了一星
"
悠三岁,4,推荐,2019-09-28 22:46:26,4159,"
宁浩是最好的，葛大爷是完美的。
"
影志,4,推荐,2019-09-28 22:30:04,3625,"
谁能想到呢？这可能是国庆档最好看的一部。从片头王菲主题曲开始就被渲染，看之前有主旋律的刻板印象，但当故事从一个个小人物的切口开始讲述后，就会忘掉主旋律的影子，进入这些故事。2个半小时不嫌长，7个故事亲身经历后面4个，喜欢程度按：徐峥的《夺冠》>宁浩的《北京你好》>张一白的《相遇》>管虎的《前夜》>文牧野的《护航》>陈凯歌的《白昼流星》>薛晓璐的《回归》。爬上房顶的求助张罗、陈旧的《青春之歌》、屋顶上的天线超人、一秒也不能等的东方之珠、萨马兰奇送的奥运门票、回乡的人和没能实现的飞行…每一个无名的“我”都是历史书里看不到的，有笑有泪，原来我们就是这样在历史长河中经历了生活。
"
Cool,5,力荐,2019-09-30 15:00:35,11097,"
第三段那个小男孩太棒了
"
安东,2,较差,2019-09-30 13:17:50,1920,"
就像什么呢，就像一个小伙子想对女孩表达爱意，有太多的甜言蜜语可讲，而七个小伙儿一拥而上同时表白，除了“爱爱爱”就听不到别的声音了，慷慨激昂又空洞苍白。
"
米米路亚0815,5,力荐,2019-09-30 09:29:42,5705,"
最喜欢女排那个故事，小演员太可爱了。     优叔一出现感觉过年了。
"
黄青蕉,4,推荐,2019-09-29 17:02:53,3181,"
任务型电影拍成这样可以了，难得的大时代下看到一点小人性，徐峥（居然）最佳，宁浩第二，其他正常发挥，凯歌老师…emmmmm儿子特写拍太多了哈
"
昆仑有人衣青衣,4,推荐,2019-09-28 18:11:20,1226,"
《我和我的祖国》由七位导演各执一环、按年代事件串接，虽风格各异但共成一色，十分特别。与前几个故事或昂扬或细腻或幽默不同，由陈凯歌执导、第六个亮相的《白昼流星》则大气、温暖。“李叔”于荒漠戈壁的坚守，沃德乐兄弟的迷途知返，都在陈凯歌娴熟老练的转切对接、铺垫推进中，化作沁心的感动。而故事的暖又与雄浑壮美的画面相映衬，佐证了陈凯歌的把控功力。
"
夜来,1,很差,2019-10-01 02:10:39,196,"
大型春晚合集现场
"
私享史,3,还行,2019-09-28 18:34:25,3231,"
管虎5.5分，败笔很多，用倒计时的字幕和黄渤的大量旁白解说加剧了匆忙叙事的流水账感，这个短片还用了最多的明星客串，分散焦点，增加琐碎感。
张一白6.5分，故事太简单，完全是靠任素汐的大段独白撑着，任的演技可谓信手拈来。
徐峥7.5分，七部中的最佳，最生活气息，最显时代感，最轻松愉快。唯一值得商榷的是寻常弄堂里怎么会抛出那么大一面国旗。
薛晓路7分，“一秒都不能少”这个点切得特别好，唯一的不足是任达华的角色设定太刻意，他的那条线也很牵强。
宁浩5分，用“奥运”这个命题作文生造的“一件小事”，葛大爷再能演再可乐也遮不住这个故事的空洞。
陈凯歌4.5分，把一大一小毫无关联的两件事硬凑到了一起，符合陈一贯的不着调风格。唯一值得夸的是它把故事放在了边陲。
文牧野7分，年轻导演拍出了锐气。
【南海万达】
"
已注销,4,推荐,2019-09-28 23:40:53,913,"
我永远喜欢冬冬！
"
陈一,3,还行,2019-09-28 18:37:00,1592,"
陈凯歌凭一己之力把宁浩拉上去的一星又还回去了。
"
胤祥,3,还行,2019-09-29 07:06:45,1433,"
7场“最后一分钟营救”，比的就是怎么去做这个最后一分钟营救。7部评分及个人喜好排序：管虎(4)>徐铮(4)>宁浩(3)>张一白(3)>薛晓璐(2)>文牧野(2)>陈凯歌(1,或者X)。管虎开场调子定的太高后面真的不太好追……要数管虎那段最讲究，细节、方言等等都不错（王千源逆人潮而出的那个长运动镜头相当打动人）。徐铮再次搞了一个父子之家的故事，视听和调度还都蛮有想法（这段其实相当值得分析）。宁浩那段可信度实在打折扣，否则可能还会更好。张一白虽然有两段极为精彩的电影化调度（两人在公车里坐下后车外环境，以及cue[青春之歌]的人潮），但无奈整体温吞且群演实在是有点呵呵。其余几部，薛晓璐拍得比较散乱（其实和第一段可以形成复调啊！），文牧野拍得油腻，至于凯爷，真的不知道编这么个故事要干什么……
"
发呆忘事大王,4,推荐,2019-09-30 23:11:07,719,"
陈凯歌的部分是个败笔
"
柯里昂,3,还行,2019-09-29 22:19:32,526,"
功绩和成就需要被歌颂，主旋律电影存在的合理性也从未被质疑过，与此同时如果能一并回头看看那些被遗忘的和没被正视过的苦痛，或许才是真正的进步。电影本身能看（三部之中），毕竟最好的资源都给到位了，作为献礼片难免会让人联想到2009年的那部，十年过去，跟涨了十倍的票房相比，中国电影在其它方面做出的努力和觉悟实在太缓慢太微不足道了。
"
糖小包,5,力荐,2019-09-30 00:00:32,3400,"
我以前是不怎么感冒献礼片的，这次因为朱一龙的缘故关注了我和我的祖国，才发现我比自己想象中更爱这个国家。这部献礼片的意义，是串联，是纪念，是传承，非常适合全家一起观看。
"
王大根,3,还行,2019-09-28 18:08:57,479,"
How to abandon your personal life for your c*untry, 七个故事里张一白拍的那个果然是最可怕的
"
禾子戈兀,5,力荐,2019-09-30 00:01:46,1490,"
这样的电影注定是要带着餐巾纸去的，真的后悔自己是一个00后，感觉大事发生的时候要么自己还不在，要么就是太小了，心境不成熟。还好在我即将步入成年后，能看到这样一部电影，他深深地教会了我，永远与祖国荣辱同在，远比教科书更加深刻而有力的教法，让我急切的期待着有一天能对前辈说:幸不辱命!
"
哄哄桔啊梗,5,力荐,2019-09-30 00:02:16,1935,"
《我和我的祖国》回归篇真实再现了香港回归的场景，青年演员朱一龙在其中饰演了一名护旗手，当他迈着坚定的步伐走向升旗台时，我好像也到了那个庄严肃穆的现场，那种澎湃激动的心情难以言表。
"
朴实无华的阳光,5,力荐,2019-09-30 00:02:10,760,"
《北京你好》很逗，《回归》很真实，《护航》很燃，《相遇》催泪，《夺冠》诙谐，《前夜》珍贵，《白昼流星》点燃希望。新中国成立70年了，用7个故事来致敬历史展望未来，喜欢。
"
有有,4,推荐,2019-09-30 08:28:33,387,"
七个故事，按照时间顺序，每个故事一个主题。最喜欢香港回归，北京奥运，女排夺冠，故事和主题比较贴合，白昼流星比较扯。
"
琼华校草小紫英,5,力荐,2019-09-30 00:04:23,712,"
为祖国这七十年热泪盈眶，前辈不易，吾当自强！
"
谢谢你们的鱼,1,很差,2019-12-17 10:54:04,33,"
除了陈凯歌和宁浩的故事，其余的短片里面没有人，没有人性，只有集体无意识的狂欢，最讨厌薛晓路和文牧野的那两个，连个起承转合都没有，而管虎和张一白的，毁在毫无真实感的美术上，徐峥那个掐头去尾倒是可以做一个有趣的小短片，如此的政宣篇配不上大银幕，
"
La vie,5,力荐,2019-09-30 22:19:53,445,"
妈！！！！！！！！！！
生日快乐！！！！！！！！
"
tohearof,4,推荐,2019-09-30 22:50:43,309,"
葛优满分
"
西泠,4,推荐,2019-09-30 16:02:13,261,"
拍得还行，演技还是葛优最生动，故事喜欢徐峥导的中国女排，至于陈凯歌那个太尬了，为什么这时候了还加个人物成长，内心转变，献礼片是让人思考的吗？这一思考前期所有情感铺垫都抽空了，我还是期待陈可辛的《中国女排》吧
"
高绛婷,5,力荐,2019-09-30 00:01:47,552,"
《我和我的祖国》中令我印象最深的还是回归篇，“0分0秒升起中国国旗，这是我们的底线”，当国旗从升旗手的手中升起，他们挺拔的军礼，微红的双眼深深刻入了我的脑海，那种情感共鸣是从骨子里透出来的。这是吾辈之幸，能看到祖国一步步迈向强大。
"
正义B胜,3,还行,2019-09-28 23:14:17,461,"
电影其实讲的就是：为了你的祖国，你可以牺牲多少？从这个角度，当然是越软的我越喜欢，比如很多人说最烂的陈凯歌那支，因为是爱国浓度最低的，我就还挺喜欢的。基本按这个观感排序就是：宁浩＞陈凯歌＞文牧野＞徐峥＞管虎＞张一白＞薛晓路。
"
加斯珀哥哥,5,力荐,2019-09-28 18:13:53,344,"
《我和我的祖国》七位导演评分
管虎30
张一白0
徐铮60
薛晓路10
宁浩95
陈凯歌30
文牧野45
"
rovaniemi,4,推荐,2019-09-28 18:26:17,258,"
七分，整体感觉看下来不错的，但对比起来有长板有短板，不评价立意和深度，讲故事还是徐峥，宁浩，文牧野拍得最溜，比较意外的是，看预告片最不起眼的「护航」，看完电影却是最喜欢的一段。比较失望的是「回归」和「前夜」。以及张译真的是神演技，有限的台词，只凭面目表情和眼神，勾画出人物的无限内心。
"
单于立,3,还行,2019-09-28 18:13:03,307,"
《白昼流星》那集看得痛哭流涕，把主旋律命题作文拍出了《平凡的世界》的感觉
"
,2,较差,2019-10-02 00:08:42,206,"
如果建国史是一个成年人的话，他是具有深度遗忘症的人，只有童年和中年的记忆，不反思、不回忆。他的回忆方程式是中年的成功全源自童年记忆。参与国史写作的人是被挑选的，真正的人民都是煽情故事的背景板。中国导演对戏剧是不是有误解，他们的三板斧：1.煽情、最后一分钟营救，感动是第一要务。 2.人物成年的努力一定来自童年。3.高昂的歌曲必定是奏响，人多力量大。 陈凯歌导演写作文连逻辑都不要了。
"
Ocap,2,较差,2019-09-30 19:46:13,209,"
好就好在，是名副其实的“我和我的祖国”，而不仅仅是“我爱我的祖国”。→11.29 只有宁浩人本。
"
哟~,5,力荐,2019-09-30 00:08:35,552,"
看了电影，我只能说，厉害了，我的国！我很自豪和骄傲，真的！
"
Elly,5,力荐,2019-09-30 07:23:08,304,"
本以为拼盘电影没什么看头，没想到却是个非常成功的献礼片，无数次泪目，惠英红太帅了，葛优的表现一如既往地稳，昊然弟弟演出了浑然天成的痞，特别突破
"
大奇特(Grinch),3,还行,2019-09-25 17:13:56,166,"
每位创作者选取的历史横截面不同，选取的角度也不同，但是每位导演都带有明显的个人风格，包括自己熟悉的类型领域，甚至个人的成长经历。之前也看过全剧本，每一组编剧的写法也有不同的特点。个人喜欢管虎、徐峥、凯歌拍的。《前夜》属于命题作文的优秀答卷。国旗、国歌的电影之前都拍过，这次拍升旗装置就是聚焦历史大事件里小人物的瞬间，结尾用伪纪录片的方式特别好。《夺冠》将要“革命任务”还是要“儿女情长”，浓缩成一个男孩的两难处境，沪语话和全民爱体育深得《大李老李和小李》真传。《白昼流星》难度最大，很多人不喜欢是因为剧本是把航天和扶贫整合到一起，有点强扭。但我喜欢凯歌和壮壮这种第五代对于土地人的记忆，有格局和浪漫情怀，而后把精准扶贫上升到一种精神上的“站起来”，“白昼流星”也由传说中的意象变成心中的符号
"
桃桃林林,3,还行,2019-10-07 08:00:17,135,"
7分，这种集锦片很难评分，因为质量各有差异。相比之下，宁浩的《北京你好》和徐峥的《夺冠》都更喜欢，宁浩与葛优的合作，终于让葛优回到了自己最舒适的领域，整体表演很放松，也很希望宁浩与葛优之后会有长片合作啊。徐峥的部分主要是有趣，很市井，也很有回忆的味道，小朋友的情感又有其独特的趣味，其中又涉及个人与集体的选择。管虎的部分也很厉害，导演手法很娴熟。陈凯歌的部分野心很大，只不过选择的两个演员，还是不太符合角色设定，太不像穷人家孩子了。薛晓路的部分问题最大，剧作和导演能力都不好，甚至也不太符合小人物这个预设。
"
听筝,5,力荐,2019-09-30 00:05:12,510,"
一部好的电影、好的作品总是能激起观众对真善美的追求和认同，就像这部集结了中国电影梦之队的献礼片，从小人物的角度见证大中国的变迁，每一个故事都催人热泪，爱国的情怀真的是根植在每个华夏儿女的血脉深处，试问哪一个中国人又不是“此生无悔入华夏，来世还在中华家。”！
"
小圆子,3,还行,2019-09-30 16:46:27,263,"
部分与部分之间的衔接不太好。
配乐是谁你出来，不管哪一part音乐都很硬很尴尬
北京你好 本北京人很惊喜
回归 护航 白昼流星 及格以下
"
にゃんこ,5,力荐,2019-09-30 00:02:12,262,"
70周年，为阿中哥哥庆生
最近各地都在给祖国庆生，去看了电影，更加的感受到了国庆的氛围，当国歌响起国旗升起时，热血沸腾，泪有点不受控制了。
为中国骄傲自豪！
"
jj73浅之,2,较差,2019-09-28 17:31:10,84,"
短片集最残酷的点是，主创能力高下立现。谁会讲故事、谁运镜讲究、谁审美怎么样，哪个演员啥都能演、哪个演员天生讨喜，太一目了然了……
"
夏天的颜色,5,力荐,2019-09-28 21:28:38,460,"
爱国，是人世间最深层、最持久的情感，它流淌在我们的血脉里，扎根于我们的思想深处。
此番中国电影梦之队，集结优秀一线导演和演员，用最真挚的情感、最炽热的激情，最动情的诉说以及最专业的制作集体向新中国成立70周年献礼，致敬伟大祖国。
他们用七个故事，将自己对祖国的理解和情感融入电影中，最终为我们呈现了一部有温度、有细节，同时具有历史厚度的电影。
"
刘遐迩19123,3,还行,2019-09-30 22:35:25,192,"
我爱我的祖国，但我不爱这部电影。
"
李霁琛,4,推荐,2019-09-28 18:33:04,169,"
《北京你好》特别宁浩。这个短片我很喜欢，有生活感，有北京味儿，葛优这个出租司机的角色，把“我和我的祖国”里的“我”刻画得最平实自然。

"
Under Pressure,4,推荐,2019-09-30 14:14:44,151,"
喜欢《北京你好》《白昼流星》《夺冠》
"
鹿,5,力荐,2019-09-28 17:38:55,200,"
徐峥真是讲故事的天才，管虎的视觉和氛围感绝了
"
黄石南,5,力荐,2019-09-30 00:05:27,387,"
之前看到评论说七包纸巾觉得也太夸张了，没想到自己从片头曲响起就开始落泪。算起来七个故事也算亲历了五个，但有的年纪太小没有细节记忆了，有的时过境迁以为渐渐淡忘了。但在这样一部笑泪齐飞的主旋律电影中，导演和演员们，却将每个人心底最朴素的爱国情怀勾起。以时间为节点推演这个国家走过的历程，以你我这样芸芸众生的视角体验祖国的日益强大和飞速发展，最终也许只剩下一句话：此生不悔入种花～
"
不是周贝贝,4,推荐,2019-09-30 17:27:15,125,"
我和我的祖国，七个故事，各有千秋，宁浩很灵，徐峥最有趣，陈凯歌最大气电影感最强，可惜拿了个最不好的本子，葛大爷最稳，他有一种往镜头前一站，就代表了故事本身的气质，那种把任何故事娓娓道来的功力真的牛，自然而不落俗什么人物都能演。
"
孔鲤,4,推荐,2019-10-05 02:30:08,73,"
《我和我的祖国》的主角是那些明面上的角色，但其实仔细想想，你会发现这些小人物，离绝大多数人的生活其实也很遥远。这些明面上的主角都是共和国最重要那批人，没有他们绝对没有共和国的今天。但更让我感动的其实不是他们，而是开始给林治远送金属的那些人民群众，是在街上欢呼原子弹新闻的市民，是在弄堂里围观女排的那些居民，是修钟表的大叔，是听说有抢劫二话不说就去追的小摊贩，没有这些人，也更不会有共和国的今天。这才是我们和我们的祖国。
"
愿为南流景,5,力荐,2019-09-30 00:09:15,304,"
七个导演风格各异，陈凯歌擅长把控画面，宁浩擅长刻画细节，薛晓路女导演，掌控情绪是一绝。惠英红的“一秒都不可以错”是一个泪点，很细腻。
"
走了就别再回来,5,力荐,2019-09-30 00:04:05,388,"
真的看哭了好多次，我们都是小人物，但我们生活在大时代中，我们见证着经历着也创造着这个国家的历史。我为新中国骄傲，自豪！电影值得N刷！
"
哥谭市懵仔,5,力荐,2019-09-30 15:22:54,161,"
普通观众，不太喜欢 护航 和 白昼流星，其他都还行。尤其白昼流星，后半段莫名其妙。

"
咚咚咚小弟,5,力荐,2019-09-30 20:09:09,198,"
一共7个故事，每个20分钟左右，节奏比较紧凑！最喜欢《前夜》和《回归》，前夜当无数群众都来送自己家的东西的时候真的很触动！回归中音乐响起“让海风吹拂了五千年，每一滴泪珠仿佛都说出你的尊严”，真的眼泪都快出来了，白色海军装的小哥哥说他也缺个媳妇的时候笑死我了，长的挺帅，咋说话就那么土呢！原子弹爆炸成功这个觉得有点平淡！中国女排那个就真的很真实，我们小时候真的就是很多人一起看电视，很多童年记忆的电视都是这样看的，小演员演的很好！葛大爷一如既往幽默！陈飞宇和刘昊然真的太土了！最后是中二少女成长成一名优秀的空军飞行员！
"
夜夜夜夜,5,力荐,2019-09-30 00:02:26,330,"
虽然是献礼影片，但是却非常有新意。它汇聚了中国电影梦之队最棒的导演和演员们，一起庆祝新中国成立70周年，本身就很有看点。而影片取材的七个重大的历史事件，巧妙地新颖地结合了小人物的视角，无论你年龄大小，或多或少你都和影片中的小人物一样，经历过这些意义非凡的时刻。祖国今天的繁荣昌盛，我们都是她的见证者，甚至是缔造者。看完就觉得特别感动和激动。会继续努力，为祖国的繁荣富强贡献自己的微薄的力量！
"
每日可爱二百人,2,较差,2019-10-26 15:26:15,70,"
不喜欢。年度最压抑电影。每个故事都是牺牲和付出，永远都是国家最大，而中国人活着的意义只是随时待命为国奉献甚至为国捐躯，爱情舍了，家庭舍了，什么都舍了，换一个如谁所愿的盛世。五十年后如果还有这种电影，希望多拍一拍快乐轻松自由的终于可以自我实现了的中国人。真的，中国人奉献牺牲的已经太多了，也应该追追自己的梦了。
"
迷失,4,推荐,2019-09-30 16:04:03,120,"
上映前真的很期待，因为陈凯歌，因为王菲，因为预告片。看预告时就最喜欢陈凯歌的白昼流星，其次再是宁浩的北京奥运、张一白的相遇、薛晓路的回归、徐峥的夺冠，但没想到相遇拍的稀巴烂，可惜了张译的演技。回归和夺冠也只是让我感动于真实发生的那个事件，如果没有真实事件的依托，和原历史视频的插入，可能我真的要愤然离席了。剩下的前夜，我在看预告的时候就觉得不行，而护航我看完觉得没啥共鸣。所以我觉得不错的只有北京奥运和白昼流星了，这两部我觉得是完全可以单独拍一整部的，我个人也更喜欢白昼流星，因为这名字真的太好听了，而且两位青年演员也演得很不错，但这样的故事加入爱国主旋律就稍有些奇怪，如果能单拎出来拍，我希望白昼流星会是一个有着浓郁边疆文化的民族故事。
"
Citrus,5,力荐,2019-09-30 00:04:52,193,"
这七个高光时刻，记录的正是这个国家是怎样一步一步，从弱到强，从苦难走向了辉煌。
电影中记录了很多的父辈，很多的小人物。却正是千千万万个这样的小人物，推进了这个国家不停歇的发展，把这样美好的现在，交到了我们手中。
而现在，到我们了。
这一代年轻人是什么样子的，祖国的未来就是什么样子的。
一起加油吧，希望下一个高光时刻，我们不仅是见证者，更是参与者。
"
谢飞导演,3,还行,2020-05-13 19:25:47,76,"
学院要恢复评选“学院奖”，开始补看提名的2019年毕业生参与的作品。此片是命题作文，不易。离开了当时献礼的时机，观看感受就差了很多。
"
小猪撞树晕嘛晕,5,力荐,2019-09-30 19:00:38,123,"
为70亿票房做贡献！
"
袁长庚,3,还行,2019-09-30 16:25:36,119,"
十年前是大业当头资本拦路，十年后大家拼了命要在宏大叙事中塞进去个体血泪，这不是主子仁慈通达，而是社会进步倒逼。前两个故事好，好在一个人民共和国的真实情感，徐峥明亮宁浩通达，文牧野浓眉大眼的只会看姑娘。anyway，经此一役，陈凯歌是烂片王应该没有异议了吧？
"
ciao,4,推荐,2019-09-30 10:26:39,120,"
七位导演都在线 每一部各有千秋 但是能不能多花点心在每个片之间的衔接 太突兀太尴尬 最打动的故事是不包括结尾的夺冠
"
南国北郭,4,推荐,2019-09-30 22:47:22,116,"
时代和国家好大，我们好小。
"
锦瑟无端,5,力荐,2019-09-30 00:05:47,322,"
在回归故事中，仪仗队的旗手迈着铿锵有力整齐无比的步伐走到了升旗台前。看着这三个英姿飒爽的军人，将五星红旗准点升起，我太骄傲和自豪了！
"
时也,4,推荐,2019-09-30 00:09:09,286,"
听着国歌声，看到五星红旗迎风飘扬，看到白色军装的护旗手庄严地敬礼，我内心的激动无法言表。
"
下落不明,3,还行,2020-01-14 21:45:10,3,"
哎 如果是别的国家的事情 就不会有这么多的代入感了 “为什么我的眼里常含泪水/因为我对这土地爱得深沉”
"
七七八八,5,力荐,2019-09-30 00:04:55,289,"
属于中国的，寸土不让；属于中国的，分秒必争！――《回归》
"
SilentNimo,3,还行,2019-10-01 01:10:43,168,"
陈凯歌捧儿子捧过了，最尬的故事，三星给开国和女排
"
Zian,4,推荐,2019-09-30 11:24:13,73,"
最近真的是。。。被这个歌和电影刷屏了。。。看完觉得还是很不错的！这个片子最喜欢的是奥运的那个！！葛优你大爷还是你大爷，深深抓住了我的08年情节！08年可能真的每个人爱国自豪感到最高的时候了。08年的时候真的觉得未来什么都会更好。其实比较失望的反而是刘昊然的演的部分，人物态度转换的太突然了，很不自然。比较惊喜的是《护航》，拍出了飞行的一种温柔，军人下面的温柔才是最动人的，一看这个故事导演是拍《我不是药神》的文牧野，难怪！完全没有被几个老导演压下去啊！《前夜》黄渤也是演的很好，整个故事很稳当。剩下的都是及格以上，可能是其他故事太好了，所以也就没感觉了。


作为在一个特殊时刻的特殊电影，落地不同时期的不同身边人物，关注个体的家国情怀，而不是大而无当的强调大国情怀。真的是很温柔了。
"
橘子不好吃吗,5,力荐,2019-09-30 00:10:13,288,"
有笑有泪，有激情有燃点！我为祖国打电话！我和阿中哥哥永远在一起！
"
羡上林,5,力荐,2019-09-30 23:57:56,64,"
为题材打了五星，很多情节真的感人。不过七个里面难道不是陈导的最……尬？
"
千木文子,5,力荐,2019-09-30 02:34:45,72,"
迟到了半小时，一进影院，全场坐满，正好看到任素汐和张译在公交车上的那段，正好回顾了前面的剧情，我只看任素汐表演都看哭了，爱国主义满满，每个故事都有特色，宁浩牛逼！！！
"
华盛顿樱桃树,3,还行,2019-09-28 14:40:59,103,"
最棒的是所有故事都选择了小人物的视角，情感上面更能共通。项目整体的难度很大，风格难以统一，相互之前更是难以串联。更加现实的是，七个故事摆放在一起。参差感就有了。但情感都是一个情感，激动人心罢了。
"
王食欲,2,较差,2019-10-02 22:45:44,69,"
我认为田壮壮老师接陈凯歌这个戏，只能是为了去草原骑马。只能是。只能是。
"
sanyo1527,3,还行,2019-09-28 23:56:16,114,"
张一白那段本来能拍得很棒，但叙事完全依靠对话太僵了，觉得最差的是薛晓路那段，想面面俱到但哪方面也没顾到。管虎、徐峥、宁浩三段最好。
"
鬼狗杀手,5,力荐,2019-09-30 16:41:23,58,"
看着确实让人感慨万千，七个故事风格不一样，品质也不一样，但这个电影打分不需要太客观。
《前夜》开篇很精彩，导演调度，演员表演都不错。
《相遇》演员是唯一的亮点，张译任素汐非常稳，但从整个故事来看，应该是七个里面垫底的那个。
《夺冠》徐峥选的视角很有意思，整个短片明快又充满童趣。 
《回归》讲真不怎么样，但罗大佑的歌声响起的时候，还是把我看感动了，果然是因为最近发生的事，看这个短片十分感慨。
《北京你好》七个故事里我最喜欢的一个，宁浩把自己的风格融入了背景，把那年的辉煌与伤痛放在一起，主旋律拍出了小人物的反思，
《白昼流星》的画面和思想都是七个故事里面最好的，但表现出来嘛……
《护航》非常工整，文牧野是七个导演里发挥最稳定的一个。
"
大聪,4,推荐,2019-10-01 22:59:01,57,"
在比较偏的一个电影院看的《我和我的祖国》，但满座。
气氛感动，电影结束大家一起跟着唱起《我和我的祖国》，鼓掌。
北京你好>夺冠>护航>前夜>白昼流星>相遇>回归
"
叫我高舒夜,4,推荐,2019-09-28 18:29:43,91,"
陈凯歌真的不会讲故事，白昼流星一看就是上个世纪的故事，载人航天的外壳套着精准扶贫的里子，尴尬又假大空；张一白稳定发挥，贡献了第二个尴尬又无聊的片段；意外的夺冠很不错（去掉战狼片段），女排大背景下的追寻爱情的冬冬，喜欢；回归最有质感；葛大爷定海神针，宁浩稳定发挥；黄渤宋佳两段一般般，最后韩东君太特么帅了！邪魅一笑的正确打开方式。
"
字母君,3,还行,2019-09-28 18:17:31,76,"
令人惊讶的是，从《前夜》中困难重重的指令传达，到《相遇》的人物命运、《夺冠》中加于孩子身上的复杂牺牲精神和简直有恶政隐嫌疑的狗、《回归》中《东方之珠》和主人公的逃港者身份、《北京你好》中对小市民心态的呈现和数句结合时代可解读出特殊意味的台词、《白昼流星》警员审讯方式、三位主角身份和强扭的平民视角，再到最后《护航》平民视角的完全消失，几乎所有导演都在集体回忆中或主动、或被动地提取出了对集体主义、官僚作风和国民性不同程度的反思。
按喜爱程度排的话大概是：宁浩（不过题目本身也最容易发挥）＞★★★＝徐峥＞张一白（长镜头后景运用非常厉害，但水平飘忽不定）＞管虎＞★★＝陈凯歌（题目难拍，但很好地贯彻了第五代精神）＞薛晓路（出发点好，但材质处理不佳，群像也太像铺大饼）＞文牧野（不切题，而且拍得有些油腻）。
"
独孤先生,5,力荐,2019-09-30 22:01:04,69,"
葛大爷那段太有意思了
"
匡W歌,2,较差,2019-12-17 13:14:16,44,"
以小人物做切口又怎样？从剧作角度，没有哪个故事真正跳脱了样板戏范式。陈凯歌《白昼流星》直接抄用《悲惨世界》的情节。且整部片子明臭太多，槽多无口。“顺利完成升旗任务，组织和领导给你发老婆” ？“升旗任务完成得不圆满，老子一枪崩了你”？
拜托都啥年月了？我想翻一会儿白眼。从这些细节可以得见，这个国家骨子里的核心价值观从来没变过。全片唯一合格的，是《相遇》里念台词过关的任素汐，以及，戴着口罩用眼神念完了所有台词的张译。
"
frozenmoon,3,还行,2019-10-05 22:37:47,38,"
宁浩和徐峥拍得挺聪明，陈凯歌拍得太笨拙了。
"
梧桐树下你和我,4,推荐,2019-10-10 23:38:06,1,"
7个故事《前夜》《相遇》《夺冠》《回归》《北京你好》《白昼流星》《护航》以7个小人物独特的历史背景视角串联起送给祖国70年庆生的电影。其中《前夜》《相遇》《北京你好》这三个拍得特别好，最让人失望就是《回归》对于一个广东人来讲，香港97回归小人物故事太多了，薛晓路是否真的明白香港回归的情感，还有回归仪式的争分夺秒拍得相当平庸，看不出任达华作为广东佛山人回归祖国有多自豪。《白昼流星》的知青扶贫，少数民族和神舟十一号回归 之间的联系感觉特别生硬，文牧野的《护航》作为收编的最后一个故事感觉意图含糊定位不明。管虎把主旋律电影拍得红通红透的，完美诠释了“人民的选择”《相遇》无名英雄们的默默无闻构建一个美好的祖国蓝图。78分，最有艺术感的主旋律电影，最重要的是“小人物”的我们见证了整个历史伟大的进程。
"
嘟嘟熊之父,3,还行,2019-10-10 22:43:02,33,"
真的是一部热闹的电影，具体如下：

管虎：热闹是我们的
张一白：热闹是他们的
徐峥：热闹是你们的
薛晓路：热闹是谁的
宁浩：热闹是咱们的
陈凯歌：热闹是啥
文牧野：热闹是它的

宁浩那段爆哭，真的太强了，他在我心中地位直线攀升一百名。
"
stan,3,还行,2019-09-30 14:55:26,61,"
三颗星分别给第一第二和最后一个故事。最烂的是北京你好那个，特别无聊的
"
HTL,4,推荐,2019-10-01 00:05:56,74,"
7.5分。夺冠8.5分>北京你好8分>相遇7.5分>前夜7分>护航6.5分>回归4分>白昼流星0分。
"
ixuxu,4,推荐,2019-09-30 01:18:16,76,"
喜欢《夺冠》和《北京你好》，电影惊喜不大也并非震撼，是国家逐渐强大的学习片，这么多年，还是会为女排而落泪。
"
_,4,推荐,2019-09-30 01:31:52,7376,"
几个人一起看，前面排名无所谓，最差大家都很一致――白昼流星  因此扣了一星
"
悠三岁,4,推荐,2019-09-28 22:46:26,4159,"
宁浩是最好的，葛大爷是完美的。
"
影志,4,推荐,2019-09-28 22:30:04,3625,"
谁能想到呢？这可能是国庆档最好看的一部。从片头王菲主题曲开始就被渲染，看之前有主旋律的刻板印象，但当故事从一个个小人物的切口开始讲述后，就会忘掉主旋律的影子，进入这些故事。2个半小时不嫌长，7个故事亲身经历后面4个，喜欢程度按：徐峥的《夺冠》>宁浩的《北京你好》>张一白的《相遇》>管虎的《前夜》>文牧野的《护航》>陈凯歌的《白昼流星》>薛晓璐的《回归》。爬上房顶的求助张罗、陈旧的《青春之歌》、屋顶上的天线超人、一秒也不能等的东方之珠、萨马兰奇送的奥运门票、回乡的人和没能实现的飞行…每一个无名的“我”都是历史书里看不到的，有笑有泪，原来我们就是这样在历史长河中经历了生活。
"
Cool,5,力荐,2019-09-30 15:00:35,11097,"
第三段那个小男孩太棒了
"
安东,2,较差,2019-09-30 13:17:50,1920,"
就像什么呢，就像一个小伙子想对女孩表达爱意，有太多的甜言蜜语可讲，而七个小伙儿一拥而上同时表白，除了“爱爱爱”就听不到别的声音了，慷慨激昂又空洞苍白。
"
米米路亚0815,5,力荐,2019-09-30 09:29:42,5705,"
最喜欢女排那个故事，小演员太可爱了。     优叔一出现感觉过年了。
"
黄青蕉,4,推荐,2019-09-29 17:02:53,3181,"
任务型电影拍成这样可以了，难得的大时代下看到一点小人性，徐峥（居然）最佳，宁浩第二，其他正常发挥，凯歌老师…emmmmm儿子特写拍太多了哈
"
昆仑有人衣青衣,4,推荐,2019-09-28 18:11:20,1226,"
《我和我的祖国》由七位导演各执一环、按年代事件串接，虽风格各异但共成一色，十分特别。与前几个故事或昂扬或细腻或幽默不同，由陈凯歌执导、第六个亮相的《白昼流星》则大气、温暖。“李叔”于荒漠戈壁的坚守，沃德乐兄弟的迷途知返，都在陈凯歌娴熟老练的转切对接、铺垫推进中，化作沁心的感动。而故事的暖又与雄浑壮美的画面相映衬，佐证了陈凯歌的把控功力。
"
夜来,1,很差,2019-10-01 02:10:39,196,"
大型春晚合集现场
"
私享史,3,还行,2019-09-28 18:34:25,3231,"
管虎5.5分，败笔很多，用倒计时的字幕和黄渤的大量旁白解说加剧了匆忙叙事的流水账感，这个短片还用了最多的明星客串，分散焦点，增加琐碎感。
张一白6.5分，故事太简单，完全是靠任素汐的大段独白撑着，任的演技可谓信手拈来。
徐峥7.5分，七部中的最佳，最生活气息，最显时代感，最轻松愉快。唯一值得商榷的是寻常弄堂里怎么会抛出那么大一面国旗。
薛晓路7分，“一秒都不能少”这个点切得特别好，唯一的不足是任达华的角色设定太刻意，他的那条线也很牵强。
宁浩5分，用“奥运”这个命题作文生造的“一件小事”，葛大爷再能演再可乐也遮不住这个故事的空洞。
陈凯歌4.5分，把一大一小毫无关联的两件事硬凑到了一起，符合陈一贯的不着调风格。唯一值得夸的是它把故事放在了边陲。
文牧野7分，年轻导演拍出了锐气。
【南海万达】
"
已注销,4,推荐,2019-09-28 23:40:53,913,"
我永远喜欢冬冬！
"
陈一,3,还行,2019-09-28 18:37:00,1592,"
陈凯歌凭一己之力把宁浩拉上去的一星又还回去了。
"
胤祥,3,还行,2019-09-29 07:06:45,1433,"
7场“最后一分钟营救”，比的就是怎么去做这个最后一分钟营救。7部评分及个人喜好排序：管虎(4)>徐铮(4)>宁浩(3)>张一白(3)>薛晓璐(2)>文牧野(2)>陈凯歌(1,或者X)。管虎开场调子定的太高后面真的不太好追……要数管虎那段最讲究，细节、方言等等都不错（王千源逆人潮而出的那个长运动镜头相当打动人）。徐铮再次搞了一个父子之家的故事，视听和调度还都蛮有想法（这段其实相当值得分析）。宁浩那段可信度实在打折扣，否则可能还会更好。张一白虽然有两段极为精彩的电影化调度（两人在公车里坐下后车外环境，以及cue[青春之歌]的人潮），但无奈整体温吞且群演实在是有点呵呵。其余几部，薛晓璐拍得比较散乱（其实和第一段可以形成复调啊！），文牧野拍得油腻，至于凯爷，真的不知道编这么个故事要干什么……
"
发呆忘事大王,4,推荐,2019-09-30 23:11:07,719,"
陈凯歌的部分是个败笔
"
柯里昂,3,还行,2019-09-29 22:19:32,526,"
功绩和成就需要被歌颂，主旋律电影存在的合理性也从未被质疑过，与此同时如果能一并回头看看那些被遗忘的和没被正视过的苦痛，或许才是真正的进步。电影本身能看（三部之中），毕竟最好的资源都给到位了，作为献礼片难免会让人联想到2009年的那部，十年过去，跟涨了十倍的票房相比，中国电影在其它方面做出的努力和觉悟实在太缓慢太微不足道了。
"
糖小包,5,力荐,2019-09-30 00:00:32,3400,"
我以前是不怎么感冒献礼片的，这次因为朱一龙的缘故关注了我和我的祖国，才发现我比自己想象中更爱这个国家。这部献礼片的意义，是串联，是纪念，是传承，非常适合全家一起观看。
"
王大根,3,还行,2019-09-28 18:08:57,479,"
How to abandon your personal life for your c*untry, 七个故事里张一白拍的那个果然是最可怕的
"
禾子戈兀,5,力荐,2019-09-30 00:01:46,1490,"
这样的电影注定是要带着餐巾纸去的，真的后悔自己是一个00后，感觉大事发生的时候要么自己还不在，要么就是太小了，心境不成熟。还好在我即将步入成年后，能看到这样一部电影，他深深地教会了我，永远与祖国荣辱同在，远比教科书更加深刻而有力的教法，让我急切的期待着有一天能对前辈说:幸不辱命!
"
哄哄桔啊梗,5,力荐,2019-09-30 00:02:16,1935,"
《我和我的祖国》回归篇真实再现了香港回归的场景，青年演员朱一龙在其中饰演了一名护旗手，当他迈着坚定的步伐走向升旗台时，我好像也到了那个庄严肃穆的现场，那种澎湃激动的心情难以言表。
"
朴实无华的阳光,5,力荐,2019-09-30 00:02:10,760,"
《北京你好》很逗，《回归》很真实，《护航》很燃，《相遇》催泪，《夺冠》诙谐，《前夜》珍贵，《白昼流星》点燃希望。新中国成立70年了，用7个故事来致敬历史展望未来，喜欢。
"
有有,4,推荐,2019-09-30 08:28:33,387,"
七个故事，按照时间顺序，每个故事一个主题。最喜欢香港回归，北京奥运，女排夺冠，故事和主题比较贴合，白昼流星比较扯。
"
琼华校草小紫英,5,力荐,2019-09-30 00:04:23,712,"
为祖国这七十年热泪盈眶，前辈不易，吾当自强！
"
谢谢你们的鱼,1,很差,2019-12-17 10:54:04,33,"
除了陈凯歌和宁浩的故事，其余的短片里面没有人，没有人性，只有集体无意识的狂欢，最讨厌薛晓路和文牧野的那两个，连个起承转合都没有，而管虎和张一白的，毁在毫无真实感的美术上，徐峥那个掐头去尾倒是可以做一个有趣的小短片，如此的政宣篇配不上大银幕，
"
La vie,5,力荐,2019-09-30 22:19:53,445,"
妈！！！！！！！！！！
生日快乐！！！！！！！！
"
tohearof,4,推荐,2019-09-30 22:50:43,309,"
葛优满分
"
西泠,4,推荐,2019-09-30 16:02:13,261,"
拍得还行，演技还是葛优最生动，故事喜欢徐峥导的中国女排，至于陈凯歌那个太尬了，为什么这时候了还加个人物成长，内心转变，献礼片是让人思考的吗？这一思考前期所有情感铺垫都抽空了，我还是期待陈可辛的《中国女排》吧
"
高绛婷,5,力荐,2019-09-30 00:01:47,552,"
《我和我的祖国》中令我印象最深的还是回归篇，“0分0秒升起中国国旗，这是我们的底线”，当国旗从升旗手的手中升起，他们挺拔的军礼，微红的双眼深深刻入了我的脑海，那种情感共鸣是从骨子里透出来的。这是吾辈之幸，能看到祖国一步步迈向强大。
"
正义B胜,3,还行,2019-09-28 23:14:17,461,"
电影其实讲的就是：为了你的祖国，你可以牺牲多少？从这个角度，当然是越软的我越喜欢，比如很多人说最烂的陈凯歌那支，因为是爱国浓度最低的，我就还挺喜欢的。基本按这个观感排序就是：宁浩＞陈凯歌＞文牧野＞徐峥＞管虎＞张一白＞薛晓路。
"
加斯珀哥哥,5,力荐,2019-09-28 18:13:53,344,"
《我和我的祖国》七位导演评分
管虎30
张一白0
徐铮60
薛晓路10
宁浩95
陈凯歌30
文牧野45
"
rovaniemi,4,推荐,2019-09-28 18:26:17,258,"
七分，整体感觉看下来不错的，但对比起来有长板有短板，不评价立意和深度，讲故事还是徐峥，宁浩，文牧野拍得最溜，比较意外的是，看预告片最不起眼的「护航」，看完电影却是最喜欢的一段。比较失望的是「回归」和「前夜」。以及张译真的是神演技，有限的台词，只凭面目表情和眼神，勾画出人物的无限内心。
"
单于立,3,还行,2019-09-28 18:13:03,307,"
《白昼流星》那集看得痛哭流涕，把主旋律命题作文拍出了《平凡的世界》的感觉
"
,2,较差,2019-10-02 00:08:42,206,"
如果建国史是一个成年人的话，他是具有深度遗忘症的人，只有童年和中年的记忆，不反思、不回忆。他的回忆方程式是中年的成功全源自童年记忆。参与国史写作的人是被挑选的，真正的人民都是煽情故事的背景板。中国导演对戏剧是不是有误解，他们的三板斧：1.煽情、最后一分钟营救，感动是第一要务。 2.人物成年的努力一定来自童年。3.高昂的歌曲必定是奏响，人多力量大。 陈凯歌导演写作文连逻辑都不要了。
"
Ocap,2,较差,2019-09-30 19:46:13,209,"
好就好在，是名副其实的“我和我的祖国”，而不仅仅是“我爱我的祖国”。→11.29 只有宁浩人本。
"
哟~,5,力荐,2019-09-30 00:08:35,552,"
看了电影，我只能说，厉害了，我的国！我很自豪和骄傲，真的！
"
Elly,5,力荐,2019-09-30 07:23:08,304,"
本以为拼盘电影没什么看头，没想到却是个非常成功的献礼片，无数次泪目，惠英红太帅了，葛优的表现一如既往地稳，昊然弟弟演出了浑然天成的痞，特别突破
"
大奇特(Grinch),3,还行,2019-09-25 17:13:56,166,"
每位创作者选取的历史横截面不同，选取的角度也不同，但是每位导演都带有明显的个人风格，包括自己熟悉的类型领域，甚至个人的成长经历。之前也看过全剧本，每一组编剧的写法也有不同的特点。个人喜欢管虎、徐峥、凯歌拍的。《前夜》属于命题作文的优秀答卷。国旗、国歌的电影之前都拍过，这次拍升旗装置就是聚焦历史大事件里小人物的瞬间，结尾用伪纪录片的方式特别好。《夺冠》将要“革命任务”还是要“儿女情长”，浓缩成一个男孩的两难处境，沪语话和全民爱体育深得《大李老李和小李》真传。《白昼流星》难度最大，很多人不喜欢是因为剧本是把航天和扶贫整合到一起，有点强扭。但我喜欢凯歌和壮壮这种第五代对于土地人的记忆，有格局和浪漫情怀，而后把精准扶贫上升到一种精神上的“站起来”，“白昼流星”也由传说中的意象变成心中的符号
"
桃桃林林,3,还行,2019-10-07 08:00:17,135,"
7分，这种集锦片很难评分，因为质量各有差异。相比之下，宁浩的《北京你好》和徐峥的《夺冠》都更喜欢，宁浩与葛优的合作，终于让葛优回到了自己最舒适的领域，整体表演很放松，也很希望宁浩与葛优之后会有长片合作啊。徐峥的部分主要是有趣，很市井，也很有回忆的味道，小朋友的情感又有其独特的趣味，其中又涉及个人与集体的选择。管虎的部分也很厉害，导演手法很娴熟。陈凯歌的部分野心很大，只不过选择的两个演员，还是不太符合角色设定，太不像穷人家孩子了。薛晓路的部分问题最大，剧作和导演能力都不好，甚至也不太符合小人物这个预设。
"
听筝,5,力荐,2019-09-30 00:05:12,510,"
一部好的电影、好的作品总是能激起观众对真善美的追求和认同，就像这部集结了中国电影梦之队的献礼片，从小人物的角度见证大中国的变迁，每一个故事都催人热泪，爱国的情怀真的是根植在每个华夏儿女的血脉深处，试问哪一个中国人又不是“此生无悔入华夏，来世还在中华家。”！
"
小圆子,3,还行,2019-09-30 16:46:27,263,"
部分与部分之间的衔接不太好。
配乐是谁你出来，不管哪一part音乐都很硬很尴尬
北京你好 本北京人很惊喜
回归 护航 白昼流星 及格以下
"
にゃんこ,5,力荐,2019-09-30 00:02:12,262,"
70周年，为阿中哥哥庆生
最近各地都在给祖国庆生，去看了电影，更加的感受到了国庆的氛围，当国歌响起国旗升起时，热血沸腾，泪有点不受控制了。
为中国骄傲自豪！
"
jj73浅之,2,较差,2019-09-28 17:31:10,84,"
短片集最残酷的点是，主创能力高下立现。谁会讲故事、谁运镜讲究、谁审美怎么样，哪个演员啥都能演、哪个演员天生讨喜，太一目了然了……
"
夏天的颜色,5,力荐,2019-09-28 21:28:38,460,"
爱国，是人世间最深层、最持久的情感，它流淌在我们的血脉里，扎根于我们的思想深处。
此番中国电影梦之队，集结优秀一线导演和演员，用最真挚的情感、最炽热的激情，最动情的诉说以及最专业的制作集体向新中国成立70周年献礼，致敬伟大祖国。
他们用七个故事，将自己对祖国的理解和情感融入电影中，最终为我们呈现了一部有温度、有细节，同时具有历史厚度的电影。
"
刘遐迩19123,3,还行,2019-09-30 22:35:25,192,"
我爱我的祖国，但我不爱这部电影。
"
李霁琛,4,推荐,2019-09-28 18:33:04,169,"
《北京你好》特别宁浩。这个短片我很喜欢，有生活感，有北京味儿，葛优这个出租司机的角色，把“我和我的祖国”里的“我”刻画得最平实自然。

"
Under Pressure,4,推荐,2019-09-30 14:14:44,151,"
喜欢《北京你好》《白昼流星》《夺冠》
"
鹿,5,力荐,2019-09-28 17:38:55,200,"
徐峥真是讲故事的天才，管虎的视觉和氛围感绝了
"
黄石南,5,力荐,2019-09-30 00:05:27,387,"
之前看到评论说七包纸巾觉得也太夸张了，没想到自己从片头曲响起就开始落泪。算起来七个故事也算亲历了五个，但有的年纪太小没有细节记忆了，有的时过境迁以为渐渐淡忘了。但在这样一部笑泪齐飞的主旋律电影中，导演和演员们，却将每个人心底最朴素的爱国情怀勾起。以时间为节点推演这个国家走过的历程，以你我这样芸芸众生的视角体验祖国的日益强大和飞速发展，最终也许只剩下一句话：此生不悔入种花～
"
不是周贝贝,4,推荐,2019-09-30 17:27:15,125,"
我和我的祖国，七个故事，各有千秋，宁浩很灵，徐峥最有趣，陈凯歌最大气电影感最强，可惜拿了个最不好的本子，葛大爷最稳，他有一种往镜头前一站，就代表了故事本身的气质，那种把任何故事娓娓道来的功力真的牛，自然而不落俗什么人物都能演。
"
孔鲤,4,推荐,2019-10-05 02:30:08,73,"
《我和我的祖国》的主角是那些明面上的角色，但其实仔细想想，你会发现这些小人物，离绝大多数人的生活其实也很遥远。这些明面上的主角都是共和国最重要那批人，没有他们绝对没有共和国的今天。但更让我感动的其实不是他们，而是开始给林治远送金属的那些人民群众，是在街上欢呼原子弹新闻的市民，是在弄堂里围观女排的那些居民，是修钟表的大叔，是听说有抢劫二话不说就去追的小摊贩，没有这些人，也更不会有共和国的今天。这才是我们和我们的祖国。
"
愿为南流景,5,力荐,2019-09-30 00:09:15,304,"
七个导演风格各异，陈凯歌擅长把控画面，宁浩擅长刻画细节，薛晓路女导演，掌控情绪是一绝。惠英红的“一秒都不可以错”是一个泪点，很细腻。
"
走了就别再回来,5,力荐,2019-09-30 00:04:05,388,"
真的看哭了好多次，我们都是小人物，但我们生活在大时代中，我们见证着经历着也创造着这个国家的历史。我为新中国骄傲，自豪！电影值得N刷！
"
哥谭市懵仔,5,力荐,2019-09-30 15:22:54,161,"
普通观众，不太喜欢 护航 和 白昼流星，其他都还行。尤其白昼流星，后半段莫名其妙。

"
咚咚咚小弟,5,力荐,2019-09-30 20:09:09,198,"
一共7个故事，每个20分钟左右，节奏比较紧凑！最喜欢《前夜》和《回归》，前夜当无数群众都来送自己家的东西的时候真的很触动！回归中音乐响起“让海风吹拂了五千年，每一滴泪珠仿佛都说出你的尊严”，真的眼泪都快出来了，白色海军装的小哥哥说他也缺个媳妇的时候笑死我了，长的挺帅，咋说话就那么土呢！原子弹爆炸成功这个觉得有点平淡！中国女排那个就真的很真实，我们小时候真的就是很多人一起看电视，很多童年记忆的电视都是这样看的，小演员演的很好！葛大爷一如既往幽默！陈飞宇和刘昊然真的太土了！最后是中二少女成长成一名优秀的空军飞行员！
"
夜夜夜夜,5,力荐,2019-09-30 00:02:26,330,"
虽然是献礼影片，但是却非常有新意。它汇聚了中国电影梦之队最棒的导演和演员们，一起庆祝新中国成立70周年，本身就很有看点。而影片取材的七个重大的历史事件，巧妙地新颖地结合了小人物的视角，无论你年龄大小，或多或少你都和影片中的小人物一样，经历过这些意义非凡的时刻。祖国今天的繁荣昌盛，我们都是她的见证者，甚至是缔造者。看完就觉得特别感动和激动。会继续努力，为祖国的繁荣富强贡献自己的微薄的力量！
"
每日可爱二百人,2,较差,2019-10-26 15:26:15,70,"
不喜欢。年度最压抑电影。每个故事都是牺牲和付出，永远都是国家最大，而中国人活着的意义只是随时待命为国奉献甚至为国捐躯，爱情舍了，家庭舍了，什么都舍了，换一个如谁所愿的盛世。五十年后如果还有这种电影，希望多拍一拍快乐轻松自由的终于可以自我实现了的中国人。真的，中国人奉献牺牲的已经太多了，也应该追追自己的梦了。
"
迷失,4,推荐,2019-09-30 16:04:03,120,"
上映前真的很期待，因为陈凯歌，因为王菲，因为预告片。看预告时就最喜欢陈凯歌的白昼流星，其次再是宁浩的北京奥运、张一白的相遇、薛晓路的回归、徐峥的夺冠，但没想到相遇拍的稀巴烂，可惜了张译的演技。回归和夺冠也只是让我感动于真实发生的那个事件，如果没有真实事件的依托，和原历史视频的插入，可能我真的要愤然离席了。剩下的前夜，我在看预告的时候就觉得不行，而护航我看完觉得没啥共鸣。所以我觉得不错的只有北京奥运和白昼流星了，这两部我觉得是完全可以单独拍一整部的，我个人也更喜欢白昼流星，因为这名字真的太好听了，而且两位青年演员也演得很不错，但这样的故事加入爱国主旋律就稍有些奇怪，如果能单拎出来拍，我希望白昼流星会是一个有着浓郁边疆文化的民族故事。
"
Citrus,5,力荐,2019-09-30 00:04:52,193,"
这七个高光时刻，记录的正是这个国家是怎样一步一步，从弱到强，从苦难走向了辉煌。
电影中记录了很多的父辈，很多的小人物。却正是千千万万个这样的小人物，推进了这个国家不停歇的发展，把这样美好的现在，交到了我们手中。
而现在，到我们了。
这一代年轻人是什么样子的，祖国的未来就是什么样子的。
一起加油吧，希望下一个高光时刻，我们不仅是见证者，更是参与者。
"
谢飞导演,3,还行,2020-05-13 19:25:47,76,"
学院要恢复评选“学院奖”，开始补看提名的2019年毕业生参与的作品。此片是命题作文，不易。离开了当时献礼的时机，观看感受就差了很多。
"
小猪撞树晕嘛晕,5,力荐,2019-09-30 19:00:38,123,"
为70亿票房做贡献！
"
袁长庚,3,还行,2019-09-30 16:25:36,119,"
十年前是大业当头资本拦路，十年后大家拼了命要在宏大叙事中塞进去个体血泪，这不是主子仁慈通达，而是社会进步倒逼。前两个故事好，好在一个人民共和国的真实情感，徐峥明亮宁浩通达，文牧野浓眉大眼的只会看姑娘。anyway，经此一役，陈凯歌是烂片王应该没有异议了吧？
"
ciao,4,推荐,2019-09-30 10:26:39,120,"
七位导演都在线 每一部各有千秋 但是能不能多花点心在每个片之间的衔接 太突兀太尴尬 最打动的故事是不包括结尾的夺冠
"
南国北郭,4,推荐,2019-09-30 22:47:22,116,"
时代和国家好大，我们好小。
"
锦瑟无端,5,力荐,2019-09-30 00:05:47,322,"
在回归故事中，仪仗队的旗手迈着铿锵有力整齐无比的步伐走到了升旗台前。看着这三个英姿飒爽的军人，将五星红旗准点升起，我太骄傲和自豪了！
"
时也,4,推荐,2019-09-30 00:09:09,286,"
听着国歌声，看到五星红旗迎风飘扬，看到白色军装的护旗手庄严地敬礼，我内心的激动无法言表。
"
下落不明,3,还行,2020-01-14 21:45:10,3,"
哎 如果是别的国家的事情 就不会有这么多的代入感了 “为什么我的眼里常含泪水/因为我对这土地爱得深沉”
"
七七八八,5,力荐,2019-09-30 00:04:55,289,"
属于中国的，寸土不让；属于中国的，分秒必争！――《回归》
"
SilentNimo,3,还行,2019-10-01 01:10:43,168,"
陈凯歌捧儿子捧过了，最尬的故事，三星给开国和女排
"
Zian,4,推荐,2019-09-30 11:24:13,73,"
最近真的是。。。被这个歌和电影刷屏了。。。看完觉得还是很不错的！这个片子最喜欢的是奥运的那个！！葛优你大爷还是你大爷，深深抓住了我的08年情节！08年可能真的每个人爱国自豪感到最高的时候了。08年的时候真的觉得未来什么都会更好。其实比较失望的反而是刘昊然的演的部分，人物态度转换的太突然了，很不自然。比较惊喜的是《护航》，拍出了飞行的一种温柔，军人下面的温柔才是最动人的，一看这个故事导演是拍《我不是药神》的文牧野，难怪！完全没有被几个老导演压下去啊！《前夜》黄渤也是演的很好，整个故事很稳当。剩下的都是及格以上，可能是其他故事太好了，所以也就没感觉了。


作为在一个特殊时刻的特殊电影，落地不同时期的不同身边人物，关注个体的家国情怀，而不是大而无当的强调大国情怀。真的是很温柔了。
"
橘子不好吃吗,5,力荐,2019-09-30 00:10:13,288,"
有笑有泪，有激情有燃点！我为祖国打电话！我和阿中哥哥永远在一起！
"
羡上林,5,力荐,2019-09-30 23:57:56,64,"
为题材打了五星，很多情节真的感人。不过七个里面难道不是陈导的最……尬？
"
千木文子,5,力荐,2019-09-30 02:34:45,72,"
迟到了半小时，一进影院，全场坐满，正好看到任素汐和张译在公交车上的那段，正好回顾了前面的剧情，我只看任素汐表演都看哭了，爱国主义满满，每个故事都有特色，宁浩牛逼！！！
"
华盛顿樱桃树,3,还行,2019-09-28 14:40:59,103,"
最棒的是所有故事都选择了小人物的视角，情感上面更能共通。项目整体的难度很大，风格难以统一，相互之前更是难以串联。更加现实的是，七个故事摆放在一起。参差感就有了。但情感都是一个情感，激动人心罢了。
"
王食欲,2,较差,2019-10-02 22:45:44,69,"
我认为田壮壮老师接陈凯歌这个戏，只能是为了去草原骑马。只能是。只能是。
"
sanyo1527,3,还行,2019-09-28 23:56:16,114,"
张一白那段本来能拍得很棒，但叙事完全依靠对话太僵了，觉得最差的是薛晓路那段，想面面俱到但哪方面也没顾到。管虎、徐峥、宁浩三段最好。
"
鬼狗杀手,5,力荐,2019-09-30 16:41:23,58,"
看着确实让人感慨万千，七个故事风格不一样，品质也不一样，但这个电影打分不需要太客观。
《前夜》开篇很精彩，导演调度，演员表演都不错。
《相遇》演员是唯一的亮点，张译任素汐非常稳，但从整个故事来看，应该是七个里面垫底的那个。
《夺冠》徐峥选的视角很有意思，整个短片明快又充满童趣。 
《回归》讲真不怎么样，但罗大佑的歌声响起的时候，还是把我看感动了，果然是因为最近发生的事，看这个短片十分感慨。
《北京你好》七个故事里我最喜欢的一个，宁浩把自己的风格融入了背景，把那年的辉煌与伤痛放在一起，主旋律拍出了小人物的反思，
《白昼流星》的画面和思想都是七个故事里面最好的，但表现出来嘛……
《护航》非常工整，文牧野是七个导演里发挥最稳定的一个。
"
大聪,4,推荐,2019-10-01 22:59:01,57,"
在比较偏的一个电影院看的《我和我的祖国》，但满座。
气氛感动，电影结束大家一起跟着唱起《我和我的祖国》，鼓掌。
北京你好>夺冠>护航>前夜>白昼流星>相遇>回归
"
叫我高舒夜,4,推荐,2019-09-28 18:29:43,91,"
陈凯歌真的不会讲故事，白昼流星一看就是上个世纪的故事，载人航天的外壳套着精准扶贫的里子，尴尬又假大空；张一白稳定发挥，贡献了第二个尴尬又无聊的片段；意外的夺冠很不错（去掉战狼片段），女排大背景下的追寻爱情的冬冬，喜欢；回归最有质感；葛大爷定海神针，宁浩稳定发挥；黄渤宋佳两段一般般，最后韩东君太特么帅了！邪魅一笑的正确打开方式。
"
字母君,3,还行,2019-09-28 18:17:31,76,"
令人惊讶的是，从《前夜》中困难重重的指令传达，到《相遇》的人物命运、《夺冠》中加于孩子身上的复杂牺牲精神和简直有恶政隐嫌疑的狗、《回归》中《东方之珠》和主人公的逃港者身份、《北京你好》中对小市民心态的呈现和数句结合时代可解读出特殊意味的台词、《白昼流星》警员审讯方式、三位主角身份和强扭的平民视角，再到最后《护航》平民视角的完全消失，几乎所有导演都在集体回忆中或主动、或被动地提取出了对集体主义、官僚作风和国民性不同程度的反思。
按喜爱程度排的话大概是：宁浩（不过题目本身也最容易发挥）＞★★★＝徐峥＞张一白（长镜头后景运用非常厉害，但水平飘忽不定）＞管虎＞★★＝陈凯歌（题目难拍，但很好地贯彻了第五代精神）＞薛晓路（出发点好，但材质处理不佳，群像也太像铺大饼）＞文牧野（不切题，而且拍得有些油腻）。
"
独孤先生,5,力荐,2019-09-30 22:01:04,69,"
葛大爷那段太有意思了
"
匡W歌,2,较差,2019-12-17 13:14:16,44,"
以小人物做切口又怎样？从剧作角度，没有哪个故事真正跳脱了样板戏范式。陈凯歌《白昼流星》直接抄用《悲惨世界》的情节。且整部片子明臭太多，槽多无口。“顺利完成升旗任务，组织和领导给你发老婆” ？“升旗任务完成得不圆满，老子一枪崩了你”？
拜托都啥年月了？我想翻一会儿白眼。从这些细节可以得见，这个国家骨子里的核心价值观从来没变过。全片唯一合格的，是《相遇》里念台词过关的任素汐，以及，戴着口罩用眼神念完了所有台词的张译。
"
frozenmoon,3,还行,2019-10-05 22:37:47,38,"
宁浩和徐峥拍得挺聪明，陈凯歌拍得太笨拙了。
"
梧桐树下你和我,4,推荐,2019-10-10 23:38:06,1,"
7个故事《前夜》《相遇》《夺冠》《回归》《北京你好》《白昼流星》《护航》以7个小人物独特的历史背景视角串联起送给祖国70年庆生的电影。其中《前夜》《相遇》《北京你好》这三个拍得特别好，最让人失望就是《回归》对于一个广东人来讲，香港97回归小人物故事太多了，薛晓路是否真的明白香港回归的情感，还有回归仪式的争分夺秒拍得相当平庸，看不出任达华作为广东佛山人回归祖国有多自豪。《白昼流星》的知青扶贫，少数民族和神舟十一号回归 之间的联系感觉特别生硬，文牧野的《护航》作为收编的最后一个故事感觉意图含糊定位不明。管虎把主旋律电影拍得红通红透的，完美诠释了“人民的选择”《相遇》无名英雄们的默默无闻构建一个美好的祖国蓝图。78分，最有艺术感的主旋律电影，最重要的是“小人物”的我们见证了整个历史伟大的进程。
"
嘟嘟熊之父,3,还行,2019-10-10 22:43:02,33,"
真的是一部热闹的电影，具体如下：

管虎：热闹是我们的
张一白：热闹是他们的
徐峥：热闹是你们的
薛晓路：热闹是谁的
宁浩：热闹是咱们的
陈凯歌：热闹是啥
文牧野：热闹是它的

宁浩那段爆哭，真的太强了，他在我心中地位直线攀升一百名。
"
stan,3,还行,2019-09-30 14:55:26,61,"
三颗星分别给第一第二和最后一个故事。最烂的是北京你好那个，特别无聊的
"
HTL,4,推荐,2019-10-01 00:05:56,74,"
7.5分。夺冠8.5分>北京你好8分>相遇7.5分>前夜7分>护航6.5分>回归4分>白昼流星0分。
"
ixuxu,4,推荐,2019-09-30 01:18:16,76,"
喜欢《夺冠》和《北京你好》，电影惊喜不大也并非震撼，是国家逐渐强大的学习片，这么多年，还是会为女排而落泪。
"
不知道该叫什么,3,还行,2019-09-30 18:56:40,67,"
不知道为啥，看完之后其实内心没有多大的触动。我旁边的两个男生都看哭了，我一个女生内心倒还挺平静。在看到林志远的那个片段还是很有感触的，不知道是不是平时这种爱国片看太多了，所以没啥感觉？但我觉得这个立足点还是很不错的，从小人物的立场来拍
"
悠三岁,4,推荐,2019-09-28 22:46:26,4159,"
宁浩是最好的，葛大爷是完美的。
"
影志,4,推荐,2019-09-28 22:30:04,3625,"
谁能想到呢？这可能是国庆档最好看的一部。从片头王菲主题曲开始就被渲染，看之前有主旋律的刻板印象，但当故事从一个个小人物的切口开始讲述后，就会忘掉主旋律的影子，进入这些故事。2个半小时不嫌长，7个故事亲身经历后面4个，喜欢程度按：徐峥的《夺冠》>宁浩的《北京你好》>张一白的《相遇》>管虎的《前夜》>文牧野的《护航》>陈凯歌的《白昼流星》>薛晓璐的《回归》。爬上房顶的求助张罗、陈旧的《青春之歌》、屋顶上的天线超人、一秒也不能等的东方之珠、萨马兰奇送的奥运门票、回乡的人和没能实现的飞行…每一个无名的“我”都是历史书里看不到的，有笑有泪，原来我们就是这样在历史长河中经历了生活。
"
Cool,5,力荐,2019-09-30 15:00:35,11097,"
第三段那个小男孩太棒了
"
安东,2,较差,2019-09-30 13:17:50,1920,"
就像什么呢，就像一个小伙子想对女孩表达爱意，有太多的甜言蜜语可讲，而七个小伙儿一拥而上同时表白，除了“爱爱爱”就听不到别的声音了，慷慨激昂又空洞苍白。
"
米米路亚0815,5,力荐,2019-09-30 09:29:42,5705,"
最喜欢女排那个故事，小演员太可爱了。     优叔一出现感觉过年了。
"
黄青蕉,4,推荐,2019-09-29 17:02:53,3181,"
任务型电影拍成这样可以了，难得的大时代下看到一点小人性，徐峥（居然）最佳，宁浩第二，其他正常发挥，凯歌老师…emmmmm儿子特写拍太多了哈
"
昆仑有人衣青衣,4,推荐,2019-09-28 18:11:20,1226,"
《我和我的祖国》由七位导演各执一环、按年代事件串接，虽风格各异但共成一色，十分特别。与前几个故事或昂扬或细腻或幽默不同，由陈凯歌执导、第六个亮相的《白昼流星》则大气、温暖。“李叔”于荒漠戈壁的坚守，沃德乐兄弟的迷途知返，都在陈凯歌娴熟老练的转切对接、铺垫推进中，化作沁心的感动。而故事的暖又与雄浑壮美的画面相映衬，佐证了陈凯歌的把控功力。
"
夜来,1,很差,2019-10-01 02:10:39,196,"
大型春晚合集现场
"
私享史,3,还行,2019-09-28 18:34:25,3231,"
管虎5.5分，败笔很多，用倒计时的字幕和黄渤的大量旁白解说加剧了匆忙叙事的流水账感，这个短片还用了最多的明星客串，分散焦点，增加琐碎感。
张一白6.5分，故事太简单，完全是靠任素汐的大段独白撑着，任的演技可谓信手拈来。
徐峥7.5分，七部中的最佳，最生活气息，最显时代感，最轻松愉快。唯一值得商榷的是寻常弄堂里怎么会抛出那么大一面国旗。
薛晓路7分，“一秒都不能少”这个点切得特别好，唯一的不足是任达华的角色设定太刻意，他的那条线也很牵强。
宁浩5分，用“奥运”这个命题作文生造的“一件小事”，葛大爷再能演再可乐也遮不住这个故事的空洞。
陈凯歌4.5分，把一大一小毫无关联的两件事硬凑到了一起，符合陈一贯的不着调风格。唯一值得夸的是它把故事放在了边陲。
文牧野7分，年轻导演拍出了锐气。
【南海万达】
"
已注销,4,推荐,2019-09-28 23:40:53,913,"
我永远喜欢冬冬！
"
陈一,3,还行,2019-09-28 18:37:00,1592,"
陈凯歌凭一己之力把宁浩拉上去的一星又还回去了。
"
胤祥,3,还行,2019-09-29 07:06:45,1433,"
7场“最后一分钟营救”，比的就是怎么去做这个最后一分钟营救。7部评分及个人喜好排序：管虎(4)>徐铮(4)>宁浩(3)>张一白(3)>薛晓璐(2)>文牧野(2)>陈凯歌(1,或者X)。管虎开场调子定的太高后面真的不太好追……要数管虎那段最讲究，细节、方言等等都不错（王千源逆人潮而出的那个长运动镜头相当打动人）。徐铮再次搞了一个父子之家的故事，视听和调度还都蛮有想法（这段其实相当值得分析）。宁浩那段可信度实在打折扣，否则可能还会更好。张一白虽然有两段极为精彩的电影化调度（两人在公车里坐下后车外环境，以及cue[青春之歌]的人潮），但无奈整体温吞且群演实在是有点呵呵。其余几部，薛晓璐拍得比较散乱（其实和第一段可以形成复调啊！），文牧野拍得油腻，至于凯爷，真的不知道编这么个故事要干什么……
"
发呆忘事大王,4,推荐,2019-09-30 23:11:07,719,"
陈凯歌的部分是个败笔
"
柯里昂,3,还行,2019-09-29 22:19:32,526,"
功绩和成就需要被歌颂，主旋律电影存在的合理性也从未被质疑过，与此同时如果能一并回头看看那些被遗忘的和没被正视过的苦痛，或许才是真正的进步。电影本身能看（三部之中），毕竟最好的资源都给到位了，作为献礼片难免会让人联想到2009年的那部，十年过去，跟涨了十倍的票房相比，中国电影在其它方面做出的努力和觉悟实在太缓慢太微不足道了。
"
糖小包,5,力荐,2019-09-30 00:00:32,3400,"
我以前是不怎么感冒献礼片的，这次因为朱一龙的缘故关注了我和我的祖国，才发现我比自己想象中更爱这个国家。这部献礼片的意义，是串联，是纪念，是传承，非常适合全家一起观看。
"
王大根,3,还行,2019-09-28 18:08:57,479,"
How to abandon your personal life for your c*untry, 七个故事里张一白拍的那个果然是最可怕的
"
禾子戈兀,5,力荐,2019-09-30 00:01:46,1490,"
这样的电影注定是要带着餐巾纸去的，真的后悔自己是一个00后，感觉大事发生的时候要么自己还不在，要么就是太小了，心境不成熟。还好在我即将步入成年后，能看到这样一部电影，他深深地教会了我，永远与祖国荣辱同在，远比教科书更加深刻而有力的教法，让我急切的期待着有一天能对前辈说:幸不辱命!
"
哄哄桔啊梗,5,力荐,2019-09-30 00:02:16,1935,"
《我和我的祖国》回归篇真实再现了香港回归的场景，青年演员朱一龙在其中饰演了一名护旗手，当他迈着坚定的步伐走向升旗台时，我好像也到了那个庄严肃穆的现场，那种澎湃激动的心情难以言表。
"
朴实无华的阳光,5,力荐,2019-09-30 00:02:10,760,"
《北京你好》很逗，《回归》很真实，《护航》很燃，《相遇》催泪，《夺冠》诙谐，《前夜》珍贵，《白昼流星》点燃希望。新中国成立70年了，用7个故事来致敬历史展望未来，喜欢。
"
有有,4,推荐,2019-09-30 08:28:33,387,"
七个故事，按照时间顺序，每个故事一个主题。最喜欢香港回归，北京奥运，女排夺冠，故事和主题比较贴合，白昼流星比较扯。
"
琼华校草小紫英,5,力荐,2019-09-30 00:04:23,712,"
为祖国这七十年热泪盈眶，前辈不易，吾当自强！
"
谢谢你们的鱼,1,很差,2019-12-17 10:54:04,33,"
除了陈凯歌和宁浩的故事，其余的短片里面没有人，没有人性，只有集体无意识的狂欢，最讨厌薛晓路和文牧野的那两个，连个起承转合都没有，而管虎和张一白的，毁在毫无真实感的美术上，徐峥那个掐头去尾倒是可以做一个有趣的小短片，如此的政宣篇配不上大银幕，
"
La vie,5,力荐,2019-09-30 22:19:53,445,"
妈！！！！！！！！！！
生日快乐！！！！！！！！
"
tohearof,4,推荐,2019-09-30 22:50:43,309,"
葛优满分
"
西泠,4,推荐,2019-09-30 16:02:13,261,"
拍得还行，演技还是葛优最生动，故事喜欢徐峥导的中国女排，至于陈凯歌那个太尬了，为什么这时候了还加个人物成长，内心转变，献礼片是让人思考的吗？这一思考前期所有情感铺垫都抽空了，我还是期待陈可辛的《中国女排》吧
"
高绛婷,5,力荐,2019-09-30 00:01:47,552,"
《我和我的祖国》中令我印象最深的还是回归篇，“0分0秒升起中国国旗，这是我们的底线”，当国旗从升旗手的手中升起，他们挺拔的军礼，微红的双眼深深刻入了我的脑海，那种情感共鸣是从骨子里透出来的。这是吾辈之幸，能看到祖国一步步迈向强大。
"
正义B胜,3,还行,2019-09-28 23:14:17,461,"
电影其实讲的就是：为了你的祖国，你可以牺牲多少？从这个角度，当然是越软的我越喜欢，比如很多人说最烂的陈凯歌那支，因为是爱国浓度最低的，我就还挺喜欢的。基本按这个观感排序就是：宁浩＞陈凯歌＞文牧野＞徐峥＞管虎＞张一白＞薛晓路。
"
加斯珀哥哥,5,力荐,2019-09-28 18:13:53,344,"
《我和我的祖国》七位导演评分
管虎30
张一白0
徐铮60
薛晓路10
宁浩95
陈凯歌30
文牧野45
"
rovaniemi,4,推荐,2019-09-28 18:26:17,258,"
七分，整体感觉看下来不错的，但对比起来有长板有短板，不评价立意和深度，讲故事还是徐峥，宁浩，文牧野拍得最溜，比较意外的是，看预告片最不起眼的「护航」，看完电影却是最喜欢的一段。比较失望的是「回归」和「前夜」。以及张译真的是神演技，有限的台词，只凭面目表情和眼神，勾画出人物的无限内心。
"
单于立,3,还行,2019-09-28 18:13:03,307,"
《白昼流星》那集看得痛哭流涕，把主旋律命题作文拍出了《平凡的世界》的感觉
"
,2,较差,2019-10-02 00:08:42,206,"
如果建国史是一个成年人的话，他是具有深度遗忘症的人，只有童年和中年的记忆，不反思、不回忆。他的回忆方程式是中年的成功全源自童年记忆。参与国史写作的人是被挑选的，真正的人民都是煽情故事的背景板。中国导演对戏剧是不是有误解，他们的三板斧：1.煽情、最后一分钟营救，感动是第一要务。 2.人物成年的努力一定来自童年。3.高昂的歌曲必定是奏响，人多力量大。 陈凯歌导演写作文连逻辑都不要了。
"
Ocap,2,较差,2019-09-30 19:46:13,209,"
好就好在，是名副其实的“我和我的祖国”，而不仅仅是“我爱我的祖国”。→11.29 只有宁浩人本。
"
哟~,5,力荐,2019-09-30 00:08:35,552,"
看了电影，我只能说，厉害了，我的国！我很自豪和骄傲，真的！
"
Elly,5,力荐,2019-09-30 07:23:08,304,"
本以为拼盘电影没什么看头，没想到却是个非常成功的献礼片，无数次泪目，惠英红太帅了，葛优的表现一如既往地稳，昊然弟弟演出了浑然天成的痞，特别突破
"
大奇特(Grinch),3,还行,2019-09-25 17:13:56,166,"
每位创作者选取的历史横截面不同，选取的角度也不同，但是每位导演都带有明显的个人风格，包括自己熟悉的类型领域，甚至个人的成长经历。之前也看过全剧本，每一组编剧的写法也有不同的特点。个人喜欢管虎、徐峥、凯歌拍的。《前夜》属于命题作文的优秀答卷。国旗、国歌的电影之前都拍过，这次拍升旗装置就是聚焦历史大事件里小人物的瞬间，结尾用伪纪录片的方式特别好。《夺冠》将要“革命任务”还是要“儿女情长”，浓缩成一个男孩的两难处境，沪语话和全民爱体育深得《大李老李和小李》真传。《白昼流星》难度最大，很多人不喜欢是因为剧本是把航天和扶贫整合到一起，有点强扭。但我喜欢凯歌和壮壮这种第五代对于土地人的记忆，有格局和浪漫情怀，而后把精准扶贫上升到一种精神上的“站起来”，“白昼流星”也由传说中的意象变成心中的符号
"
桃桃林林,3,还行,2019-10-07 08:00:17,135,"
7分，这种集锦片很难评分，因为质量各有差异。相比之下，宁浩的《北京你好》和徐峥的《夺冠》都更喜欢，宁浩与葛优的合作，终于让葛优回到了自己最舒适的领域，整体表演很放松，也很希望宁浩与葛优之后会有长片合作啊。徐峥的部分主要是有趣，很市井，也很有回忆的味道，小朋友的情感又有其独特的趣味，其中又涉及个人与集体的选择。管虎的部分也很厉害，导演手法很娴熟。陈凯歌的部分野心很大，只不过选择的两个演员，还是不太符合角色设定，太不像穷人家孩子了。薛晓路的部分问题最大，剧作和导演能力都不好，甚至也不太符合小人物这个预设。
"
听筝,5,力荐,2019-09-30 00:05:12,510,"
一部好的电影、好的作品总是能激起观众对真善美的追求和认同，就像这部集结了中国电影梦之队的献礼片，从小人物的角度见证大中国的变迁，每一个故事都催人热泪，爱国的情怀真的是根植在每个华夏儿女的血脉深处，试问哪一个中国人又不是“此生无悔入华夏，来世还在中华家。”！
"
小圆子,3,还行,2019-09-30 16:46:27,263,"
部分与部分之间的衔接不太好。
配乐是谁你出来，不管哪一part音乐都很硬很尴尬
北京你好 本北京人很惊喜
回归 护航 白昼流星 及格以下
"
にゃんこ,5,力荐,2019-09-30 00:02:12,262,"
70周年，为阿中哥哥庆生
最近各地都在给祖国庆生，去看了电影，更加的感受到了国庆的氛围，当国歌响起国旗升起时，热血沸腾，泪有点不受控制了。
为中国骄傲自豪！
"
jj73浅之,2,较差,2019-09-28 17:31:10,84,"
短片集最残酷的点是，主创能力高下立现。谁会讲故事、谁运镜讲究、谁审美怎么样，哪个演员啥都能演、哪个演员天生讨喜，太一目了然了……
"
夏天的颜色,5,力荐,2019-09-28 21:28:38,460,"
爱国，是人世间最深层、最持久的情感，它流淌在我们的血脉里，扎根于我们的思想深处。
此番中国电影梦之队，集结优秀一线导演和演员，用最真挚的情感、最炽热的激情，最动情的诉说以及最专业的制作集体向新中国成立70周年献礼，致敬伟大祖国。
他们用七个故事，将自己对祖国的理解和情感融入电影中，最终为我们呈现了一部有温度、有细节，同时具有历史厚度的电影。
"
刘遐迩19123,3,还行,2019-09-30 22:35:25,192,"
我爱我的祖国，但我不爱这部电影。
"
李霁琛,4,推荐,2019-09-28 18:33:04,169,"
《北京你好》特别宁浩。这个短片我很喜欢，有生活感，有北京味儿，葛优这个出租司机的角色，把“我和我的祖国”里的“我”刻画得最平实自然。

"
Under Pressure,4,推荐,2019-09-30 14:14:44,151,"
喜欢《北京你好》《白昼流星》《夺冠》
"
鹿,5,力荐,2019-09-28 17:38:55,200,"
徐峥真是讲故事的天才，管虎的视觉和氛围感绝了
"
黄石南,5,力荐,2019-09-30 00:05:27,387,"
之前看到评论说七包纸巾觉得也太夸张了，没想到自己从片头曲响起就开始落泪。算起来七个故事也算亲历了五个，但有的年纪太小没有细节记忆了，有的时过境迁以为渐渐淡忘了。但在这样一部笑泪齐飞的主旋律电影中，导演和演员们，却将每个人心底最朴素的爱国情怀勾起。以时间为节点推演这个国家走过的历程，以你我这样芸芸众生的视角体验祖国的日益强大和飞速发展，最终也许只剩下一句话：此生不悔入种花～
"
不是周贝贝,4,推荐,2019-09-30 17:27:15,125,"
我和我的祖国，七个故事，各有千秋，宁浩很灵，徐峥最有趣，陈凯歌最大气电影感最强，可惜拿了个最不好的本子，葛大爷最稳，他有一种往镜头前一站，就代表了故事本身的气质，那种把任何故事娓娓道来的功力真的牛，自然而不落俗什么人物都能演。
"
孔鲤,4,推荐,2019-10-05 02:30:08,73,"
《我和我的祖国》的主角是那些明面上的角色，但其实仔细想想，你会发现这些小人物，离绝大多数人的生活其实也很遥远。这些明面上的主角都是共和国最重要那批人，没有他们绝对没有共和国的今天。但更让我感动的其实不是他们，而是开始给林治远送金属的那些人民群众，是在街上欢呼原子弹新闻的市民，是在弄堂里围观女排的那些居民，是修钟表的大叔，是听说有抢劫二话不说就去追的小摊贩，没有这些人，也更不会有共和国的今天。这才是我们和我们的祖国。
"
愿为南流景,5,力荐,2019-09-30 00:09:15,304,"
七个导演风格各异，陈凯歌擅长把控画面，宁浩擅长刻画细节，薛晓路女导演，掌控情绪是一绝。惠英红的“一秒都不可以错”是一个泪点，很细腻。
"
走了就别再回来,5,力荐,2019-09-30 00:04:05,388,"
真的看哭了好多次，我们都是小人物，但我们生活在大时代中，我们见证着经历着也创造着这个国家的历史。我为新中国骄傲，自豪！电影值得N刷！
"
哥谭市懵仔,5,力荐,2019-09-30 15:22:54,161,"
普通观众，不太喜欢 护航 和 白昼流星，其他都还行。尤其白昼流星，后半段莫名其妙。

"
咚咚咚小弟,5,力荐,2019-09-30 20:09:09,198,"
一共7个故事，每个20分钟左右，节奏比较紧凑！最喜欢《前夜》和《回归》，前夜当无数群众都来送自己家的东西的时候真的很触动！回归中音乐响起“让海风吹拂了五千年，每一滴泪珠仿佛都说出你的尊严”，真的眼泪都快出来了，白色海军装的小哥哥说他也缺个媳妇的时候笑死我了，长的挺帅，咋说话就那么土呢！原子弹爆炸成功这个觉得有点平淡！中国女排那个就真的很真实，我们小时候真的就是很多人一起看电视，很多童年记忆的电视都是这样看的，小演员演的很好！葛大爷一如既往幽默！陈飞宇和刘昊然真的太土了！最后是中二少女成长成一名优秀的空军飞行员！
"
夜夜夜夜,5,力荐,2019-09-30 00:02:26,330,"
虽然是献礼影片，但是却非常有新意。它汇聚了中国电影梦之队最棒的导演和演员们，一起庆祝新中国成立70周年，本身就很有看点。而影片取材的七个重大的历史事件，巧妙地新颖地结合了小人物的视角，无论你年龄大小，或多或少你都和影片中的小人物一样，经历过这些意义非凡的时刻。祖国今天的繁荣昌盛，我们都是她的见证者，甚至是缔造者。看完就觉得特别感动和激动。会继续努力，为祖国的繁荣富强贡献自己的微薄的力量！
"
每日可爱二百人,2,较差,2019-10-26 15:26:15,70,"
不喜欢。年度最压抑电影。每个故事都是牺牲和付出，永远都是国家最大，而中国人活着的意义只是随时待命为国奉献甚至为国捐躯，爱情舍了，家庭舍了，什么都舍了，换一个如谁所愿的盛世。五十年后如果还有这种电影，希望多拍一拍快乐轻松自由的终于可以自我实现了的中国人。真的，中国人奉献牺牲的已经太多了，也应该追追自己的梦了。
"
迷失,4,推荐,2019-09-30 16:04:03,120,"
上映前真的很期待，因为陈凯歌，因为王菲，因为预告片。看预告时就最喜欢陈凯歌的白昼流星，其次再是宁浩的北京奥运、张一白的相遇、薛晓路的回归、徐峥的夺冠，但没想到相遇拍的稀巴烂，可惜了张译的演技。回归和夺冠也只是让我感动于真实发生的那个事件，如果没有真实事件的依托，和原历史视频的插入，可能我真的要愤然离席了。剩下的前夜，我在看预告的时候就觉得不行，而护航我看完觉得没啥共鸣。所以我觉得不错的只有北京奥运和白昼流星了，这两部我觉得是完全可以单独拍一整部的，我个人也更喜欢白昼流星，因为这名字真的太好听了，而且两位青年演员也演得很不错，但这样的故事加入爱国主旋律就稍有些奇怪，如果能单拎出来拍，我希望白昼流星会是一个有着浓郁边疆文化的民族故事。
"
Citrus,5,力荐,2019-09-30 00:04:52,193,"
这七个高光时刻，记录的正是这个国家是怎样一步一步，从弱到强，从苦难走向了辉煌。
电影中记录了很多的父辈，很多的小人物。却正是千千万万个这样的小人物，推进了这个国家不停歇的发展，把这样美好的现在，交到了我们手中。
而现在，到我们了。
这一代年轻人是什么样子的，祖国的未来就是什么样子的。
一起加油吧，希望下一个高光时刻，我们不仅是见证者，更是参与者。
"
谢飞导演,3,还行,2020-05-13 19:25:47,76,"
学院要恢复评选“学院奖”，开始补看提名的2019年毕业生参与的作品。此片是命题作文，不易。离开了当时献礼的时机，观看感受就差了很多。
"
小猪撞树晕嘛晕,5,力荐,2019-09-30 19:00:38,123,"
为70亿票房做贡献！
"
袁长庚,3,还行,2019-09-30 16:25:36,119,"
十年前是大业当头资本拦路，十年后大家拼了命要在宏大叙事中塞进去个体血泪，这不是主子仁慈通达，而是社会进步倒逼。前两个故事好，好在一个人民共和国的真实情感，徐峥明亮宁浩通达，文牧野浓眉大眼的只会看姑娘。anyway，经此一役，陈凯歌是烂片王应该没有异议了吧？
"
ciao,4,推荐,2019-09-30 10:26:39,120,"
七位导演都在线 每一部各有千秋 但是能不能多花点心在每个片之间的衔接 太突兀太尴尬 最打动的故事是不包括结尾的夺冠
"
南国北郭,4,推荐,2019-09-30 22:47:22,116,"
时代和国家好大，我们好小。
"
锦瑟无端,5,力荐,2019-09-30 00:05:47,322,"
在回归故事中，仪仗队的旗手迈着铿锵有力整齐无比的步伐走到了升旗台前。看着这三个英姿飒爽的军人，将五星红旗准点升起，我太骄傲和自豪了！
"
时也,4,推荐,2019-09-30 00:09:09,286,"
听着国歌声，看到五星红旗迎风飘扬，看到白色军装的护旗手庄严地敬礼，我内心的激动无法言表。
"
下落不明,3,还行,2020-01-14 21:45:10,3,"
哎 如果是别的国家的事情 就不会有这么多的代入感了 “为什么我的眼里常含泪水/因为我对这土地爱得深沉”
"
七七八八,5,力荐,2019-09-30 00:04:55,289,"
属于中国的，寸土不让；属于中国的，分秒必争！――《回归》
"
SilentNimo,3,还行,2019-10-01 01:10:43,168,"
陈凯歌捧儿子捧过了，最尬的故事，三星给开国和女排
"
Zian,4,推荐,2019-09-30 11:24:13,73,"
最近真的是。。。被这个歌和电影刷屏了。。。看完觉得还是很不错的！这个片子最喜欢的是奥运的那个！！葛优你大爷还是你大爷，深深抓住了我的08年情节！08年可能真的每个人爱国自豪感到最高的时候了。08年的时候真的觉得未来什么都会更好。其实比较失望的反而是刘昊然的演的部分，人物态度转换的太突然了，很不自然。比较惊喜的是《护航》，拍出了飞行的一种温柔，军人下面的温柔才是最动人的，一看这个故事导演是拍《我不是药神》的文牧野，难怪！完全没有被几个老导演压下去啊！《前夜》黄渤也是演的很好，整个故事很稳当。剩下的都是及格以上，可能是其他故事太好了，所以也就没感觉了。


作为在一个特殊时刻的特殊电影，落地不同时期的不同身边人物，关注个体的家国情怀，而不是大而无当的强调大国情怀。真的是很温柔了。
"
橘子不好吃吗,5,力荐,2019-09-30 00:10:13,288,"
有笑有泪，有激情有燃点！我为祖国打电话！我和阿中哥哥永远在一起！
"
羡上林,5,力荐,2019-09-30 23:57:56,64,"
为题材打了五星，很多情节真的感人。不过七个里面难道不是陈导的最……尬？
"
千木文子,5,力荐,2019-09-30 02:34:45,72,"
迟到了半小时，一进影院，全场坐满，正好看到任素汐和张译在公交车上的那段，正好回顾了前面的剧情，我只看任素汐表演都看哭了，爱国主义满满，每个故事都有特色，宁浩牛逼！！！
"
华盛顿樱桃树,3,还行,2019-09-28 14:40:59,103,"
最棒的是所有故事都选择了小人物的视角，情感上面更能共通。项目整体的难度很大，风格难以统一，相互之前更是难以串联。更加现实的是，七个故事摆放在一起。参差感就有了。但情感都是一个情感，激动人心罢了。
"
王食欲,2,较差,2019-10-02 22:45:44,69,"
我认为田壮壮老师接陈凯歌这个戏，只能是为了去草原骑马。只能是。只能是。
"
sanyo1527,3,还行,2019-09-28 23:56:16,114,"
张一白那段本来能拍得很棒，但叙事完全依靠对话太僵了，觉得最差的是薛晓路那段，想面面俱到但哪方面也没顾到。管虎、徐峥、宁浩三段最好。
"
鬼狗杀手,5,力荐,2019-09-30 16:41:23,58,"
看着确实让人感慨万千，七个故事风格不一样，品质也不一样，但这个电影打分不需要太客观。
《前夜》开篇很精彩，导演调度，演员表演都不错。
《相遇》演员是唯一的亮点，张译任素汐非常稳，但从整个故事来看，应该是七个里面垫底的那个。
《夺冠》徐峥选的视角很有意思，整个短片明快又充满童趣。 
《回归》讲真不怎么样，但罗大佑的歌声响起的时候，还是把我看感动了，果然是因为最近发生的事，看这个短片十分感慨。
《北京你好》七个故事里我最喜欢的一个，宁浩把自己的风格融入了背景，把那年的辉煌与伤痛放在一起，主旋律拍出了小人物的反思，
《白昼流星》的画面和思想都是七个故事里面最好的，但表现出来嘛……
《护航》非常工整，文牧野是七个导演里发挥最稳定的一个。
"
大聪,4,推荐,2019-10-01 22:59:01,57,"
在比较偏的一个电影院看的《我和我的祖国》，但满座。
气氛感动，电影结束大家一起跟着唱起《我和我的祖国》，鼓掌。
北京你好>夺冠>护航>前夜>白昼流星>相遇>回归
"
叫我高舒夜,4,推荐,2019-09-28 18:29:43,91,"
陈凯歌真的不会讲故事，白昼流星一看就是上个世纪的故事，载人航天的外壳套着精准扶贫的里子，尴尬又假大空；张一白稳定发挥，贡献了第二个尴尬又无聊的片段；意外的夺冠很不错（去掉战狼片段），女排大背景下的追寻爱情的冬冬，喜欢；回归最有质感；葛大爷定海神针，宁浩稳定发挥；黄渤宋佳两段一般般，最后韩东君太特么帅了！邪魅一笑的正确打开方式。
"
字母君,3,还行,2019-09-28 18:17:31,76,"
令人惊讶的是，从《前夜》中困难重重的指令传达，到《相遇》的人物命运、《夺冠》中加于孩子身上的复杂牺牲精神和简直有恶政隐嫌疑的狗、《回归》中《东方之珠》和主人公的逃港者身份、《北京你好》中对小市民心态的呈现和数句结合时代可解读出特殊意味的台词、《白昼流星》警员审讯方式、三位主角身份和强扭的平民视角，再到最后《护航》平民视角的完全消失，几乎所有导演都在集体回忆中或主动、或被动地提取出了对集体主义、官僚作风和国民性不同程度的反思。
按喜爱程度排的话大概是：宁浩（不过题目本身也最容易发挥）＞★★★＝徐峥＞张一白（长镜头后景运用非常厉害，但水平飘忽不定）＞管虎＞★★＝陈凯歌（题目难拍，但很好地贯彻了第五代精神）＞薛晓路（出发点好，但材质处理不佳，群像也太像铺大饼）＞文牧野（不切题，而且拍得有些油腻）。
"
独孤先生,5,力荐,2019-09-30 22:01:04,69,"
葛大爷那段太有意思了
"
匡W歌,2,较差,2019-12-17 13:14:16,44,"
以小人物做切口又怎样？从剧作角度，没有哪个故事真正跳脱了样板戏范式。陈凯歌《白昼流星》直接抄用《悲惨世界》的情节。且整部片子明臭太多，槽多无口。“顺利完成升旗任务，组织和领导给你发老婆” ？“升旗任务完成得不圆满，老子一枪崩了你”？
拜托都啥年月了？我想翻一会儿白眼。从这些细节可以得见，这个国家骨子里的核心价值观从来没变过。全片唯一合格的，是《相遇》里念台词过关的任素汐，以及，戴着口罩用眼神念完了所有台词的张译。
"
frozenmoon,3,还行,2019-10-05 22:37:47,38,"
宁浩和徐峥拍得挺聪明，陈凯歌拍得太笨拙了。
"
梧桐树下你和我,4,推荐,2019-10-10 23:38:06,1,"
7个故事《前夜》《相遇》《夺冠》《回归》《北京你好》《白昼流星》《护航》以7个小人物独特的历史背景视角串联起送给祖国70年庆生的电影。其中《前夜》《相遇》《北京你好》这三个拍得特别好，最让人失望就是《回归》对于一个广东人来讲，香港97回归小人物故事太多了，薛晓路是否真的明白香港回归的情感，还有回归仪式的争分夺秒拍得相当平庸，看不出任达华作为广东佛山人回归祖国有多自豪。《白昼流星》的知青扶贫，少数民族和神舟十一号回归 之间的联系感觉特别生硬，文牧野的《护航》作为收编的最后一个故事感觉意图含糊定位不明。管虎把主旋律电影拍得红通红透的，完美诠释了“人民的选择”《相遇》无名英雄们的默默无闻构建一个美好的祖国蓝图。78分，最有艺术感的主旋律电影，最重要的是“小人物”的我们见证了整个历史伟大的进程。
"
嘟嘟熊之父,3,还行,2019-10-10 22:43:02,33,"
真的是一部热闹的电影，具体如下：

管虎：热闹是我们的
张一白：热闹是他们的
徐峥：热闹是你们的
薛晓路：热闹是谁的
宁浩：热闹是咱们的
陈凯歌：热闹是啥
文牧野：热闹是它的

宁浩那段爆哭，真的太强了，他在我心中地位直线攀升一百名。
"
stan,3,还行,2019-09-30 14:55:26,61,"
三颗星分别给第一第二和最后一个故事。最烂的是北京你好那个，特别无聊的
"
HTL,4,推荐,2019-10-01 00:05:56,74,"
7.5分。夺冠8.5分>北京你好8分>相遇7.5分>前夜7分>护航6.5分>回归4分>白昼流星0分。
"
ixuxu,4,推荐,2019-09-30 01:18:16,76,"
喜欢《夺冠》和《北京你好》，电影惊喜不大也并非震撼，是国家逐渐强大的学习片，这么多年，还是会为女排而落泪。
"
不知道该叫什么,3,还行,2019-09-30 18:56:40,67,"
不知道为啥，看完之后其实内心没有多大的触动。我旁边的两个男生都看哭了，我一个女生内心倒还挺平静。在看到林志远的那个片段还是很有感触的，不知道是不是平时这种爱国片看太多了，所以没啥感觉？但我觉得这个立足点还是很不错的，从小人物的立场来拍
"
~山南,3,还行,2019-09-28 18:17:37,83,"
陈冬冬1.0最可爱，子枫妹妹也是。上海话广东话北京话听了个遍。记忆点大概就是天安门的日出、冬冬的小披肩、任达华修的表、葛优的大耳朵和小宋佳的墨镜
"
